symbol,report_datetime_ny,after_close,eps_estimate,reported_eps
AAPL,2002-04-17 16:00,True,,
AAPL,2002-07-16 16:00,True,,
AAPL,2002-10-16 16:00,True,,
AAPL,2003-01-15 16:00,True,,
AAPL,2003-04-16 16:00,True,,
AAPL,2003-07-16 16:00,True,,
AAPL,2003-10-15 16:00,True,,
AAPL,2004-01-14 16:00,True,,
AAPL,2004-04-14 16:00,True,,
AAPL,2004-07-14 06:00,False,,
AAPL,2004-10-13 16:00,True,,
AAPL,2005-01-12 16:00,True,0.01,0.01
AAPL,2005-04-13 16:00,True,0.01,0.01
AAPL,2005-07-13 16:00,True,0.01,0.01
AAPL,2005-10-11 16:00,True,0.01,0.01
AAPL,2006-01-18 16:00,True,0.02,0.02
AAPL,2006-04-19 16:00,True,0.01,0.02
AAPL,2006-07-19 16:00,True,0.02,0.02
AAPL,2006-10-18 16:00,True,0.02,0.02
AAPL,2007-01-17 16:00,True,0.03,0.04
AAPL,2007-04-25 16:00,True,0.02,0.03
AAPL,2007-07-25 16:00,True,0.03,0.03
AAPL,2007-10-22 16:00,True,0.03,0.04
AAPL,2008-01-22 16:00,True,0.06,0.06
AAPL,2008-04-23 16:00,True,0.04,0.04
AAPL,2008-07-21 16:00,True,0.04,0.04
AAPL,2008-10-21 16:00,True,0.04,0.05
AAPL,2009-01-21 16:00,True,0.05,0.06
AAPL,2009-04-22 16:00,True,0.04,0.05
AAPL,2009-07-21 16:00,True,0.04,0.05
AAPL,2009-10-19 16:00,True,0.05,0.07
AAPL,2010-01-25 16:00,True,0.07,0.13
AAPL,2010-04-20 20:00,True,0.09,0.12
AAPL,2010-07-20 16:00,True,0.11,0.13
AAPL,2010-10-18 16:00,True,0.15,0.17
AAPL,2011-01-18 16:00,True,0.19,0.23
AAPL,2011-04-20 16:00,True,0.19,0.23
AAPL,2011-07-19 16:00,True,0.21,0.28
AAPL,2011-10-18 16:00,True,0.26,0.25
AAPL,2012-01-24 16:00,True,0.36,0.5
AAPL,2012-04-24 16:00,True,0.35,0.44
AAPL,2012-07-24 16:00,True,0.37,0.33
AAPL,2012-10-25 16:00,True,0.31,0.31
AAPL,2013-01-23 16:00,True,0.48,0.49
AAPL,2013-04-23 16:00,True,0.36,0.36
AAPL,2013-07-23 16:00,True,0.26,0.27
AAPL,2013-10-28 16:00,True,0.28,0.3
AAPL,2014-01-27 16:00,True,0.5,0.52
AAPL,2014-04-23 16:00,True,0.36,0.42
AAPL,2014-07-22 16:00,True,0.31,0.32
AAPL,2014-10-20 16:00,True,0.33,0.36
AAPL,2015-01-27 16:00,True,0.65,0.77
AAPL,2015-04-27 16:00,True,0.54,0.58
AAPL,2015-07-21 16:00,True,0.45,0.46
AAPL,2015-10-27 16:00,True,0.47,0.49
AAPL,2016-01-26 16:00,True,0.81,0.82
AAPL,2016-04-26 16:00,True,0.5,0.48
AAPL,2016-07-26 16:00,True,0.35,0.36
AAPL,2016-10-25 16:00,True,0.41,0.42
AAPL,2017-01-31 16:00,True,0.81,0.84
AAPL,2017-05-02 16:00,True,0.51,0.53
AAPL,2017-08-01 16:00,True,0.39,0.42
AAPL,2017-11-02 16:00,True,0.47,0.52
AAPL,2018-02-01 16:00,True,0.96,0.97
AAPL,2018-05-01 16:00,True,0.67,0.68
AAPL,2018-07-31 16:00,True,0.54,0.59
AAPL,2018-11-01 16:00,True,0.7,0.73
AAPL,2019-01-29 16:00,True,1.04,1.05
AAPL,2019-04-30 16:00,True,0.59,0.62
AAPL,2019-07-30 16:00,True,0.53,0.55
AAPL,2019-10-30 16:00,True,0.71,0.76
AAPL,2020-01-28 16:00,True,1.13,1.25
AAPL,2020-04-30 17:00,True,0.56,0.64
AAPL,2020-07-30 16:00,True,0.52,0.65
AAPL,2020-10-29 16:00,True,0.7,0.73
AAPL,2021-01-27 16:00,True,1.42,1.68
AAPL,2021-04-28 16:00,True,0.98,1.4
AAPL,2021-07-27 16:00,True,1.01,1.3
AAPL,2021-10-28 16:00,True,1.24,1.24
AAPL,2022-01-27 16:00,True,1.89,2.1
AAPL,2022-04-28 16:00,True,1.43,1.52
AAPL,2022-07-28 16:00,True,1.15,1.2
AAPL,2022-10-27 16:00,True,1.27,1.29
AAPL,2023-02-02 16:00,True,1.95,1.88
AAPL,2023-05-04 16:00,True,1.43,1.52
AAPL,2023-08-03 16:00,True,1.19,1.26
AAPL,2023-11-02 16:00,True,1.39,1.46
AAPL,2024-02-01 16:00,True,2.1,2.18
AAPL,2024-05-02 16:00,True,1.51,1.53
AAPL,2024-08-01 16:00,True,1.34,1.4
AAPL,2024-10-31 16:00,True,0.95,0.97
AAPL,2025-01-30 16:00,True,2.35,2.4
AAPL,2025-05-01 16:00,True,1.62,1.65
AAPL,2025-07-31 16:00,True,1.43,1.57
AAPL,2025-10-30 16:00,True,1.77,1.85
AAPL,2026-01-29 16:00,True,2.67,2.84
AAPL,2026-04-30 16:00,True,1.94,2.01
AAPL,2026-07-30 16:00,True,1.89,2.02
ADBE,2001-12-13 16:00,True,0.11,0.1
ADBE,2002-03-14 16:00,True,0.1,0.11
ADBE,2002-06-13 16:00,True,0.13,0.14
ADBE,2002-09-12 16:00,True,0.1,0.11
ADBE,2002-12-12 16:00,True,0.11,0.13
ADBE,2003-03-13 16:00,True,0.11,0.13
ADBE,2003-06-12 16:00,True,0.13,0.14
ADBE,2003-09-10 16:00,True,0.12,0.14
ADBE,2003-12-11 16:00,True,0.16,0.17
ADBE,2004-03-18 16:00,True,0.2,0.25
ADBE,2004-06-17 16:00,True,0.21,0.22
ADBE,2004-09-20 16:00,True,0.19,0.22
ADBE,2004-12-16 16:00,True,0.21,0.22
ADBE,2005-03-17 16:00,True,0.25,0.27
ADBE,2005-06-16 16:00,True,0.27,0.28
ADBE,2005-09-15 16:00,True,0.27,0.29
ADBE,2005-12-15 16:00,True,0.28,0.3
ADBE,2006-03-22 17:00,True,0.29,0.32
ADBE,2006-06-15 16:00,True,0.3,0.31
ADBE,2006-09-14 16:00,True,0.26,0.29
ADBE,2006-12-14 16:00,True,0.33,0.33
ADBE,2007-03-20 16:00,True,0.29,0.3
ADBE,2007-06-14 16:00,True,0.36,0.37
ADBE,2007-09-17 16:00,True,0.41,0.45
ADBE,2007-12-17 16:00,True,0.48,0.49
ADBE,2008-03-18 16:00,True,0.45,0.48
ADBE,2008-06-16 16:00,True,0.46,0.5
ADBE,2008-09-16 16:00,True,0.46,0.5
ADBE,2008-12-16 16:00,True,0.57,0.6
ADBE,2009-03-17 16:00,True,0.44,0.45
ADBE,2009-06-16 16:00,True,0.34,0.35
ADBE,2009-09-15 16:00,True,0.33,0.35
ADBE,2009-12-15 16:00,True,0.37,0.39
ADBE,2010-03-23 16:00,True,0.37,0.4
ADBE,2010-06-22 16:00,True,0.43,0.44
ADBE,2010-09-21 16:00,True,0.49,0.54
ADBE,2010-12-20 16:00,True,0.52,0.56
ADBE,2011-03-22 16:00,True,0.57,0.58
ADBE,2011-06-21 16:00,True,0.51,0.55
ADBE,2011-09-20 16:00,True,0.54,0.55
ADBE,2011-12-15 16:00,True,0.61,0.67
ADBE,2012-03-19 16:00,True,0.57,0.57
ADBE,2012-06-19 16:00,True,0.59,0.6
ADBE,2012-09-19 16:00,True,0.58,0.58
ADBE,2012-12-13 16:00,True,0.56,0.61
ADBE,2013-03-19 16:00,True,0.31,0.35
ADBE,2013-06-18 16:00,True,0.34,0.36
ADBE,2013-09-17 16:00,True,0.33,0.32
ADBE,2013-12-12 16:00,True,0.32,0.32
ADBE,2014-03-18 16:00,True,0.25,0.3
ADBE,2014-06-17 16:00,True,0.3,0.37
ADBE,2014-09-16 16:00,True,0.26,0.28
ADBE,2014-12-11 16:00,True,0.3,0.36
ADBE,2015-03-17 16:00,True,0.39,0.44
ADBE,2015-06-16 16:00,True,0.45,0.48
ADBE,2015-09-17 16:00,True,0.5,0.54
ADBE,2015-12-10 16:00,True,0.6,0.62
ADBE,2016-03-17 16:00,True,0.61,0.66
ADBE,2016-06-21 16:00,True,0.68,0.71
ADBE,2016-09-20 16:00,True,0.72,0.75
ADBE,2016-12-15 16:00,True,0.86,0.9
ADBE,2017-03-16 16:00,True,0.87,0.94
ADBE,2017-06-20 16:00,True,0.95,1.02
ADBE,2017-09-19 16:00,True,1.01,1.1
ADBE,2017-12-14 16:00,True,1.16,1.26
ADBE,2018-03-15 16:00,True,1.44,1.55
ADBE,2018-06-14 16:00,True,1.54,1.66
ADBE,2018-09-13 16:00,True,1.69,1.73
ADBE,2018-12-13 16:00,True,1.84,1.83
ADBE,2019-03-14 16:00,True,1.62,1.71
ADBE,2019-06-18 16:00,True,1.78,1.83
ADBE,2019-09-17 16:00,True,1.97,2.05
ADBE,2019-12-12 16:00,True,2.26,2.29
ADBE,2020-03-12 16:00,True,2.23,2.27
ADBE,2020-06-11 16:00,True,2.32,2.45
ADBE,2020-09-15 16:00,True,2.41,2.57
ADBE,2020-12-10 08:00,False,2.66,2.81
ADBE,2021-03-23 16:00,True,2.79,3.14
ADBE,2021-06-17 16:00,True,2.82,3.03
ADBE,2021-09-21 16:00,True,3.02,3.11
ADBE,2021-12-16 08:00,False,3.2,3.2
ADBE,2022-03-22 16:00,True,3.34,3.37
ADBE,2022-06-16 16:00,True,3.31,3.35
ADBE,2022-09-15 08:00,False,3.34,3.4
ADBE,2022-12-15 16:00,True,3.5,3.6
ADBE,2023-03-15 16:00,True,3.68,3.8
ADBE,2023-06-15 16:00,True,3.79,3.91
ADBE,2023-09-14 16:00,True,3.98,4.1
ADBE,2023-12-13 16:00,True,4.14,4.27
ADBE,2024-03-14 16:00,True,4.38,4.48
ADBE,2024-06-13 16:00,True,4.4,4.48
ADBE,2024-09-12 16:00,True,4.54,4.65
ADBE,2024-12-11 16:00,True,4.67,4.81
ADBE,2025-03-12 16:00,True,4.97,5.08
ADBE,2025-06-12 16:00,True,4.97,5.06
ADBE,2025-09-11 16:00,True,5.18,5.31
ADBE,2025-12-10 16:00,True,5.4,5.5
ADBE,2026-03-12 16:00,True,5.87,6.06
ADBE,2026-06-11 16:00,True,5.81,5.96
AMD,2002-01-16 17:00,True,-0.18,-0.05
AMD,2002-04-17 17:00,True,-0.06,-0.03
AMD,2002-07-17 17:00,True,-0.44,-0.54
AMD,2002-10-16 16:00,True,-0.67,-0.74
AMD,2003-01-16 16:00,True,-0.43,-0.68
AMD,2003-04-16 16:00,True,-0.49,-0.42
AMD,2003-07-16 16:00,True,-0.55,-0.4
AMD,2003-10-16 16:00,True,-0.36,-0.11
AMD,2004-01-20 16:00,True,0.04,0.09
AMD,2004-04-14 16:00,True,0.03,0.12
AMD,2004-07-14 16:00,True,0.09,0.09
AMD,2004-10-07 16:00,True,0.12,0.12
AMD,2005-01-18 16:00,True,0.07,0.05
AMD,2005-04-13 16:00,True,0.02,-0.04
AMD,2005-07-13 16:00,True,-0.05,0.03
AMD,2005-10-11 16:00,True,0.08,0.18
AMD,2006-01-18 16:00,True,0.26,0.45
AMD,2006-04-12 16:00,True,0.3,0.42
AMD,2006-07-20 16:00,True,0.2,0.18
AMD,2006-10-18 16:00,True,0.23,0.23
AMD,2007-01-23 16:00,True,0.12,-0.04
AMD,2007-04-19 16:00,True,-0.43,-0.9
AMD,2007-07-19 16:00,True,-0.79,-0.92
AMD,2007-10-18 16:00,True,-0.61,-0.49
AMD,2008-01-17 16:00,True,-0.33,-0.17
AMD,2008-04-17 16:00,True,-0.47,-0.51
AMD,2008-07-17 16:00,True,-0.52,-0.6
AMD,2008-10-16 16:00,True,-0.39,-0.18
AMD,2009-01-22 16:00,True,-0.56,-0.69
AMD,2009-04-21 16:00,True,-0.63,-0.62
AMD,2009-07-21 16:00,True,-0.51,-0.62
AMD,2009-10-15 16:00,True,-0.45,-0.18
AMD,2010-01-21 16:00,True,-0.05,-0.08
AMD,2010-04-15 15:00,False,-0.07,0.06
AMD,2010-07-15 16:00,True,0.06,0.11
AMD,2010-10-14 16:00,True,0.08,0.15
AMD,2011-01-20 16:00,True,0.11,0.14
AMD,2011-04-21 16:00,True,0.05,0.08
AMD,2011-07-21 16:00,True,0.08,0.09
AMD,2011-10-27 16:00,True,0.1,0.15
AMD,2012-01-24 16:00,True,0.16,0.19
AMD,2012-04-19 16:00,True,0.09,0.12
AMD,2012-07-19 16:00,True,0.07,0.06
AMD,2012-10-18 16:00,True,-0.16,-0.2
AMD,2013-01-22 16:00,True,-0.21,-0.14
AMD,2013-04-18 16:00,True,-0.17,-0.13
AMD,2013-07-18 16:00,True,-0.12,-0.09
AMD,2013-10-17 16:00,True,0.02,0.04
AMD,2014-01-21 16:00,True,0.06,0.06
AMD,2014-04-17 16:00,True,0.01,0.02
AMD,2014-07-17 16:00,True,0.03,0.02
AMD,2014-10-16 16:00,True,0.04,0.03
AMD,2015-01-20 16:00,True,0.01,
AMD,2015-04-16 16:00,True,-0.06,-0.09
AMD,2015-07-16 16:00,True,-0.16,-0.17
AMD,2015-10-15 16:00,True,-0.12,-0.17
AMD,2016-01-19 16:00,True,-0.1,-0.1
AMD,2016-04-21 16:00,True,-0.13,-0.12
AMD,2016-07-21 16:00,True,-0.09,-0.05
AMD,2016-10-20 16:00,True,,0.03
AMD,2017-01-31 16:00,True,-0.02,-0.01
AMD,2017-05-01 16:00,True,-0.04,-0.04
AMD,2017-07-25 16:00,True,,0.02
AMD,2017-10-24 16:00,True,0.08,0.1
AMD,2018-01-30 16:00,True,0.05,0.08
AMD,2018-04-25 16:00,True,0.09,0.11
AMD,2018-07-25 16:00,True,0.13,0.14
AMD,2018-10-24 16:00,True,0.12,0.13
AMD,2019-01-29 16:00,True,0.08,0.08
AMD,2019-04-30 16:00,True,0.06,0.06
AMD,2019-07-30 16:00,True,0.08,0.08
AMD,2019-10-29 16:00,True,0.18,0.18
AMD,2020-01-28 16:00,True,0.31,0.32
AMD,2020-04-28 17:00,True,0.18,0.18
AMD,2020-07-28 16:00,True,0.17,0.18
AMD,2020-10-27 06:00,False,0.36,0.41
AMD,2021-01-26 16:00,True,0.48,0.52
AMD,2021-04-27 16:00,True,0.44,0.52
AMD,2021-07-27 16:00,True,0.54,0.63
AMD,2021-10-26 16:00,True,0.66,0.73
AMD,2022-02-01 16:00,True,0.76,0.92
AMD,2022-05-03 16:00,True,0.92,1.13
AMD,2022-08-02 16:00,True,1.04,1.05
AMD,2022-11-01 16:00,True,0.7,0.67
AMD,2023-01-31 16:00,True,0.67,0.69
AMD,2023-05-02 16:00,True,0.56,0.6
AMD,2023-08-01 16:00,True,0.57,0.58
AMD,2023-10-31 16:00,True,0.68,0.7
AMD,2024-01-30 16:00,True,0.77,0.77
AMD,2024-04-30 16:00,True,0.61,0.62
AMD,2024-07-30 16:00,True,0.68,0.69
AMD,2024-10-29 16:00,True,0.92,0.92
AMD,2025-02-04 16:00,True,1.09,1.09
AMD,2025-05-06 16:00,True,0.93,0.96
AMD,2025-08-05 16:00,True,0.48,0.48
AMD,2025-11-04 16:00,True,1.17,1.2
AMD,2026-02-03 16:00,True,1.32,1.53
AMD,2026-05-05 16:00,True,1.29,1.37
AMD,2026-08-04 16:00,True,1.61,1.66
AMGN,2002-04-25 16:00,True,0.32,0.32
AMGN,2002-07-24 16:00,True,0.34,0.38
AMGN,2002-10-23 16:00,True,0.32,0.34
AMGN,2003-01-23 16:00,True,0.35,0.35
AMGN,2003-04-22 16:00,True,0.39,0.42
AMGN,2003-07-22 16:00,True,0.46,0.49
AMGN,2003-10-21 16:00,True,0.51,0.53
AMGN,2004-01-22 16:00,True,0.48,0.46
AMGN,2004-04-22 16:00,True,0.55,0.57
AMGN,2004-07-22 16:00,True,0.6,0.62
AMGN,2004-10-20 16:00,True,0.62,0.64
AMGN,2005-01-27 07:00,False,0.61,0.58
AMGN,2005-04-21 16:00,True,0.67,0.72
AMGN,2005-07-19 16:00,True,0.72,0.88
AMGN,2005-10-19 16:00,True,0.82,0.85
AMGN,2006-01-26 07:00,False,0.75,0.75
AMGN,2006-04-18 16:00,True,0.88,0.91
AMGN,2006-07-20 16:00,True,0.94,1.05
AMGN,2006-10-23 16:00,True,0.98,1.04
AMGN,2007-01-25 16:00,True,0.94,0.9
AMGN,2007-04-23 18:00,True,1.08,1.08
AMGN,2007-07-26 16:00,True,1.06,1.12
AMGN,2007-10-24 16:00,True,1.03,1.08
AMGN,2008-01-24 16:00,True,0.97,1.0
AMGN,2008-04-24 16:00,True,1.04,1.12
AMGN,2008-07-28 06:00,False,1.03,1.14
AMGN,2008-10-22 16:00,True,1.08,1.23
AMGN,2009-01-26 16:00,True,1.05,1.06
AMGN,2009-04-23 16:00,True,1.14,1.08
AMGN,2009-07-27 16:00,True,1.17,1.29
AMGN,2009-10-21 16:00,True,1.27,1.49
AMGN,2010-01-25 16:00,True,1.11,1.05
AMGN,2010-04-21 15:00,False,1.24,1.3
AMGN,2010-07-29 16:00,True,1.3,1.38
AMGN,2010-10-25 16:00,True,1.27,1.36
AMGN,2011-01-24 16:00,True,1.1,1.17
AMGN,2011-04-20 16:00,True,1.29,1.34
AMGN,2011-07-29 08:00,False,1.29,1.37
AMGN,2011-10-24 16:00,True,1.3,1.4
AMGN,2012-01-26 16:00,True,1.22,1.21
AMGN,2012-04-24 16:00,True,1.45,1.61
AMGN,2012-07-26 16:00,True,1.55,1.83
AMGN,2012-10-23 16:00,True,1.47,1.67
AMGN,2013-01-23 16:00,True,1.44,1.4
AMGN,2013-04-23 16:00,True,1.84,1.96
AMGN,2013-07-30 16:00,True,1.74,1.89
AMGN,2013-10-22 16:00,True,1.79,1.94
AMGN,2014-01-28 16:00,True,1.68,1.82
AMGN,2014-04-22 16:00,True,1.94,1.87
AMGN,2014-07-29 16:00,True,2.07,2.37
AMGN,2014-10-27 16:00,True,2.12,2.3
AMGN,2015-01-27 16:00,True,2.05,2.16
AMGN,2015-04-21 16:00,True,2.11,2.48
AMGN,2015-07-30 16:00,True,2.42,2.57
AMGN,2015-10-28 16:00,True,2.37,2.72
AMGN,2016-01-28 16:00,True,2.28,2.61
AMGN,2016-04-28 16:00,True,2.61,2.9
AMGN,2016-07-27 16:00,True,2.74,2.84
AMGN,2016-10-27 16:00,True,2.8,3.02
AMGN,2017-02-02 16:00,True,2.79,2.89
AMGN,2017-04-26 16:00,True,3.01,3.15
AMGN,2017-07-25 16:00,True,3.11,3.27
AMGN,2017-10-25 16:00,True,3.1,3.27
AMGN,2018-02-01 16:00,True,3.03,2.89
AMGN,2018-04-24 16:00,True,3.25,3.47
AMGN,2018-07-26 16:00,True,3.56,3.83
AMGN,2018-10-30 16:00,True,3.45,3.69
AMGN,2019-01-29 16:00,True,3.27,3.42
AMGN,2019-04-30 16:00,True,3.48,3.56
AMGN,2019-07-30 16:00,True,3.58,3.97
AMGN,2019-10-29 16:00,True,3.53,3.66
AMGN,2020-01-30 16:00,True,3.42,3.64
AMGN,2020-04-30 17:00,True,3.75,4.17
AMGN,2020-07-28 16:00,True,3.77,4.25
AMGN,2020-10-28 16:00,True,3.75,4.37
AMGN,2021-02-02 16:00,True,3.35,3.81
AMGN,2021-04-27 16:00,True,4.04,3.7
AMGN,2021-08-03 16:00,True,4.01,4.38
AMGN,2021-11-02 16:00,True,4.22,4.67
AMGN,2022-02-07 16:00,True,4.04,4.36
AMGN,2022-04-27 12:00,False,4.12,4.25
AMGN,2022-08-04 16:00,True,4.33,4.65
AMGN,2022-11-03 16:00,True,4.45,4.7
AMGN,2023-01-31 16:00,True,4.09,4.09
AMGN,2023-04-27 16:00,True,3.85,3.98
AMGN,2023-08-03 16:00,True,4.49,5.0
AMGN,2023-10-31 07:00,False,4.68,4.96
AMGN,2024-02-06 16:00,True,4.59,4.71
AMGN,2024-05-02 16:00,True,3.89,3.96
AMGN,2024-08-06 16:00,True,5.0,4.97
AMGN,2024-10-30 16:00,True,5.11,5.58
AMGN,2025-02-04 16:00,True,5.08,5.31
AMGN,2025-05-01 16:00,True,4.26,4.9
AMGN,2025-08-05 16:00,True,5.28,6.02
AMGN,2025-11-04 16:00,True,5.01,5.64
AMGN,2026-02-03 16:00,True,4.73,5.29
AMGN,2026-04-30 16:00,True,4.77,5.15
AMGN,2026-08-04 16:00,True,5.62,6.29
AMT,2002-04-30 05:00,False,-0.39,-0.3
AMT,2002-08-08 05:00,False,-0.41,-0.39
AMT,2002-11-08 08:00,False,-0.31,-0.42
AMT,2003-02-24 06:00,False,-0.28,-0.24
AMT,2003-04-30 06:00,False,-0.29,-0.29
AMT,2003-07-24 06:00,False,-0.39,-0.4
AMT,2003-10-30 06:00,False,-0.2,-0.16
AMT,2004-02-18 06:00,False,-0.17,-0.14
AMT,2004-04-27 05:00,False,-0.17,-0.18
AMT,2004-08-02 06:00,False,-0.16,-0.14
AMT,2004-10-28 06:00,False,-0.15,-0.25
AMT,2005-03-30 06:00,False,-0.16,-0.3
AMT,2005-05-04 06:00,False,-0.12,-0.15
AMT,2005-07-28 06:00,False,-0.08,-0.07
AMT,2005-11-03 06:00,False,-0.04,-0.01
AMT,2006-02-24 06:00,False,0.01,0.03
AMT,2006-04-26 06:00,False,0.01,0.03
AMT,2006-11-29 06:00,False,0.03,0.01
AMT,2007-02-20 05:00,False,0.04,0.04
AMT,2007-05-07 06:00,False,0.06,0.05
AMT,2007-08-02 05:00,False,0.05,0.05
AMT,2007-11-07 06:00,False,0.07,0.06
AMT,2008-03-14 14:00,False,0.08,0.08
AMT,2008-05-02 05:00,False,0.09,0.1
AMT,2008-07-30 05:00,False,0.12,0.12
AMT,2008-11-03 05:00,False,0.14,0.15
AMT,2009-02-26 05:00,False,0.14,0.2
AMT,2009-04-29 05:00,False,0.15,0.14
AMT,2009-07-29 06:00,False,0.17,0.13
AMT,2009-11-03 07:00,False,0.18,0.17
AMT,2010-02-24 07:00,False,0.19,0.16
AMT,2010-05-04 07:00,False,0.18,0.24
AMT,2010-08-03 07:00,False,0.2,0.25
AMT,2010-11-05 07:00,False,0.2,0.23
AMT,2011-02-23 07:00,False,0.23,0.21
AMT,2011-05-03 07:00,False,0.23,0.23
AMT,2011-08-02 07:00,False,0.23,0.29
AMT,2011-11-01 07:00,False,0.25,-0.04
AMT,2012-02-23 07:00,False,0.3,0.51
AMT,2012-05-03 07:00,False,0.41,0.56
AMT,2012-08-01 07:00,False,0.41,0.12
AMT,2012-10-31 07:00,False,0.4,0.58
AMT,2013-02-26 07:00,False,0.42,0.34
AMT,2013-05-01 07:00,False,0.48,0.51
AMT,2013-07-31 07:00,False,0.52,0.26
AMT,2013-10-30 07:00,False,0.52,0.45
AMT,2014-02-25 07:00,False,0.49,0.25
AMT,2014-05-01 07:00,False,0.5,0.51
AMT,2014-07-30 07:00,False,0.54,0.58
AMT,2014-10-30 07:00,False,0.56,0.49
AMT,2015-02-23 16:00,True,0.53,0.43
AMT,2015-04-30 07:00,False,0.52,0.46
AMT,2015-07-29 07:00,False,0.5,0.46
AMT,2015-10-29 07:00,False,0.42,0.4
AMT,2016-02-26 07:00,False,0.52,0.48
AMT,2016-04-29 07:00,False,0.53,0.58
AMT,2016-07-28 07:00,False,0.54,0.37
AMT,2016-10-27 07:00,False,0.53,0.55
AMT,2017-02-27 07:00,False,0.58,0.47
AMT,2017-04-27 07:00,False,0.67,0.79
AMT,2017-07-27 07:00,False,0.74,0.8
AMT,2017-10-31 07:00,False,0.79,0.72
AMT,2018-02-27 07:00,False,0.76,0.51
AMT,2018-05-01 07:00,False,0.77,0.76
AMT,2018-07-31 07:00,False,0.81,0.72
AMT,2018-10-30 07:00,False,0.82,0.83
AMT,2019-02-27 07:00,False,0.78,0.86
AMT,2019-05-03 07:00,False,0.84,0.93
AMT,2019-07-31 07:00,False,0.91,1.01
AMT,2019-10-31 07:00,False,0.95,1.12
AMT,2020-02-25 07:00,False,1.02,1.26
AMT,2020-04-29 07:00,False,1.03,1.0
AMT,2020-07-30 07:00,False,1.04,1.0
AMT,2020-10-29 07:00,False,1.09,1.12
AMT,2021-02-25 07:00,False,1.25,0.82
AMT,2021-04-29 07:00,False,1.25,1.3
AMT,2021-07-29 07:00,False,1.25,1.65
AMT,2021-10-28 07:00,False,1.21,1.58
AMT,2022-02-24 07:00,False,1.19,0.77
AMT,2022-04-27 07:00,False,1.08,1.56
AMT,2022-07-28 07:00,False,0.96,1.95
AMT,2022-10-27 07:00,False,1.05,1.8
AMT,2023-02-23 07:00,False,1.05,-1.47
AMT,2023-04-26 07:00,False,1.11,0.72
AMT,2023-07-27 07:00,False,1.08,1.02
AMT,2023-10-26 07:00,False,1.13,1.88
AMT,2024-02-27 07:00,False,0.94,0.25
AMT,2024-04-30 07:00,False,1.76,1.96
AMT,2024-07-30 07:00,False,1.58,1.92
AMT,2024-10-29 07:00,False,1.55,0.89
AMT,2025-02-25 07:00,False,1.98,2.62
AMT,2025-04-29 07:00,False,1.57,1.04
AMT,2025-07-29 07:00,False,1.66,0.78
AMT,2025-10-28 07:00,False,1.65,1.82
AMT,2026-02-24 07:00,False,1.47,1.75
AMT,2026-04-28 07:00,False,1.57,1.84
AMT,2026-07-28 07:00,False,1.55,1.87
AMZN,2002-04-23 16:00,True,-0.01,-0.01
AMZN,2002-07-23 17:00,True,,
AMZN,2002-10-24 16:00,True,,
AMZN,2003-01-23 16:00,True,0.01,0.01
AMZN,2003-04-24 16:00,True,,0.01
AMZN,2003-07-22 16:00,True,,0.01
AMZN,2003-10-21 16:00,True,,0.01
AMZN,2004-01-27 16:00,True,0.01,0.01
AMZN,2004-04-22 16:00,True,0.01,0.01
AMZN,2004-07-22 16:00,True,0.01,0.01
AMZN,2004-10-21 16:00,True,0.01,0.01
AMZN,2005-02-02 16:00,True,0.02,0.02
AMZN,2005-04-26 16:00,True,0.01,0.01
AMZN,2005-07-26 16:00,True,,0.01
AMZN,2005-10-25 16:00,True,0.01,0.01
AMZN,2006-02-02 16:00,True,0.01,0.01
AMZN,2006-04-25 16:00,True,0.01,0.01
AMZN,2006-07-25 16:00,True,,
AMZN,2006-10-24 16:00,True,,
AMZN,2007-02-01 16:00,True,0.01,0.01
AMZN,2007-04-24 16:00,True,0.01,0.01
AMZN,2007-07-24 16:00,True,0.01,0.01
AMZN,2007-10-23 16:00,True,0.01,0.01
AMZN,2008-01-30 16:00,True,0.02,0.02
AMZN,2008-04-23 16:00,True,0.02,0.02
AMZN,2008-07-23 16:00,True,0.01,0.02
AMZN,2008-10-22 16:00,True,0.01,0.01
AMZN,2009-01-29 16:00,True,0.02,0.03
AMZN,2009-04-23 16:00,True,0.02,0.02
AMZN,2009-07-23 16:00,True,0.02,0.02
AMZN,2009-10-22 16:00,True,0.02,0.02
AMZN,2010-01-28 16:00,True,0.04,0.04
AMZN,2010-04-22 16:00,True,0.03,0.03
AMZN,2010-07-22 16:00,True,0.03,0.02
AMZN,2010-10-21 16:00,True,0.02,0.03
AMZN,2011-01-27 16:00,True,0.04,0.05
AMZN,2011-04-26 16:00,True,0.03,0.02
AMZN,2011-07-26 16:00,True,0.02,0.02
AMZN,2011-10-25 16:00,True,0.01,0.01
AMZN,2012-01-31 16:00,True,0.01,0.02
AMZN,2012-04-26 16:00,True,,0.01
AMZN,2012-07-26 16:00,True,,
AMZN,2012-10-25 16:00,True,,-0.03
AMZN,2013-01-29 16:00,True,0.01,0.01
AMZN,2013-04-25 16:00,True,,0.01
AMZN,2013-07-25 16:00,True,,
AMZN,2013-10-24 16:00,True,,
AMZN,2014-01-30 16:00,True,0.03,0.03
AMZN,2014-04-24 16:00,True,0.01,0.01
AMZN,2014-07-24 16:00,True,-0.01,-0.01
AMZN,2014-10-23 16:00,True,-0.04,-0.05
AMZN,2015-01-29 16:00,True,0.01,0.02
AMZN,2015-04-23 16:00,True,-0.01,-0.01
AMZN,2015-07-23 16:00,True,-0.01,0.01
AMZN,2015-10-22 16:00,True,-0.01,0.01
AMZN,2016-01-28 16:00,True,0.08,0.05
AMZN,2016-04-28 16:00,True,0.03,0.05
AMZN,2016-07-28 16:00,True,0.05,0.09
AMZN,2016-10-27 16:00,True,0.04,0.03
AMZN,2017-02-02 16:00,True,0.07,0.08
AMZN,2017-04-27 16:00,True,0.06,0.07
AMZN,2017-07-27 16:00,True,0.07,0.02
AMZN,2017-10-26 16:00,True,,0.03
AMZN,2018-02-01 16:00,True,0.09,0.11
AMZN,2018-04-26 16:00,True,0.06,0.16
AMZN,2018-07-26 16:00,True,0.13,0.25
AMZN,2018-10-25 16:00,True,0.15,0.29
AMZN,2019-01-31 16:00,True,0.28,0.3
AMZN,2019-04-25 16:00,True,0.23,0.35
AMZN,2019-07-25 16:00,True,0.28,0.26
AMZN,2019-10-24 16:00,True,0.22,0.21
AMZN,2020-01-30 16:00,True,0.2,0.32
AMZN,2020-04-30 17:00,True,0.31,0.25
AMZN,2020-07-30 16:00,True,0.08,0.52
AMZN,2020-10-29 16:00,True,0.38,0.62
AMZN,2021-02-02 16:00,True,0.35,0.7
AMZN,2021-04-29 16:00,True,0.47,0.79
AMZN,2021-07-29 16:00,True,0.61,0.76
AMZN,2021-10-28 16:00,True,0.44,0.31
AMZN,2022-02-03 16:00,True,0.18,1.39
AMZN,2022-04-28 16:00,True,0.42,-0.38
AMZN,2022-07-28 16:00,True,0.12,-0.2
AMZN,2022-10-27 16:00,True,0.21,0.28
AMZN,2023-02-02 16:00,True,0.17,0.03
AMZN,2023-04-27 16:00,True,0.21,0.31
AMZN,2023-08-03 16:00,True,0.34,0.65
AMZN,2023-10-26 16:00,True,0.58,0.94
AMZN,2024-02-01 16:00,True,0.8,1.0
AMZN,2024-04-30 16:00,True,0.83,0.98
AMZN,2024-08-01 12:00,False,1.02,1.26
AMZN,2024-10-31 16:00,True,1.14,1.43
AMZN,2025-02-06 16:00,True,1.48,1.86
AMZN,2025-05-01 16:00,True,1.36,1.59
AMZN,2025-07-31 16:00,True,1.32,1.68
AMZN,2025-10-30 16:00,True,1.56,1.95
AMZN,2026-02-05 16:00,True,1.95,1.95
AMZN,2026-04-29 16:00,True,1.64,2.78
AMZN,2026-07-30 16:00,True,1.83,5.75
AVGO,2009-12-03 16:00,True,0.02,0.03
AVGO,2010-02-24 16:00,True,0.03,0.03
AVGO,2010-05-26 16:00,True,0.04,0.05
AVGO,2010-08-24 16:00,True,0.05,0.05
AVGO,2010-09-01 20:00,True,0.02,0.01
AVGO,2010-12-02 16:00,True,0.06,0.07
AVGO,2011-02-23 16:00,True,0.05,0.07
AVGO,2011-05-24 16:00,True,0.06,0.06
AVGO,2011-08-23 16:00,True,0.07,0.07
AVGO,2011-12-01 16:00,True,0.07,0.07
AVGO,2012-02-22 16:00,True,0.06,0.06
AVGO,2012-05-22 16:00,True,0.06,0.07
AVGO,2012-08-16 16:00,True,0.07,0.07
AVGO,2012-11-29 16:00,True,0.07,0.08
AVGO,2013-02-26 16:00,True,0.06,0.07
AVGO,2013-05-29 16:00,True,0.06,0.06
AVGO,2013-08-27 16:00,True,0.07,0.07
AVGO,2013-12-04 16:00,True,0.08,0.09
AVGO,2014-02-25 16:00,True,0.08,0.08
AVGO,2014-05-29 16:00,True,0.08,0.09
AVGO,2014-08-28 16:00,True,0.11,0.13
AVGO,2014-12-03 16:00,True,0.17,0.2
AVGO,2015-02-25 16:00,True,0.19,0.21
AVGO,2015-05-28 07:00,False,0.2,0.21
AVGO,2015-08-26 16:00,True,0.21,0.22
AVGO,2015-12-02 16:00,True,0.24,0.25
AVGO,2016-03-03 16:00,True,0.23,0.24
AVGO,2016-06-02 16:00,True,0.24,0.25
AVGO,2016-09-01 16:00,True,0.28,0.29
AVGO,2016-12-08 16:00,True,0.34,0.35
AVGO,2017-03-01 16:00,True,0.35,0.36
AVGO,2017-06-01 16:00,True,0.35,0.37
AVGO,2017-08-24 16:00,True,0.4,0.41
AVGO,2017-12-06 16:00,True,0.45,0.46
AVGO,2018-03-15 16:00,True,0.51,0.51
AVGO,2018-06-07 16:00,True,0.47,0.49
AVGO,2018-09-06 16:00,True,0.48,0.5
AVGO,2018-12-06 16:00,True,0.56,0.59
AVGO,2019-03-14 16:00,True,0.52,0.56
AVGO,2019-06-13 16:00,True,0.52,0.52
AVGO,2019-09-12 16:00,True,0.51,0.52
AVGO,2019-12-12 16:00,True,0.54,0.54
AVGO,2020-03-12 16:00,True,0.54,0.53
AVGO,2020-06-04 16:00,True,0.51,0.51
AVGO,2020-09-03 16:00,True,0.52,0.54
AVGO,2020-12-10 16:00,True,0.62,0.64
AVGO,2021-03-04 16:00,True,0.66,0.66
AVGO,2021-06-03 16:00,True,0.65,0.66
AVGO,2021-09-02 16:00,True,0.69,0.7
AVGO,2021-12-09 16:00,True,0.78,0.78
AVGO,2022-03-03 16:00,True,0.81,0.84
AVGO,2022-05-26 07:00,False,0.87,0.91
AVGO,2022-09-01 16:00,True,0.95,0.97
AVGO,2022-12-08 16:00,True,1.03,1.05
AVGO,2023-03-02 16:00,True,1.02,1.03
AVGO,2023-06-01 16:00,True,1.01,1.03
AVGO,2023-08-31 16:00,True,1.04,1.05
AVGO,2023-12-07 16:00,True,1.1,1.11
AVGO,2024-03-07 16:00,True,1.04,1.1
AVGO,2024-06-12 16:00,True,1.08,1.1
AVGO,2024-09-05 16:00,True,1.21,1.24
AVGO,2024-12-12 16:00,True,1.39,1.42
AVGO,2025-03-06 16:00,True,1.51,1.6
AVGO,2025-06-05 16:00,True,1.57,1.58
AVGO,2025-09-04 16:00,True,1.66,1.69
AVGO,2025-12-11 16:00,True,1.87,1.95
AVGO,2026-03-04 16:00,True,2.02,2.05
AVGO,2026-06-03 16:00,True,2.4,2.44
AVGO,2026-09-02 16:00,True,3.24,
BA,2002-01-23 08:00,False,0.89,0.9
BA,2002-04-17 08:00,False,0.84,0.75
BA,2002-07-17 08:00,False,0.8,0.92
BA,2002-10-16 08:00,False,0.47,0.46
BA,2003-01-30 08:00,False,0.71,0.71
BA,2003-04-23 08:00,False,0.24,0.42
BA,2003-07-23 08:00,False,-0.43,-0.24
BA,2003-10-29 08:00,False,0.26,0.32
BA,2004-01-29 08:00,False,0.51,0.5
BA,2004-04-28 08:00,False,0.44,0.65
BA,2004-07-28 08:00,False,0.47,0.5
BA,2004-10-27 07:00,False,0.41,0.44
BA,2005-02-02 07:00,False,0.11,0.11
BA,2005-04-27 07:00,False,0.55,0.57
BA,2005-07-27 07:00,False,0.61,0.79
BA,2005-10-26 07:00,False,0.78,0.69
BA,2006-02-01 07:00,False,0.47,0.59
BA,2006-04-26 07:00,False,0.76,0.85
BA,2006-07-26 07:00,False,-0.2,-0.21
BA,2006-10-25 07:00,False,0.63,0.89
BA,2007-01-31 07:00,False,0.97,1.16
BA,2007-04-25 07:00,False,1.01,1.12
BA,2007-07-25 07:00,False,1.16,1.35
BA,2007-10-24 07:00,False,1.24,1.43
BA,2008-01-30 07:00,False,1.32,1.36
BA,2008-04-23 07:00,False,1.36,1.61
BA,2008-07-23 07:00,False,1.24,1.16
BA,2008-10-22 07:00,False,1.0,0.94
BA,2009-01-28 07:00,False,0.78,0.62
BA,2009-04-22 07:00,False,0.91,0.87
BA,2009-07-22 07:00,False,1.21,1.41
BA,2009-10-21 07:00,False,-2.07,-2.22
BA,2010-01-27 07:00,False,1.36,1.77
BA,2010-04-21 06:00,False,0.73,0.7
BA,2010-07-28 07:00,False,1.03,1.06
BA,2010-10-20 07:00,False,1.07,1.12
BA,2011-01-26 07:00,False,1.12,1.11
BA,2011-04-27 07:00,False,0.7,0.78
BA,2011-07-27 07:00,False,0.98,1.25
BA,2011-10-26 07:00,False,1.11,1.46
BA,2012-01-25 07:00,False,1.02,1.32
BA,2012-04-25 07:00,False,0.95,1.22
BA,2012-07-25 07:00,False,1.11,1.27
BA,2012-10-24 07:00,False,1.12,1.35
BA,2013-01-30 07:00,False,1.2,1.28
BA,2013-04-24 07:00,False,1.49,1.73
BA,2013-07-24 07:00,False,1.55,1.67
BA,2013-10-23 07:00,False,1.55,1.8
BA,2014-01-29 07:00,False,1.57,1.88
BA,2014-04-23 07:00,False,1.56,1.76
BA,2014-07-23 07:00,False,1.99,2.42
BA,2014-10-22 07:00,False,1.96,2.14
BA,2015-01-28 07:00,False,2.12,2.31
BA,2015-04-22 07:00,False,1.81,1.97
BA,2015-07-22 07:00,False,1.38,1.62
BA,2015-10-21 07:00,False,2.19,2.52
BA,2016-01-27 07:00,False,1.28,1.6
BA,2016-04-27 07:00,False,1.85,1.74
BA,2016-07-27 07:00,False,2.24,2.79
BA,2016-10-26 07:00,False,2.62,3.51
BA,2017-01-25 07:00,False,2.33,2.47
BA,2017-04-26 07:00,False,1.91,2.01
BA,2017-07-26 07:00,False,2.29,2.55
BA,2017-10-25 07:00,False,2.66,2.72
BA,2018-01-31 07:00,False,2.88,3.06
BA,2018-04-25 07:00,False,2.61,3.64
BA,2018-07-25 07:00,False,3.27,3.33
BA,2018-10-24 07:00,False,3.46,3.58
BA,2019-01-30 07:00,False,4.55,5.48
BA,2019-04-24 07:00,False,3.19,3.16
BA,2019-07-24 07:00,False,-6.66,-5.82
BA,2019-10-23 07:00,False,2.11,1.45
BA,2020-01-29 07:00,False,-1.18,-2.33
BA,2020-04-29 07:00,False,-1.49,-1.7
BA,2020-07-29 07:00,False,-2.53,-4.79
BA,2020-10-28 07:00,False,-2.21,-1.39
BA,2021-01-27 07:00,False,-1.65,-15.25
BA,2021-04-28 12:00,False,-1.09,-1.53
BA,2021-07-28 07:00,False,-0.73,0.4
BA,2021-10-27 07:00,False,-0.15,-0.6
BA,2022-01-26 07:00,False,-0.16,-7.69
BA,2022-04-27 07:00,False,-0.25,-2.75
BA,2022-07-27 07:00,False,-0.11,-0.37
BA,2022-10-26 07:00,False,0.09,-6.18
BA,2023-01-25 07:00,False,0.2,-1.75
BA,2023-04-26 07:00,False,-1.05,-1.27
BA,2023-07-26 07:00,False,-0.89,-0.82
BA,2023-10-25 07:00,False,-2.61,-3.26
BA,2024-01-31 07:00,False,-0.79,-0.47
BA,2024-04-24 07:00,False,-1.52,-1.13
BA,2024-07-31 07:00,False,-2.01,-2.9
BA,2024-10-23 07:00,False,-8.72,-10.44
BA,2025-01-28 07:00,False,-3.78,-5.9
BA,2025-04-23 07:00,False,-1.3,-0.49
BA,2025-07-29 07:00,False,-1.27,-1.24
BA,2025-10-29 07:00,False,-2.38,-7.47
BA,2026-01-27 07:00,False,-0.41,9.92
BA,2026-04-22 07:00,False,-0.67,-0.2
BA,2026-07-28 07:00,False,-0.31,-0.76
BAC,2002-04-15 07:00,False,0.67,0.69
BAC,2002-07-15 07:00,False,0.7,0.7
BAC,2002-10-15 07:00,False,0.71,0.73
BAC,2003-01-15 17:00,True,0.83,0.85
BAC,2003-04-14 07:00,False,0.74,0.8
BAC,2003-07-14 06:00,False,0.78,0.9
BAC,2003-10-14 06:00,False,0.85,0.96
BAC,2004-01-15 06:00,False,0.89,0.92
BAC,2004-04-14 07:00,False,0.9,0.92
BAC,2004-07-14 07:00,False,0.87,0.95
BAC,2004-10-14 06:00,False,0.91,0.95
BAC,2005-01-18 06:00,False,0.94,0.98
BAC,2005-04-18 06:00,False,0.97,1.16
BAC,2005-07-18 06:00,False,1.01,1.08
BAC,2005-10-19 06:00,False,1.06,1.04
BAC,2006-01-23 06:00,False,1.02,0.94
BAC,2006-04-20 06:00,False,1.0,1.08
BAC,2006-07-19 07:00,False,1.1,1.22
BAC,2006-10-19 06:00,False,1.16,1.22
BAC,2007-01-23 06:00,False,1.18,1.19
BAC,2007-04-19 07:00,False,1.15,1.17
BAC,2007-07-19 07:00,False,1.2,1.3
BAC,2007-10-18 07:00,False,1.04,0.82
BAC,2008-01-22 07:00,False,0.19,-0.15
BAC,2008-04-21 07:00,False,0.45,0.26
BAC,2008-07-21 07:00,False,0.51,0.72
BAC,2008-10-06 16:00,True,0.61,0.15
BAC,2009-01-16 06:00,False,0.05,-0.48
BAC,2009-04-20 07:00,False,0.07,0.17
BAC,2009-07-17 07:00,False,0.31,0.33
BAC,2009-10-16 07:00,False,-0.02,-0.05
BAC,2010-04-16 06:00,False,0.11,0.28
BAC,2010-04-19 03:00,False,-0.52,-0.6
BAC,2010-07-16 07:00,False,0.23,0.27
BAC,2010-10-19 06:00,False,0.17,0.27
BAC,2011-01-21 07:00,False,0.16,0.04
BAC,2011-04-15 07:00,False,0.27,0.17
BAC,2011-07-19 07:00,False,0.3,0.33
BAC,2011-10-18 07:00,False,0.2,0.27
BAC,2012-01-19 07:00,False,0.16,0.15
BAC,2012-04-19 07:00,False,0.12,0.31
BAC,2012-07-18 07:00,False,0.13,0.15
BAC,2012-10-17 07:00,False,-0.08,
BAC,2013-01-17 07:00,False,0.2,0.21
BAC,2013-04-17 07:00,False,0.22,0.2
BAC,2013-07-17 07:00,False,0.26,0.32
BAC,2013-10-16 07:00,False,0.19,0.2
BAC,2014-01-15 07:00,False,0.26,0.29
BAC,2014-04-16 07:00,False,0.05,-0.05
BAC,2014-07-16 07:00,False,0.12,0.19
BAC,2014-10-15 07:00,False,-0.09,-0.05
BAC,2015-01-15 07:00,False,0.31,0.25
BAC,2015-04-15 07:00,False,0.29,0.27
BAC,2015-07-15 07:00,False,0.35,0.45
BAC,2015-10-14 07:00,False,0.33,0.37
BAC,2016-01-19 06:00,False,0.27,0.28
BAC,2016-04-14 06:00,False,0.21,0.21
BAC,2016-07-18 06:00,False,0.33,0.36
BAC,2016-10-17 02:00,False,0.34,0.41
BAC,2017-01-13 06:00,False,0.38,0.4
BAC,2017-04-18 06:00,False,0.35,0.41
BAC,2017-07-18 06:00,False,0.44,0.46
BAC,2017-10-13 06:00,False,0.46,0.48
BAC,2018-01-17 06:00,False,0.14,0.2
BAC,2018-04-16 06:00,False,0.59,0.62
BAC,2018-07-16 06:00,False,0.58,0.63
BAC,2018-10-15 07:00,False,0.62,0.66
BAC,2019-01-16 06:00,False,0.63,0.7
BAC,2019-04-16 06:00,False,0.66,0.7
BAC,2019-07-17 06:00,False,0.71,0.74
BAC,2019-10-16 06:00,False,0.51,0.56
BAC,2020-01-15 06:00,False,0.69,0.74
BAC,2020-04-15 07:00,False,0.6,0.4
BAC,2020-07-16 06:00,False,0.29,0.37
BAC,2020-10-14 06:00,False,0.5,0.51
BAC,2021-01-19 06:00,False,0.54,0.59
BAC,2021-04-15 12:00,False,0.65,0.86
BAC,2021-07-14 06:00,False,0.76,1.03
BAC,2021-10-14 06:00,False,0.7,0.85
BAC,2022-01-19 06:00,False,0.76,0.82
BAC,2022-04-18 06:00,False,0.74,0.8
BAC,2022-07-18 06:00,False,0.75,0.73
BAC,2022-10-17 06:00,False,0.77,0.81
BAC,2023-01-13 06:00,False,0.77,0.85
BAC,2023-04-18 06:00,False,0.83,0.94
BAC,2023-07-18 06:00,False,0.83,0.88
BAC,2023-10-17 06:00,False,0.82,0.9
BAC,2024-01-12 06:00,False,0.64,0.35
BAC,2024-04-16 06:00,False,0.77,0.76
BAC,2024-07-16 06:00,False,0.8,0.83
BAC,2024-10-15 06:00,False,0.76,0.81
BAC,2025-01-16 06:00,False,0.77,0.82
BAC,2025-04-15 06:00,False,0.81,0.9
BAC,2025-07-16 06:00,False,0.86,0.89
BAC,2025-10-15 06:00,False,0.95,1.06
BAC,2026-01-14 06:00,False,0.96,0.98
BAC,2026-04-15 06:00,False,1.02,1.11
BAC,2026-07-14 06:00,False,1.12,1.21
BRK-B,2010-05-07 17:00,True,0.71,0.93
BRK-B,2010-08-06 17:00,True,1.01,1.24
BRK-B,2010-11-05 17:00,True,1.26,1.13
BRK-B,2011-02-26 08:00,False,1.23,1.22
BRK-B,2011-05-06 17:00,True,0.63,0.64
BRK-B,2011-08-05 17:00,True,1.2,1.09
BRK-B,2011-11-04 17:00,True,1.24,1.54
BRK-B,2012-02-26 03:00,False,1.33,1.08
BRK-B,2012-05-04 17:00,True,1.29,1.08
BRK-B,2012-08-03 17:00,True,1.27,1.5
BRK-B,2012-11-02 17:00,True,1.47,1.37
BRK-B,2013-03-01 16:00,True,1.29,1.14
BRK-B,2013-05-03 17:00,True,1.25,1.53
BRK-B,2013-08-02 17:00,True,1.44,1.59
BRK-B,2013-11-01 17:00,True,1.59,1.49
BRK-B,2014-03-01 08:00,False,1.4,1.53
BRK-B,2014-05-02 17:00,True,1.45,1.43
BRK-B,2014-08-01 17:00,True,1.75,1.76
BRK-B,2014-11-07 17:00,True,1.7,1.92
BRK-B,2015-02-28 12:00,False,1.85,1.61
BRK-B,2015-05-01 17:00,True,1.62,1.72
BRK-B,2015-08-07 17:00,True,2.13,1.58
BRK-B,2015-11-06 16:00,True,1.9,1.85
BRK-B,2016-02-27 08:00,False,1.75,1.9
BRK-B,2016-05-06 16:00,True,1.89,1.52
BRK-B,2016-08-05 16:00,True,1.89,1.87
BRK-B,2016-11-04 16:00,True,2.01,1.97
BRK-B,2017-02-25 08:00,False,1.82,1.78
BRK-B,2017-05-05 16:00,True,1.74,1.44
BRK-B,2017-08-04 17:00,True,1.8,1.67
BRK-B,2017-11-03 16:00,True,1.59,1.4
BRK-B,2018-02-24 08:00,False,1.76,1.35
BRK-B,2018-05-05 08:00,False,2.06,2.14
BRK-B,2018-08-04 08:00,False,2.22,2.79
BRK-B,2018-11-03 08:00,False,2.48,2.79
BRK-B,2019-02-23 08:00,False,2.24,2.32
BRK-B,2019-05-04 08:00,False,2.26,2.26
BRK-B,2019-08-03 08:00,False,2.59,2.5
BRK-B,2019-11-02 07:00,False,2.81,3.21
BRK-B,2020-02-22 08:00,False,2.48,1.81
BRK-B,2020-05-02 09:00,False,2.51,2.41
BRK-B,2020-08-08 07:00,False,2.3,2.28
BRK-B,2020-11-07 08:00,False,2.41,2.3
BRK-B,2021-02-27 08:00,False,2.28,2.15
BRK-B,2021-05-01 08:00,False,2.57,3.05
BRK-B,2021-08-07 08:00,False,2.65,2.93
BRK-B,2021-11-06 08:00,False,2.93,2.87
BRK-B,2022-02-26 08:00,False,2.95,3.27
BRK-B,2022-04-30 08:00,False,2.88,3.18
BRK-B,2022-08-06 08:00,False,3.34,4.21
BRK-B,2022-11-05 08:00,False,2.92,3.53
BRK-B,2023-02-25 08:00,False,4.17,3.06
BRK-B,2023-05-06 08:00,False,3.5,3.69
BRK-B,2023-08-05 08:00,False,3.99,4.62
BRK-B,2023-11-04 08:00,False,4.93,4.96
BRK-B,2024-02-24 08:00,False,3.79,3.92
BRK-B,2024-05-04 08:00,False,4.9,5.2
BRK-B,2024-08-03 08:00,False,4.77,5.38
BRK-B,2024-11-02 08:00,False,5.28,4.68
BRK-B,2025-02-22 08:00,False,4.19,6.73
BRK-B,2025-05-03 08:00,False,4.72,4.47
BRK-B,2025-08-02 08:00,False,5.04,5.17
BRK-B,2025-11-01 08:00,False,5.73,6.25
BRK-B,2026-02-28 08:00,False,5.17,4.73
BRK-B,2026-05-02 08:00,False,5.05,5.26
BRK-B,2026-08-08 08:00,False,5.13,6.03
BRK-B,2026-08-08 16:00,True,5.13,
CAT,2002-01-23 08:00,False,0.38,0.38
CAT,2002-04-16 08:00,False,0.12,0.12
CAT,2002-07-16 08:00,False,0.36,0.29
CAT,2002-10-16 08:00,False,0.28,0.31
CAT,2003-01-23 08:00,False,0.34,0.44
CAT,2003-04-16 08:00,False,0.13,0.19
CAT,2003-07-17 08:00,False,0.33,0.57
CAT,2003-10-16 08:00,False,0.37,0.37
CAT,2004-01-27 08:00,False,0.47,0.49
CAT,2004-04-22 08:00,False,0.35,0.58
CAT,2004-07-22 08:00,False,0.86,0.78
CAT,2004-10-21 08:00,False,0.68,0.71
CAT,2005-01-27 08:00,False,0.81,0.78
CAT,2005-04-20 08:00,False,0.68,0.82
CAT,2005-07-21 07:00,False,1.33,1.08
CAT,2005-10-21 07:00,False,1.06,0.94
CAT,2006-01-26 07:00,False,1.1,1.2
CAT,2006-04-24 07:00,False,1.06,1.2
CAT,2006-07-21 07:00,False,1.42,1.52
CAT,2006-10-20 07:00,False,1.35,1.14
CAT,2007-01-26 07:00,False,1.34,1.32
CAT,2007-04-20 07:00,False,1.08,1.23
CAT,2007-07-20 07:00,False,1.49,1.24
CAT,2007-10-19 07:00,False,1.42,1.4
CAT,2008-01-25 07:00,False,1.5,1.5
CAT,2008-04-18 07:00,False,1.33,1.45
CAT,2008-07-22 07:00,False,1.54,1.74
CAT,2008-10-21 07:00,False,1.41,1.39
CAT,2009-01-26 07:00,False,1.28,1.08
CAT,2009-04-21 07:00,False,0.02,0.39
CAT,2009-07-21 07:00,False,0.22,0.72
CAT,2009-10-20 07:00,False,0.04,0.64
CAT,2010-01-27 07:00,False,0.29,0.41
CAT,2010-04-26 08:00,False,0.39,0.5
CAT,2010-07-22 07:00,False,0.84,1.09
CAT,2010-10-21 07:00,False,1.09,1.22
CAT,2011-01-27 07:00,False,1.27,1.47
CAT,2011-04-29 07:00,False,1.28,1.84
CAT,2011-07-22 07:00,False,1.74,1.72
CAT,2011-10-24 07:00,False,1.68,1.71
CAT,2012-01-26 07:00,False,1.77,2.25
CAT,2012-04-25 07:00,False,2.15,2.37
CAT,2012-07-25 07:00,False,2.3,2.54
CAT,2012-10-22 07:00,False,2.24,2.26
CAT,2013-01-28 07:00,False,1.71,1.46
CAT,2013-04-22 07:00,False,1.39,1.31
CAT,2013-07-24 07:00,False,1.7,1.45
CAT,2013-10-23 07:00,False,1.68,1.45
CAT,2014-01-27 07:00,False,1.28,1.58
CAT,2014-04-24 07:00,False,1.22,1.61
CAT,2014-07-24 07:00,False,1.53,1.69
CAT,2014-10-23 07:00,False,1.35,1.72
CAT,2015-01-27 07:00,False,1.57,1.35
CAT,2015-04-23 07:00,False,1.36,1.86
CAT,2015-07-23 07:00,False,1.28,1.27
CAT,2015-10-22 07:00,False,0.79,0.75
CAT,2016-01-28 07:00,False,0.69,0.74
CAT,2016-04-22 07:00,False,0.68,0.67
CAT,2016-07-26 07:00,False,0.96,1.09
CAT,2016-10-25 07:00,False,0.76,0.85
CAT,2017-01-26 07:00,False,0.67,0.83
CAT,2017-04-25 07:00,False,0.63,1.28
CAT,2017-07-25 07:00,False,1.26,1.49
CAT,2017-10-24 07:00,False,1.28,1.95
CAT,2018-01-25 07:00,False,1.78,2.16
CAT,2018-04-24 07:00,False,2.12,2.82
CAT,2018-07-30 07:00,False,2.74,2.97
CAT,2018-10-23 07:00,False,2.85,2.86
CAT,2019-01-28 07:00,False,2.99,2.55
CAT,2019-04-24 07:00,False,2.86,2.94
CAT,2019-07-24 07:00,False,3.12,2.83
CAT,2019-10-23 06:00,False,2.89,2.66
CAT,2020-01-31 06:00,False,2.38,2.63
CAT,2020-04-28 07:00,False,1.67,1.6
CAT,2020-07-31 06:00,False,0.72,1.03
CAT,2020-10-27 06:00,False,1.18,1.34
CAT,2021-01-29 06:00,False,1.49,2.12
CAT,2021-04-29 06:00,False,1.94,2.87
CAT,2021-07-30 06:00,False,2.41,2.6
CAT,2021-10-28 06:00,False,2.2,2.66
CAT,2022-01-28 06:00,False,2.26,2.69
CAT,2022-04-28 06:00,False,2.6,2.88
CAT,2022-08-02 06:00,False,3.02,3.18
CAT,2022-10-27 06:00,False,3.17,3.95
CAT,2023-01-31 06:00,False,4.03,3.86
CAT,2023-04-27 06:00,False,3.79,4.91
CAT,2023-08-01 06:00,False,4.58,5.55
CAT,2023-10-31 06:00,False,4.79,5.52
CAT,2024-02-05 06:00,False,4.75,5.23
CAT,2024-04-25 06:00,False,5.13,5.6
CAT,2024-08-06 06:00,False,5.54,5.99
CAT,2024-10-30 06:00,False,5.35,5.17
CAT,2025-01-30 06:00,False,5.03,5.14
CAT,2025-04-30 06:00,False,4.34,4.25
CAT,2025-08-05 06:00,False,4.9,4.72
CAT,2025-10-29 06:00,False,4.52,4.95
CAT,2026-01-29 06:00,False,4.71,5.16
CAT,2026-04-30 06:00,False,4.64,5.54
CAT,2026-08-04 06:00,False,6.2,8.17
CMCSA,2002-02-06 07:00,False,-0.1,-0.1
CMCSA,2002-05-01 10:00,False,0.01,-0.03
CMCSA,2002-08-01 08:00,False,0.06,0.05
CMCSA,2002-10-28 07:00,False,0.06,0.05
CMCSA,2003-02-27 07:00,False,0.03,-0.03
CMCSA,2003-05-08 07:00,False,-0.02,-0.01
CMCSA,2003-07-31 07:00,False,,
CMCSA,2003-10-30 07:00,False,,
CMCSA,2004-02-11 07:00,False,0.01,0.03
CMCSA,2004-04-28 07:00,False,0.02,0.01
CMCSA,2004-07-28 07:00,False,0.03,0.04
CMCSA,2004-10-27 07:00,False,0.04,0.03
CMCSA,2005-02-03 07:00,False,0.04,0.06
CMCSA,2005-04-28 07:00,False,0.04,0.05
CMCSA,2005-08-02 07:00,False,0.05,0.06
CMCSA,2005-11-03 07:00,False,0.05,0.03
CMCSA,2006-02-02 07:00,False,0.05,0.03
CMCSA,2006-04-27 07:00,False,0.05,0.07
CMCSA,2006-07-27 07:00,False,0.07,0.07
CMCSA,2006-10-26 07:00,False,0.06,0.09
CMCSA,2007-02-01 07:00,False,0.08,0.07
CMCSA,2007-04-26 07:00,False,0.08,0.09
CMCSA,2007-07-26 07:00,False,0.1,0.1
CMCSA,2007-10-25 07:00,False,0.09,0.09
CMCSA,2008-02-14 06:00,False,0.09,0.1
CMCSA,2008-05-01 07:00,False,0.09,0.1
CMCSA,2008-07-30 07:00,False,0.11,0.11
CMCSA,2008-10-29 07:00,False,0.11,0.12
CMCSA,2009-02-18 07:00,False,0.11,0.14
CMCSA,2009-04-30 07:00,False,0.11,0.14
CMCSA,2009-08-06 07:00,False,0.13,0.17
CMCSA,2009-11-04 07:00,False,0.13,0.14
CMCSA,2010-02-03 07:00,False,0.13,0.14
CMCSA,2010-04-28 07:00,False,0.15,0.16
CMCSA,2010-07-28 07:00,False,0.16,0.17
CMCSA,2010-10-27 07:00,False,0.15,0.16
CMCSA,2011-02-16 07:00,False,0.16,0.18
CMCSA,2011-05-03 16:00,True,0.17,0.18
CMCSA,2011-08-03 07:00,False,0.21,0.21
CMCSA,2011-11-02 07:00,False,0.2,0.17
CMCSA,2012-02-15 07:00,False,0.21,0.24
CMCSA,2012-05-02 07:00,False,0.21,0.23
CMCSA,2012-08-01 07:00,False,0.24,0.25
CMCSA,2012-10-26 07:00,False,0.23,0.23
CMCSA,2013-02-12 16:00,True,0.27,0.26
CMCSA,2013-05-01 07:00,False,0.25,0.26
CMCSA,2013-07-31 07:00,False,0.32,0.33
CMCSA,2013-10-30 07:00,False,0.31,0.33
CMCSA,2014-01-28 07:00,False,0.34,0.33
CMCSA,2014-04-22 07:00,False,0.32,0.34
CMCSA,2014-07-22 07:00,False,0.36,0.38
CMCSA,2014-10-23 07:00,False,0.35,0.37
CMCSA,2015-02-24 07:00,False,0.39,0.39
CMCSA,2015-05-04 06:00,False,0.37,0.4
CMCSA,2015-07-23 07:00,False,0.42,0.42
CMCSA,2015-10-27 07:00,False,0.4,0.4
CMCSA,2016-02-03 07:00,False,0.41,0.41
CMCSA,2016-04-27 07:00,False,0.39,0.42
CMCSA,2016-07-27 07:00,False,0.4,0.42
CMCSA,2016-10-26 07:00,False,0.46,0.46
CMCSA,2017-01-26 07:00,False,0.43,0.45
CMCSA,2017-04-27 07:00,False,0.45,0.53
CMCSA,2017-07-27 06:00,False,0.49,0.52
CMCSA,2017-10-26 07:00,False,0.49,0.52
CMCSA,2018-01-24 07:00,False,0.47,0.49
CMCSA,2018-04-25 06:00,False,0.59,0.62
CMCSA,2018-07-26 07:00,False,0.6,0.65
CMCSA,2018-10-25 06:00,False,0.61,0.65
CMCSA,2019-01-23 07:00,False,0.63,0.64
CMCSA,2019-04-25 07:00,False,0.68,0.76
CMCSA,2019-07-25 07:00,False,0.75,0.78
CMCSA,2019-10-24 07:00,False,0.75,0.79
CMCSA,2020-01-23 07:00,False,0.77,0.79
CMCSA,2020-04-30 07:00,False,0.67,0.71
CMCSA,2020-07-30 07:00,False,0.55,0.69
CMCSA,2020-10-29 07:00,False,0.51,0.65
CMCSA,2021-01-28 07:00,False,0.48,0.56
CMCSA,2021-04-29 07:00,False,0.58,0.76
CMCSA,2021-07-29 07:00,False,0.67,0.84
CMCSA,2021-10-28 07:00,False,0.75,0.87
CMCSA,2022-01-27 07:00,False,0.74,0.77
CMCSA,2022-04-28 07:00,False,0.81,0.86
CMCSA,2022-07-28 07:00,False,0.92,1.01
CMCSA,2022-10-27 07:00,False,0.9,0.96
CMCSA,2023-01-26 07:00,False,0.78,0.82
CMCSA,2023-04-27 07:00,False,0.83,0.92
CMCSA,2023-07-27 07:00,False,0.98,1.13
CMCSA,2023-10-26 07:00,False,0.95,1.08
CMCSA,2024-01-25 07:00,False,0.79,0.84
CMCSA,2024-04-25 07:00,False,0.99,1.04
CMCSA,2024-07-23 07:00,False,1.12,1.21
CMCSA,2024-10-31 07:00,False,1.06,1.12
CMCSA,2025-01-30 07:00,False,0.86,0.96
CMCSA,2025-04-24 07:00,False,0.99,1.09
CMCSA,2025-07-31 07:00,False,1.18,1.25
CMCSA,2025-10-30 07:00,False,1.1,1.12
CMCSA,2026-01-29 07:00,False,0.76,0.84
CMCSA,2026-04-23 07:00,False,0.73,0.79
CMCSA,2026-07-23 06:00,False,0.97,1.04
COST,2001-12-13 04:00,False,0.28,0.28
COST,2002-03-05 04:00,False,0.41,0.41
COST,2002-05-30 04:00,False,0.28,0.28
COST,2002-10-10 04:00,False,0.49,0.52
COST,2002-12-12 04:00,False,0.31,0.31
COST,2003-03-05 04:00,False,0.43,0.42
COST,2003-05-28 04:00,False,0.31,0.33
COST,2003-10-08 04:00,False,0.47,0.51
COST,2003-12-09 04:00,False,0.31,0.34
COST,2004-03-03 04:00,False,0.47,0.48
COST,2004-05-27 04:00,False,0.37,0.42
COST,2004-10-07 04:00,False,0.58,0.62
COST,2004-12-09 04:00,False,0.41,0.4
COST,2005-03-02 04:00,False,0.55,0.54
COST,2005-05-26 05:00,False,0.42,0.43
COST,2005-10-06 04:00,False,0.64,0.73
COST,2005-12-08 04:00,False,0.45,0.45
COST,2006-03-02 04:00,False,0.6,0.62
COST,2006-06-16 16:00,True,0.5,0.49
COST,2006-10-12 03:00,False,0.73,0.75
COST,2006-12-14 03:00,False,0.5,0.51
COST,2007-03-08 03:00,False,0.66,0.66
COST,2007-05-31 03:00,False,0.56,0.56
COST,2007-10-10 03:00,False,0.83,0.91
COST,2007-12-13 03:00,False,0.6,0.59
COST,2008-03-05 03:00,False,0.74,0.74
COST,2008-05-29 03:00,False,0.66,0.67
COST,2008-10-08 03:00,False,0.93,0.9
COST,2008-12-11 03:00,False,0.62,0.6
COST,2009-03-04 03:00,False,0.6,0.55
COST,2009-05-28 03:00,False,0.52,0.52
COST,2009-10-07 03:00,False,0.78,0.85
COST,2009-12-10 03:00,False,0.59,0.6
COST,2010-03-03 03:00,False,0.71,0.7
COST,2010-05-27 03:00,False,0.66,0.66
COST,2010-10-06 03:00,False,0.95,0.97
COST,2010-12-08 03:00,False,0.69,0.71
COST,2011-03-02 03:00,False,0.78,0.79
COST,2011-05-25 03:00,False,0.77,0.73
COST,2011-10-05 03:00,False,1.1,1.08
COST,2011-12-08 03:00,False,0.8,0.8
COST,2012-02-29 03:00,False,0.88,0.9
COST,2012-05-24 03:00,False,0.87,0.88
COST,2012-10-10 03:00,False,1.31,1.39
COST,2012-12-12 03:00,False,0.93,0.95
COST,2013-03-12 03:00,False,1.05,1.1
COST,2013-05-30 03:00,False,1.03,1.04
COST,2013-10-09 03:00,False,1.46,1.4
COST,2013-12-11 03:00,False,1.02,0.96
COST,2014-03-06 03:00,False,1.17,1.05
COST,2014-05-29 03:00,False,1.09,1.07
COST,2014-10-08 03:00,False,1.52,1.58
COST,2014-12-10 03:00,False,1.09,1.12
COST,2015-03-05 03:00,False,1.18,1.35
COST,2015-05-27 21:00,True,1.15,1.17
COST,2015-09-29 21:00,True,1.66,1.73
COST,2015-12-08 21:00,True,1.17,1.09
COST,2016-03-02 21:00,True,1.28,1.24
COST,2016-05-25 21:00,True,1.22,1.24
COST,2016-09-29 16:00,True,1.73,1.77
COST,2016-12-07 16:00,True,1.19,1.24
COST,2017-03-02 16:00,True,1.36,1.17
COST,2017-05-25 16:00,True,1.3,1.59
COST,2017-10-05 16:00,True,2.02,2.08
COST,2017-12-14 16:00,True,1.35,1.36
COST,2018-03-07 16:00,True,1.51,1.59
COST,2018-05-31 16:00,True,1.7,1.7
COST,2018-10-04 16:00,True,2.34,2.36
COST,2018-12-13 16:00,True,1.62,1.61
COST,2019-03-07 16:00,True,1.69,2.01
COST,2019-05-30 16:00,True,1.81,2.05
COST,2019-10-03 16:00,True,2.55,2.69
COST,2019-12-12 16:00,True,1.71,1.9
COST,2020-03-05 16:00,True,2.06,2.1
COST,2020-05-28 16:00,True,1.89,1.89
COST,2020-09-24 16:00,True,2.81,3.13
COST,2020-12-10 16:00,True,2.04,2.29
COST,2021-03-04 16:00,True,2.43,2.14
COST,2021-05-27 16:00,True,2.28,2.75
COST,2021-09-23 16:00,True,3.58,3.76
COST,2021-12-09 16:00,True,2.65,2.98
COST,2022-03-03 16:00,True,2.79,2.92
COST,2022-05-26 16:00,True,3.02,3.17
COST,2022-09-22 16:00,True,4.2,4.2
COST,2022-12-08 16:00,True,3.16,3.1
COST,2023-03-02 16:00,True,3.23,3.3
COST,2023-06-01 06:00,False,3.43,2.93
COST,2023-09-26 16:00,True,4.78,4.86
COST,2023-12-14 16:00,True,3.42,3.58
COST,2024-03-07 16:00,True,3.64,3.71
COST,2024-06-06 06:00,False,3.76,3.78
COST,2024-09-26 16:00,True,5.08,5.15
COST,2024-12-12 16:00,True,3.8,4.04
COST,2025-03-06 16:00,True,4.1,4.02
COST,2025-05-29 16:00,True,4.23,4.28
COST,2025-09-25 16:00,True,5.8,5.87
COST,2025-12-11 16:00,True,4.27,4.5
COST,2026-03-05 16:00,True,4.55,4.58
COST,2026-05-28 16:00,True,4.97,4.93
CRM,2004-08-19 16:00,True,,
CRM,2004-11-17 16:00,True,,0.01
CRM,2005-02-17 16:00,True,,0.01
CRM,2005-05-18 16:00,True,0.01,0.01
CRM,2005-08-17 16:00,True,0.01,0.01
CRM,2005-11-16 16:00,True,0.01,0.01
CRM,2006-02-22 16:00,True,0.01,0.01
CRM,2006-05-17 16:00,True,0.01,0.01
CRM,2006-08-16 16:00,True,0.01,0.02
CRM,2006-11-15 16:00,True,0.01,0.02
CRM,2007-02-21 16:00,True,0.02,0.02
CRM,2007-05-16 16:00,True,0.02,0.02
CRM,2007-08-15 16:00,True,0.02,0.02
CRM,2007-11-15 16:00,True,0.03,0.03
CRM,2008-02-27 16:00,True,0.03,0.03
CRM,2008-05-21 16:00,True,0.04,0.04
CRM,2008-08-20 11:00,False,0.05,0.04
CRM,2008-11-20 16:00,True,0.04,0.05
CRM,2009-02-25 16:00,True,0.05,0.06
CRM,2009-05-21 16:00,True,0.06,0.06
CRM,2009-08-20 16:00,True,0.04,0.04
CRM,2009-11-17 16:00,True,0.04,0.04
CRM,2010-02-24 16:00,True,0.04,0.04
CRM,2010-05-20 16:00,True,0.08,0.08
CRM,2010-08-19 16:00,True,0.07,0.07
CRM,2010-11-18 16:00,True,0.08,0.08
CRM,2011-02-24 16:00,True,0.07,0.08
CRM,2011-05-19 16:00,True,0.07,0.07
CRM,2011-08-18 16:00,True,0.07,0.08
CRM,2011-11-17 16:00,True,0.08,0.09
CRM,2012-02-23 16:00,True,0.1,0.11
CRM,2012-05-17 16:00,True,0.09,0.09
CRM,2012-08-23 16:00,True,0.1,0.11
CRM,2012-11-20 16:00,True,0.08,0.08
CRM,2013-02-28 16:00,True,0.1,0.13
CRM,2013-05-23 16:00,True,0.1,0.1
CRM,2013-08-29 16:00,True,0.07,0.09
CRM,2013-11-18 16:00,True,0.09,0.09
CRM,2014-02-27 16:00,True,0.06,0.07
CRM,2014-05-20 16:00,True,0.1,0.11
CRM,2014-08-21 16:00,True,0.12,0.13
CRM,2014-11-19 16:00,True,0.13,0.14
CRM,2015-02-25 16:00,True,0.14,0.14
CRM,2015-05-20 16:00,True,0.14,0.16
CRM,2015-08-20 16:00,True,0.17,0.19
CRM,2015-11-18 16:00,True,0.19,0.21
CRM,2016-02-24 16:00,True,0.19,0.19
CRM,2016-05-18 16:00,True,0.23,0.24
CRM,2016-08-31 16:00,True,0.22,0.24
CRM,2016-11-17 16:00,True,0.21,0.24
CRM,2017-02-28 16:00,True,0.25,0.28
CRM,2017-05-18 16:00,True,0.26,0.28
CRM,2017-08-22 16:00,True,0.32,0.33
CRM,2017-11-21 16:00,True,0.37,0.39
CRM,2018-02-28 16:00,True,0.34,0.35
CRM,2018-05-29 16:00,True,0.46,0.74
CRM,2018-08-29 16:00,True,0.47,0.71
CRM,2018-11-27 16:00,True,0.5,0.61
CRM,2019-03-04 16:00,True,0.55,0.7
CRM,2019-06-04 16:00,True,0.61,0.93
CRM,2019-08-22 16:00,True,0.47,0.66
CRM,2019-12-03 16:00,True,0.66,0.75
CRM,2020-02-25 16:00,True,0.56,0.66
CRM,2020-05-28 16:00,True,0.69,0.7
CRM,2020-08-25 16:00,True,0.67,1.44
CRM,2020-12-01 16:00,True,0.75,1.74
CRM,2021-02-25 16:00,True,0.75,1.04
CRM,2021-05-27 16:00,True,0.88,1.21
CRM,2021-08-25 16:00,True,0.93,1.48
CRM,2021-11-30 16:00,True,0.92,1.27
CRM,2022-03-01 16:00,True,0.75,0.84
CRM,2022-05-31 16:00,True,0.94,0.98
CRM,2022-08-24 16:00,True,1.03,1.19
CRM,2022-11-30 16:00,True,1.22,1.4
CRM,2023-03-01 16:00,True,1.36,1.68
CRM,2023-05-31 16:00,True,1.61,1.69
CRM,2023-08-30 16:00,True,1.9,2.12
CRM,2023-11-29 16:00,True,2.06,2.11
CRM,2024-02-28 16:00,True,2.27,2.29
CRM,2024-05-29 16:00,True,2.37,2.44
CRM,2024-08-28 16:00,True,2.36,2.56
CRM,2024-12-03 16:00,True,2.45,2.41
CRM,2025-02-26 16:00,True,2.61,2.78
CRM,2025-05-28 16:00,True,2.55,2.58
CRM,2025-09-03 16:00,True,2.78,2.91
CRM,2025-12-03 16:00,True,2.86,3.25
CRM,2026-02-25 16:00,True,3.05,3.81
CRM,2026-05-27 16:00,True,3.13,3.88
CRM,2026-08-26 16:00,True,3.27,5.9
CSCO,2002-05-07 16:00,True,0.02,0.03
CSCO,2002-08-06 16:00,True,0.02,0.02
CSCO,2002-11-06 16:00,True,0.13,0.14
CSCO,2003-02-04 16:00,True,0.13,0.15
CSCO,2003-05-06 16:00,True,0.14,0.15
CSCO,2003-08-05 16:00,True,0.15,0.15
CSCO,2003-11-05 16:00,True,0.15,0.17
CSCO,2004-02-03 16:00,True,0.17,0.18
CSCO,2004-05-11 16:00,True,0.18,0.19
CSCO,2004-08-10 16:00,True,0.2,0.21
CSCO,2004-11-09 16:00,True,0.21,0.21
CSCO,2005-02-08 16:00,True,0.22,0.22
CSCO,2005-05-10 16:00,True,0.22,0.23
CSCO,2005-08-09 16:00,True,0.24,0.25
CSCO,2005-11-09 16:00,True,0.24,0.25
CSCO,2006-02-07 16:00,True,0.25,0.26
CSCO,2006-05-09 16:00,True,0.26,0.29
CSCO,2006-08-08 16:00,True,0.28,0.3
CSCO,2006-11-08 16:00,True,0.29,0.31
CSCO,2007-02-06 16:00,True,0.31,0.33
CSCO,2007-05-08 16:00,True,0.33,0.34
CSCO,2007-08-07 16:00,True,0.35,0.36
CSCO,2007-11-07 16:00,True,0.36,0.37
CSCO,2008-02-06 16:00,True,0.38,0.38
CSCO,2008-05-06 16:00,True,0.36,0.38
CSCO,2008-08-05 16:00,True,0.39,0.4
CSCO,2008-11-05 16:00,True,0.39,0.42
CSCO,2009-02-04 16:00,True,0.3,0.32
CSCO,2009-05-06 16:00,True,0.25,0.3
CSCO,2009-08-05 16:00,True,0.29,0.31
CSCO,2009-11-04 16:00,True,0.31,0.36
CSCO,2010-02-03 16:00,True,0.35,0.4
CSCO,2010-05-12 16:00,True,0.38,0.42
CSCO,2010-08-11 16:00,True,0.42,0.43
CSCO,2010-11-10 16:00,True,0.4,0.42
CSCO,2011-02-09 16:00,True,0.35,0.37
CSCO,2011-05-11 16:00,True,0.37,0.42
CSCO,2011-08-10 16:00,True,0.38,0.4
CSCO,2011-11-09 16:00,True,0.39,0.43
CSCO,2012-02-08 16:00,True,0.43,0.47
CSCO,2012-05-09 16:00,True,0.47,0.48
CSCO,2012-08-15 16:00,True,0.45,0.47
CSCO,2012-11-13 16:00,True,0.46,0.48
CSCO,2013-02-13 16:00,True,0.48,0.51
CSCO,2013-05-15 16:00,True,0.49,0.51
CSCO,2013-08-14 16:00,True,0.51,0.52
CSCO,2013-11-13 16:00,True,0.51,0.53
CSCO,2014-02-12 16:00,True,0.46,0.47
CSCO,2014-05-14 16:00,True,0.48,0.51
CSCO,2014-08-13 16:00,True,0.53,0.55
CSCO,2014-11-12 16:00,True,0.53,0.54
CSCO,2015-02-11 16:00,True,0.51,0.53
CSCO,2015-05-13 16:00,True,0.53,0.54
CSCO,2015-08-12 16:00,True,0.56,0.59
CSCO,2015-11-12 16:00,True,0.56,0.59
CSCO,2016-02-10 16:00,True,0.54,0.57
CSCO,2016-05-18 16:00,True,0.55,0.57
CSCO,2016-08-17 16:00,True,0.6,0.63
CSCO,2016-11-16 16:00,True,0.59,0.61
CSCO,2017-02-15 16:00,True,0.56,0.57
CSCO,2017-05-17 16:00,True,0.58,0.6
CSCO,2017-08-16 16:00,True,0.61,0.61
CSCO,2017-11-15 16:00,True,0.6,0.61
CSCO,2018-02-14 16:00,True,0.59,0.63
CSCO,2018-05-16 16:00,True,0.65,0.66
CSCO,2018-08-15 16:00,True,0.69,0.7
CSCO,2018-11-14 16:00,True,0.72,0.75
CSCO,2019-02-13 16:00,True,0.72,0.73
CSCO,2019-05-15 16:00,True,0.77,0.78
CSCO,2019-08-14 16:00,True,0.82,0.83
CSCO,2019-11-13 16:00,True,0.81,0.84
CSCO,2020-02-12 16:00,True,0.76,0.77
CSCO,2020-05-13 16:00,True,0.71,0.79
CSCO,2020-08-12 16:00,True,0.74,0.8
CSCO,2020-11-12 16:00,True,0.7,0.76
CSCO,2021-02-09 16:00,True,0.76,0.79
CSCO,2021-05-19 16:00,True,0.82,0.83
CSCO,2021-08-18 16:00,True,0.83,0.84
CSCO,2021-11-17 16:00,True,0.8,0.82
CSCO,2022-02-16 16:00,True,0.81,0.84
CSCO,2022-05-18 16:00,True,0.86,0.87
CSCO,2022-08-17 16:00,True,0.82,0.83
CSCO,2022-11-16 16:00,True,0.84,0.86
CSCO,2023-02-15 16:00,True,0.86,0.88
CSCO,2023-05-17 16:00,True,0.97,1.0
CSCO,2023-08-16 16:00,True,1.06,1.14
CSCO,2023-11-15 16:00,True,1.03,1.11
CSCO,2024-02-14 16:00,True,0.84,0.87
CSCO,2024-05-15 16:00,True,0.82,0.88
CSCO,2024-08-14 16:00,True,0.85,0.87
CSCO,2024-11-13 16:00,True,0.87,0.91
CSCO,2025-02-12 16:00,True,0.91,0.94
CSCO,2025-05-14 16:00,True,0.92,0.96
CSCO,2025-08-13 16:00,True,0.98,0.99
CSCO,2025-11-12 16:00,True,0.98,1.0
CSCO,2026-02-11 16:00,True,1.02,1.04
CSCO,2026-05-13 16:00,True,1.04,1.06
CSCO,2026-08-12 16:00,True,1.17,1.22
CVX,2002-01-29 09:00,False,0.44,0.24
CVX,2002-04-25 09:00,False,0.35,0.44
CVX,2002-07-30 09:00,False,0.69,0.58
CVX,2002-10-31 09:00,False,0.65,0.59
CVX,2003-01-31 09:00,False,0.64,0.5
CVX,2003-05-02 08:00,False,0.9,1.01
CVX,2003-08-01 08:00,False,0.76,0.81
CVX,2003-10-31 08:00,False,0.8,0.92
CVX,2004-01-30 08:00,False,0.78,0.78
CVX,2004-04-30 08:00,False,1.01,1.21
CVX,2004-07-30 08:00,False,1.35,1.53
CVX,2004-10-29 08:00,False,1.36,1.28
CVX,2005-01-28 08:00,False,1.38,1.56
CVX,2005-04-29 08:00,False,1.38,1.28
CVX,2005-07-29 08:00,False,1.65,1.76
CVX,2005-10-28 08:00,False,1.85,1.64
CVX,2006-01-27 08:00,False,1.89,1.86
CVX,2006-04-28 08:00,False,1.78,1.8
CVX,2006-07-28 08:00,False,2.17,2.1
CVX,2006-10-27 08:00,False,2.04,2.29
CVX,2007-02-02 08:00,False,1.73,1.74
CVX,2007-04-27 08:00,False,1.68,1.86
CVX,2007-07-27 08:00,False,2.3,2.27
CVX,2007-11-02 08:00,False,2.07,1.94
CVX,2008-02-01 08:00,False,2.3,2.32
CVX,2008-05-02 08:00,False,2.41,2.48
CVX,2008-08-01 08:00,False,3.02,2.9
CVX,2008-10-31 08:00,False,3.27,3.85
CVX,2009-01-30 08:00,False,1.82,2.13
CVX,2009-05-01 08:00,False,0.81,0.72
CVX,2009-07-31 08:00,False,0.96,0.87
CVX,2009-10-30 08:00,False,1.43,1.72
CVX,2010-01-29 08:00,False,1.7,1.53
CVX,2010-04-30 08:00,False,1.93,2.36
CVX,2010-07-30 08:00,False,2.46,2.7
CVX,2010-10-29 08:00,False,2.13,1.87
CVX,2011-01-28 08:00,False,2.43,2.64
CVX,2011-04-29 08:00,False,2.97,3.09
CVX,2011-07-29 08:00,False,3.56,3.85
CVX,2011-10-28 08:00,False,3.44,3.92
CVX,2012-01-27 08:00,False,2.92,2.58
CVX,2012-04-27 08:00,False,3.22,3.17
CVX,2012-07-27 08:00,False,3.24,3.56
CVX,2012-11-02 08:00,False,2.87,2.37
CVX,2013-02-01 08:00,False,3.05,2.99
CVX,2013-04-26 08:00,False,3.08,3.18
CVX,2013-08-02 08:00,False,2.98,2.77
CVX,2013-11-01 08:00,False,2.74,2.57
CVX,2014-01-31 08:00,False,2.58,2.57
CVX,2014-05-02 08:00,False,2.48,2.36
CVX,2014-08-01 08:00,False,2.67,2.98
CVX,2014-10-31 08:00,False,2.53,2.95
CVX,2015-01-30 08:00,False,1.65,1.85
CVX,2015-05-01 08:00,False,0.81,1.37
CVX,2015-07-31 08:00,False,1.16,0.97
CVX,2015-10-30 08:00,False,0.74,1.09
CVX,2016-01-29 08:00,False,0.51,0.27
CVX,2016-04-29 08:00,False,-0.16,-0.11
CVX,2016-07-29 08:00,False,0.32,0.35
CVX,2016-10-28 08:00,False,0.39,0.49
CVX,2017-01-27 08:00,False,0.64,0.21
CVX,2017-04-28 08:00,False,0.87,1.23
CVX,2017-07-28 08:00,False,0.87,0.91
CVX,2017-10-27 08:00,False,0.97,0.85
CVX,2018-02-02 08:00,False,1.24,0.72
CVX,2018-04-27 08:00,False,1.49,1.9
CVX,2018-07-27 08:00,False,2.09,1.78
CVX,2018-11-02 08:00,False,2.06,2.44
CVX,2019-02-01 08:00,False,1.89,1.95
CVX,2019-04-26 08:00,False,1.33,1.47
CVX,2019-08-02 08:00,False,1.82,1.77
CVX,2019-11-01 08:00,False,1.46,1.55
CVX,2020-01-31 08:00,False,1.46,1.49
CVX,2020-05-01 07:00,False,0.67,1.29
CVX,2020-07-31 06:00,False,-0.92,-1.59
CVX,2020-10-30 06:00,False,-0.27,0.11
CVX,2021-01-29 07:00,False,0.09,-0.01
CVX,2021-04-30 06:00,False,0.94,0.9
CVX,2021-07-30 06:00,False,1.6,1.71
CVX,2021-10-29 06:00,False,2.19,2.96
CVX,2022-01-28 06:00,False,3.12,2.56
CVX,2022-04-29 06:00,False,3.45,3.36
CVX,2022-07-29 06:00,False,5.03,5.82
CVX,2022-10-28 06:00,False,4.92,5.56
CVX,2023-01-27 06:00,False,4.3,4.09
CVX,2023-04-28 06:00,False,3.38,3.55
CVX,2023-07-23 16:00,True,2.98,3.08
CVX,2023-10-27 03:00,False,3.68,3.05
CVX,2024-02-02 06:00,False,3.22,3.45
CVX,2024-04-26 03:00,False,2.91,2.93
CVX,2024-08-02 06:00,False,3.0,2.55
CVX,2024-11-01 06:00,False,2.42,2.51
CVX,2025-01-31 06:00,False,2.11,2.06
CVX,2025-05-02 06:00,False,2.15,2.18
CVX,2025-08-01 06:00,False,1.74,1.77
CVX,2025-10-31 06:00,False,1.71,1.85
CVX,2026-01-30 06:00,False,1.44,1.52
CVX,2026-05-01 06:00,False,0.97,1.41
CVX,2026-07-31 06:00,False,5.57,6.06
DIS,2002-01-31 16:00,True,0.1,0.15
DIS,2002-04-25 16:00,True,0.1,0.13
DIS,2002-08-01 16:00,True,0.17,0.17
DIS,2002-11-07 16:00,True,0.11,0.11
DIS,2003-01-30 16:00,True,0.15,0.17
DIS,2003-05-01 16:00,True,0.11,0.11
DIS,2003-07-31 16:00,True,0.16,0.19
DIS,2003-11-20 16:00,True,0.16,0.17
DIS,2004-02-11 09:00,False,0.22,0.33
DIS,2004-05-12 16:00,True,0.21,0.26
DIS,2004-08-10 16:00,True,0.27,0.31
DIS,2004-11-18 16:00,True,0.18,0.21
DIS,2005-01-31 16:00,True,0.29,0.33
DIS,2005-05-11 14:00,False,0.32,0.32
DIS,2005-08-09 16:00,True,0.39,0.42
DIS,2005-11-17 16:00,True,0.18,0.2
DIS,2006-02-06 16:00,True,0.3,0.35
DIS,2006-05-09 16:00,True,0.31,0.37
DIS,2006-08-09 08:00,False,0.44,0.51
DIS,2006-11-09 16:00,True,0.33,0.36
DIS,2007-02-07 16:00,True,0.39,0.5
DIS,2007-05-08 16:00,True,0.37,0.44
DIS,2007-08-01 16:00,True,0.55,0.58
DIS,2007-11-08 16:00,True,0.42,0.42
DIS,2008-02-05 16:00,True,0.52,0.63
DIS,2008-05-06 16:00,True,0.5,0.58
DIS,2008-07-30 16:00,True,0.61,0.62
DIS,2008-11-06 16:00,True,0.49,0.43
DIS,2009-02-03 16:00,True,0.5,0.41
DIS,2009-05-05 16:00,True,0.4,0.43
DIS,2009-07-30 16:00,True,0.51,0.52
DIS,2009-11-12 16:00,True,0.41,0.46
DIS,2010-02-09 16:00,True,0.38,0.47
DIS,2010-05-11 16:00,True,0.45,0.48
DIS,2010-08-10 16:00,True,0.58,0.67
DIS,2010-11-11 16:00,True,0.47,0.45
DIS,2011-02-08 16:00,True,0.56,0.68
DIS,2011-05-10 16:00,True,0.57,0.49
DIS,2011-08-09 16:00,True,0.72,0.78
DIS,2011-11-10 16:00,True,0.54,0.59
DIS,2012-02-07 16:00,True,0.71,0.8
DIS,2012-05-08 16:00,True,0.55,0.58
DIS,2012-08-07 16:00,True,0.93,1.01
DIS,2012-11-08 16:00,True,0.68,0.68
DIS,2013-02-05 16:00,True,0.77,0.79
DIS,2013-05-07 16:00,True,0.77,0.79
DIS,2013-08-06 16:00,True,1.01,1.03
DIS,2013-11-07 16:00,True,0.76,0.77
DIS,2014-02-05 16:00,True,0.92,1.04
DIS,2014-05-06 16:00,True,0.96,1.11
DIS,2014-08-05 16:00,True,1.17,1.28
DIS,2014-11-06 16:00,True,0.89,0.89
DIS,2015-02-03 16:00,True,1.06,1.27
DIS,2015-05-05 08:00,False,1.11,1.23
DIS,2015-08-04 16:00,True,1.42,1.45
DIS,2015-11-05 16:00,True,1.14,1.2
DIS,2016-02-09 16:00,True,1.45,1.63
DIS,2016-05-10 16:00,True,1.4,1.36
DIS,2016-08-09 16:00,True,1.61,1.62
DIS,2016-11-10 16:00,True,1.16,1.1
DIS,2017-02-07 16:00,True,1.49,1.55
DIS,2017-05-09 16:00,True,1.41,1.5
DIS,2017-08-08 16:00,True,1.55,1.58
DIS,2017-11-09 16:00,True,1.12,1.07
DIS,2018-02-06 16:00,True,1.61,1.89
DIS,2018-05-08 16:00,True,1.7,1.84
DIS,2018-08-07 16:00,True,1.95,1.87
DIS,2018-11-08 16:00,True,1.35,1.48
DIS,2019-02-05 16:00,True,1.57,1.84
DIS,2019-05-08 16:00,True,1.57,1.61
DIS,2019-08-06 16:00,True,1.74,1.35
DIS,2019-11-07 16:00,True,0.96,1.07
DIS,2020-02-04 16:00,True,1.44,1.53
DIS,2020-05-05 17:00,True,0.9,0.6
DIS,2020-08-04 16:00,True,-0.67,0.08
DIS,2020-11-12 16:00,True,-0.65,-0.2
DIS,2021-02-11 16:00,True,-0.34,0.32
DIS,2021-05-13 16:00,True,0.26,0.79
DIS,2021-08-12 16:00,True,0.55,0.8
DIS,2021-11-10 16:00,True,0.5,0.38
DIS,2022-02-09 16:00,True,0.62,1.06
DIS,2022-05-11 16:00,True,1.19,1.08
DIS,2022-08-10 16:00,True,0.99,1.09
DIS,2022-11-08 16:00,True,0.56,0.3
DIS,2023-02-08 16:00,True,0.79,0.99
DIS,2023-05-10 16:00,True,0.94,0.93
DIS,2023-08-09 16:00,True,0.98,1.04
DIS,2023-11-08 16:00,True,0.71,0.82
DIS,2024-02-07 16:00,True,1.03,1.22
DIS,2024-05-07 06:00,False,1.1,1.21
DIS,2024-08-07 06:00,False,1.19,1.39
DIS,2024-11-14 06:00,False,1.11,1.14
DIS,2025-02-05 06:00,False,1.43,1.76
DIS,2025-05-07 06:00,False,1.21,1.45
DIS,2025-08-06 06:00,False,1.45,1.61
DIS,2025-11-13 06:00,False,1.02,1.11
DIS,2026-02-02 06:00,False,1.58,1.63
DIS,2026-05-06 06:00,False,1.5,1.57
DIS,2026-08-05 06:00,False,1.85,2.06
GS,2001-12-20 08:00,False,0.9,0.93
GS,2002-03-19 08:00,False,0.89,0.98
GS,2002-06-20 08:00,False,0.98,1.06
GS,2002-09-24 08:00,False,0.99,1.0
GS,2002-12-19 08:00,False,0.96,0.98
GS,2003-03-20 08:00,False,0.96,1.29
GS,2003-06-25 08:00,False,1.19,1.36
GS,2003-09-23 08:00,False,1.23,1.32
GS,2003-12-18 08:00,False,1.54,1.89
GS,2004-03-23 08:00,False,1.62,2.5
GS,2004-06-22 08:00,False,1.95,2.31
GS,2004-09-21 08:00,False,1.41,1.74
GS,2004-12-16 08:00,False,2.36,2.36
GS,2005-03-17 08:00,False,2.24,2.94
GS,2005-06-16 08:00,False,1.89,1.71
GS,2005-09-20 08:00,False,2.36,3.25
GS,2005-12-15 08:00,False,3.49,3.35
GS,2006-03-14 09:00,False,3.3,5.08
GS,2006-06-13 08:00,False,4.28,4.78
GS,2006-09-12 08:00,False,2.96,3.26
GS,2006-12-12 08:00,False,5.99,6.59
GS,2007-03-13 08:00,False,4.98,6.67
GS,2007-06-14 08:00,False,4.79,4.93
GS,2007-09-20 08:00,False,4.35,6.13
GS,2007-12-18 08:00,False,6.68,7.01
GS,2008-03-18 08:00,False,2.57,3.23
GS,2008-06-17 08:00,False,3.38,4.58
GS,2008-09-16 08:00,False,1.75,1.81
GS,2008-12-16 08:00,False,-3.92,-4.62
GS,2009-04-13 16:00,True,1.5,3.39
GS,2009-07-14 08:00,False,3.48,4.93
GS,2009-10-15 07:00,False,4.19,5.25
GS,2010-01-21 08:00,False,5.19,8.2
GS,2010-04-20 07:00,False,4.08,5.59
GS,2010-07-20 08:00,False,2.52,0.78
GS,2010-10-19 08:00,False,2.41,2.98
GS,2011-01-19 08:00,False,3.82,3.79
GS,2011-04-19 08:00,False,0.83,1.56
GS,2011-07-19 08:00,False,2.38,1.85
GS,2011-10-18 07:00,False,-0.1,-0.84
GS,2012-01-18 07:00,False,1.34,1.84
GS,2012-04-17 07:00,False,3.54,3.92
GS,2012-07-17 07:00,False,1.23,1.78
GS,2012-10-16 07:00,False,2.2,2.85
GS,2013-01-16 07:00,False,3.71,5.6
GS,2013-04-16 07:00,False,3.94,4.29
GS,2013-07-16 07:00,False,2.85,3.7
GS,2013-10-17 07:00,False,2.43,2.88
GS,2014-01-16 07:00,False,4.17,4.6
GS,2014-04-17 07:00,False,3.5,4.02
GS,2014-07-15 07:00,False,3.09,4.1
GS,2014-10-16 07:00,False,3.14,4.57
GS,2015-01-16 07:00,False,4.31,4.38
GS,2015-04-16 07:00,False,4.27,5.94
GS,2015-07-16 07:00,False,3.95,1.98
GS,2015-10-15 07:00,False,3.08,2.9
GS,2016-01-20 07:00,False,3.62,4.68
GS,2016-04-19 07:00,False,2.5,2.68
GS,2016-07-19 07:00,False,3.04,3.72
GS,2016-10-18 07:00,False,3.83,4.88
GS,2017-01-18 07:00,False,4.8,5.08
GS,2017-04-18 07:00,False,5.24,5.15
GS,2017-07-18 07:00,False,3.41,3.95
GS,2017-10-17 07:00,False,4.15,5.02
GS,2018-01-17 07:00,False,4.95,5.68
GS,2018-04-17 07:00,False,5.54,6.95
GS,2018-07-17 07:00,False,4.64,5.98
GS,2018-10-16 07:00,False,5.38,6.28
GS,2019-01-16 07:00,False,4.71,6.04
GS,2019-04-15 07:00,False,5.1,5.71
GS,2019-07-16 07:00,False,5.09,5.81
GS,2019-10-15 07:00,False,4.89,4.79
GS,2020-01-15 07:00,False,5.49,4.69
GS,2020-04-15 07:00,False,3.36,3.11
GS,2020-07-15 07:00,False,3.91,6.26
GS,2020-10-14 07:00,False,5.5,9.68
GS,2021-01-19 07:00,False,7.36,12.55
GS,2021-04-14 07:00,False,10.19,18.6
GS,2021-07-13 07:00,False,10.18,15.02
GS,2021-10-15 08:00,False,10.01,14.93
GS,2022-01-18 07:00,False,11.93,10.81
GS,2022-04-14 07:00,False,8.98,10.76
GS,2022-07-18 07:00,False,6.56,7.73
GS,2022-10-18 07:00,False,7.52,8.25
GS,2023-01-17 07:00,False,5.77,3.32
GS,2023-04-18 07:00,False,8.06,8.79
GS,2023-07-19 07:00,False,3.83,3.08
GS,2023-10-17 07:00,False,5.53,5.47
GS,2024-01-16 07:00,False,4.27,5.48
GS,2024-04-15 07:00,False,8.7,11.58
GS,2024-07-15 07:00,False,8.4,8.41
GS,2024-10-15 07:00,False,7.31,9.02
GS,2025-01-15 07:00,False,8.29,10.97
GS,2025-04-14 07:00,False,12.29,14.12
GS,2025-07-16 07:00,False,9.62,10.91
GS,2025-10-14 07:00,False,11.09,12.25
GS,2026-01-15 07:00,False,11.76,14.01
GS,2026-04-13 07:00,False,16.24,17.55
GS,2026-07-14 07:00,False,14.54,20.98
HD,2002-02-26 08:00,False,0.29,0.3
HD,2002-05-21 07:00,False,0.33,0.36
HD,2002-08-20 07:00,False,0.47,0.5
HD,2002-11-19 07:00,False,0.4,0.4
HD,2003-02-25 07:00,False,0.27,0.3
HD,2003-05-20 07:00,False,0.37,0.39
HD,2003-08-19 06:00,False,0.54,0.56
HD,2003-11-18 06:00,False,0.46,0.5
HD,2004-02-24 06:00,False,0.39,0.42
HD,2004-05-18 06:00,False,0.43,0.49
HD,2004-08-17 06:00,False,0.65,0.7
HD,2004-11-16 06:00,False,0.57,0.6
HD,2005-02-22 06:00,False,0.47,0.47
HD,2005-05-17 06:00,False,0.55,0.57
HD,2005-08-16 06:00,False,0.79,0.82
HD,2005-11-15 06:00,False,0.68,0.72
HD,2006-02-21 06:00,False,0.56,0.6
HD,2006-05-16 06:00,False,0.67,0.7
HD,2006-08-15 06:00,False,0.92,0.93
HD,2006-11-14 06:00,False,0.75,0.73
HD,2007-02-20 06:00,False,0.51,0.5
HD,2007-05-15 06:00,False,0.59,0.53
HD,2007-08-14 06:00,False,0.74,0.77
HD,2007-11-13 06:00,False,0.6,0.59
HD,2008-02-26 06:00,False,0.43,0.4
HD,2008-05-20 06:00,False,0.37,0.41
HD,2008-08-19 06:00,False,0.61,0.71
HD,2008-11-18 06:00,False,0.39,0.45
HD,2009-02-24 06:00,False,0.15,0.19
HD,2009-05-19 06:00,False,0.28,0.35
HD,2009-08-18 06:00,False,0.59,0.64
HD,2009-11-17 06:00,False,0.35,0.41
HD,2010-02-23 06:00,False,0.17,0.24
HD,2010-05-18 06:00,False,0.39,0.45
HD,2010-08-17 06:00,False,0.7,0.72
HD,2010-11-16 06:00,False,0.48,0.51
HD,2011-02-22 06:00,False,0.3,0.36
HD,2011-05-17 06:00,False,0.49,0.5
HD,2011-08-16 06:00,False,0.82,0.86
HD,2011-11-15 06:00,False,0.58,0.6
HD,2012-02-21 06:00,False,0.42,0.5
HD,2012-05-15 06:00,False,0.64,0.65
HD,2012-08-14 06:00,False,0.97,1.01
HD,2012-11-13 06:00,False,0.7,0.74
HD,2013-02-26 06:00,False,0.64,0.67
HD,2013-05-21 06:00,False,0.76,0.83
HD,2013-08-20 06:00,False,1.21,1.24
HD,2013-11-19 06:00,False,0.9,0.95
HD,2014-02-25 06:00,False,0.71,0.73
HD,2014-05-20 06:00,False,0.98,0.96
HD,2014-08-19 06:00,False,1.45,1.52
HD,2014-11-18 06:00,False,1.14,1.12
HD,2015-02-24 06:00,False,0.89,1.0
HD,2015-05-19 06:00,False,1.15,1.16
HD,2015-08-18 06:00,False,1.69,1.71
HD,2015-11-17 06:00,False,1.32,1.36
HD,2016-02-23 06:00,False,1.1,1.17
HD,2016-05-17 06:00,False,1.35,1.44
HD,2016-08-16 06:00,False,1.97,1.97
HD,2016-11-15 06:00,False,1.58,1.6
HD,2017-02-21 06:00,False,1.34,1.44
HD,2017-05-16 06:00,False,1.61,1.67
HD,2017-08-15 06:00,False,2.22,2.25
HD,2017-11-14 06:00,False,1.82,1.84
HD,2018-02-20 06:00,False,1.64,1.69
HD,2018-05-15 06:00,False,2.05,2.08
HD,2018-08-14 06:00,False,2.85,3.05
HD,2018-11-13 06:00,False,2.27,2.51
HD,2019-02-26 06:00,False,2.16,2.25
HD,2019-05-21 06:00,False,2.19,2.27
HD,2019-08-20 06:00,False,3.08,3.17
HD,2019-11-19 06:00,False,2.53,2.53
HD,2020-02-25 06:00,False,2.11,2.28
HD,2020-05-19 06:00,False,2.26,2.08
HD,2020-08-18 06:00,False,3.72,4.02
HD,2020-11-17 06:00,False,3.04,3.18
HD,2021-02-23 06:00,False,2.62,2.74
HD,2021-05-18 06:00,False,3.05,3.86
HD,2021-08-17 06:00,False,4.43,4.53
HD,2021-11-16 06:00,False,3.4,3.92
HD,2022-02-22 06:00,False,3.18,3.21
HD,2022-05-17 06:00,False,3.69,4.09
HD,2022-08-16 06:00,False,4.93,5.05
HD,2022-11-15 06:00,False,4.12,4.24
HD,2023-02-21 06:00,False,3.29,3.3
HD,2023-05-16 06:00,False,3.8,3.82
HD,2023-08-15 06:00,False,4.44,4.65
HD,2023-11-14 06:00,False,3.76,3.81
HD,2024-02-20 06:00,False,2.77,2.82
HD,2024-05-14 06:00,False,3.61,3.63
HD,2024-08-13 06:00,False,4.55,4.6
HD,2024-11-12 06:00,False,3.66,3.67
HD,2025-02-25 06:00,False,3.04,3.02
HD,2025-05-20 06:00,False,3.59,3.56
HD,2025-08-19 06:00,False,4.69,4.68
HD,2025-11-18 06:00,False,3.83,3.74
HD,2026-02-24 06:00,False,2.52,2.72
HD,2026-05-19 06:00,False,3.41,3.43
HD,2026-08-18 06:00,False,4.73,4.92
HON,2002-04-18 07:00,False,0.9,0.9
HON,2002-07-16 07:00,False,1.08,1.1
HON,2002-10-16 07:00,False,1.0,1.0
HON,2003-01-31 08:00,False,1.0,1.0
HON,2003-04-17 06:00,False,0.67,0.64
HON,2003-07-17 07:00,False,0.73,0.74
HON,2003-10-16 07:00,False,0.8,0.8
HON,2004-01-29 06:00,False,0.93,0.98
HON,2004-04-21 06:00,False,0.6,0.68
HON,2004-07-21 02:00,False,0.76,0.9
HON,2004-10-20 06:00,False,0.85,0.86
HON,2005-01-28 07:00,False,0.98,0.98
HON,2005-04-20 07:00,False,0.8,0.84
HON,2005-07-20 07:00,False,1.01,1.08
HON,2005-10-19 07:00,False,1.07,1.1
HON,2006-01-26 07:00,False,1.22,1.22
HON,2006-04-19 07:00,False,0.98,1.04
HON,2006-07-20 07:00,False,1.23,1.26
HON,2006-10-19 08:00,False,1.27,1.32
HON,2007-01-26 07:00,False,1.44,1.44
HON,2007-04-20 07:00,False,1.23,1.32
HON,2007-07-19 08:00,False,1.52,1.56
HON,2007-10-19 07:00,False,1.63,1.62
HON,2008-01-24 23:00,True,1.82,1.82
HON,2008-04-18 07:00,False,1.65,1.7
HON,2008-07-18 07:00,False,1.87,1.92
HON,2008-10-17 07:00,False,1.9,1.94
HON,2009-01-30 07:00,False,1.94,1.94
HON,2009-04-24 07:00,False,1.08,1.08
HON,2009-07-27 07:00,False,1.21,1.2
HON,2009-10-23 07:00,False,1.44,1.52
HON,2010-01-29 07:00,False,1.8,1.82
HON,2010-04-23 06:00,False,0.96,1.0
HON,2010-07-23 07:00,False,1.15,1.2
HON,2010-10-22 07:00,False,1.25,1.28
HON,2011-01-28 07:00,False,1.72,1.74
HON,2011-04-20 17:00,True,1.64,1.76
HON,2011-07-22 07:00,False,1.96,2.0
HON,2011-10-21 07:00,False,2.01,1.74
HON,2012-01-27 07:00,False,2.1,2.1
HON,2012-04-20 07:00,False,1.97,2.08
HON,2012-07-18 07:00,False,2.22,2.28
HON,2012-10-19 06:00,False,2.27,2.4
HON,2013-01-25 07:00,False,2.19,2.2
HON,2013-04-19 07:00,False,2.28,2.42
HON,2013-07-19 07:00,False,2.43,2.56
HON,2013-10-18 07:00,False,2.49,2.48
HON,2014-01-24 07:00,False,2.43,2.48
HON,2014-04-17 07:00,False,2.52,2.56
HON,2014-07-18 07:00,False,2.71,2.76
HON,2014-10-17 06:00,False,2.83,2.94
HON,2015-01-23 07:00,False,2.83,2.86
HON,2015-04-17 07:00,False,2.79,2.82
HON,2015-07-17 07:00,False,2.98,3.02
HON,2015-10-16 06:00,False,3.09,3.2
HON,2016-01-29 06:00,False,3.17,3.06
HON,2016-04-22 06:00,False,3.0,3.06
HON,2016-07-22 06:00,False,3.28,3.32
HON,2016-10-21 06:00,False,3.2,3.2
HON,2017-01-27 06:00,False,3.48,3.48
HON,2017-04-21 06:00,False,3.25,3.42
HON,2017-07-21 06:00,False,3.56,3.6
HON,2017-10-20 06:00,False,3.49,3.5
HON,2018-01-26 06:00,False,3.68,3.7
HON,2018-04-20 06:00,False,3.8,3.9
HON,2018-07-20 06:00,False,4.02,4.24
HON,2018-10-19 06:00,False,3.98,4.06
HON,2019-02-01 06:00,False,3.78,3.82
HON,2019-04-18 06:00,False,3.67,3.84
HON,2019-07-18 06:00,False,4.17,4.2
HON,2019-10-17 06:00,False,4.02,4.16
HON,2020-01-31 06:00,False,4.08,4.12
HON,2020-05-01 06:00,False,3.89,4.42
HON,2020-07-24 06:00,False,2.48,2.52
HON,2020-10-30 06:00,False,2.97,3.12
HON,2021-01-29 06:00,False,4.0,4.14
HON,2021-04-23 06:00,False,3.6,3.84
HON,2021-07-23 06:00,False,3.89,4.04
HON,2021-10-22 06:00,False,3.99,4.04
HON,2022-02-03 06:00,False,4.16,4.18
HON,2022-04-29 06:00,False,3.72,3.82
HON,2022-07-28 06:00,False,4.05,4.2
HON,2022-10-27 06:00,False,4.3,4.5
HON,2023-02-02 06:00,False,5.02,5.04
HON,2023-04-27 06:00,False,3.85,4.14
HON,2023-07-27 06:00,False,4.43,4.46
HON,2023-10-26 06:00,False,4.46,4.54
HON,2024-02-01 06:00,False,5.18,5.2
HON,2024-04-25 06:00,False,4.36,4.5
HON,2024-07-25 06:00,False,4.83,4.98
HON,2024-10-24 06:00,False,5.01,5.16
HON,2025-02-06 06:00,False,4.69,4.94
HON,2025-04-29 06:00,False,4.42,5.02
HON,2025-07-24 06:00,False,5.32,5.5
HON,2025-10-23 06:00,False,5.13,5.64
HON,2026-01-29 06:00,False,5.07,5.18
HON,2026-04-23 06:00,False,4.64,4.9
HON,2026-07-23 06:00,False,1.82,1.95
IBM,2002-01-17 16:00,True,1.32,1.33
IBM,2002-04-17 16:00,True,0.69,0.68
IBM,2002-07-17 16:00,True,0.86,0.89
IBM,2002-10-16 16:00,True,0.96,0.99
IBM,2003-01-16 16:00,True,1.3,1.34
IBM,2003-04-14 16:00,True,0.8,0.79
IBM,2003-07-16 16:00,True,0.98,0.98
IBM,2003-10-15 16:00,True,1.02,1.02
IBM,2004-01-15 07:00,False,1.5,1.56
IBM,2004-04-15 16:00,True,0.93,0.93
IBM,2004-07-15 16:00,True,1.12,1.16
IBM,2004-10-18 16:00,True,1.14,1.17
IBM,2005-01-18 16:00,True,1.76,1.81
IBM,2005-04-14 16:00,True,0.9,0.85
IBM,2005-07-18 16:00,True,1.03,1.12
IBM,2005-10-17 16:00,True,1.13,1.26
IBM,2006-01-17 16:00,True,1.94,2.11
IBM,2006-04-18 16:00,True,1.05,1.08
IBM,2006-07-18 16:00,True,1.29,1.3
IBM,2006-10-17 16:00,True,1.35,1.45
IBM,2007-01-18 16:00,True,2.19,2.26
IBM,2007-04-17 16:00,True,1.21,1.21
IBM,2007-07-18 16:00,True,1.47,1.5
IBM,2007-10-16 16:00,True,1.68,1.68
IBM,2008-01-14 07:00,False,2.6,2.8
IBM,2008-04-16 16:00,True,1.45,1.65
IBM,2008-07-17 16:00,True,1.82,1.98
IBM,2008-10-16 16:00,True,2.02,2.05
IBM,2009-01-20 16:00,True,3.04,3.28
IBM,2009-04-20 16:00,True,1.66,1.7
IBM,2009-07-16 16:00,True,2.01,2.32
IBM,2009-10-15 16:00,True,2.38,2.4
IBM,2010-01-19 16:00,True,3.47,3.59
IBM,2010-04-19 15:00,False,1.94,1.97
IBM,2010-07-19 16:00,True,2.57,2.61
IBM,2010-10-18 16:00,True,2.75,2.82
IBM,2011-01-18 16:00,True,4.08,4.18
IBM,2011-04-19 16:00,True,2.3,2.41
IBM,2011-07-18 16:00,True,3.03,3.09
IBM,2011-10-17 16:00,True,3.22,3.28
IBM,2012-01-19 16:00,True,4.62,4.71
IBM,2012-04-17 16:00,True,2.65,2.78
IBM,2012-07-18 16:00,True,3.43,3.51
IBM,2012-10-16 16:00,True,3.61,3.62
IBM,2013-01-22 16:00,True,5.25,5.39
IBM,2013-04-18 16:00,True,3.05,3.0
IBM,2013-07-17 16:00,True,3.79,3.91
IBM,2013-10-16 16:00,True,3.96,3.99
IBM,2014-01-21 16:00,True,6.0,6.13
IBM,2014-04-16 16:00,True,2.54,2.54
IBM,2014-07-17 16:00,True,4.31,4.32
IBM,2014-10-20 07:00,False,4.32,3.54
IBM,2015-01-20 16:00,True,5.41,5.81
IBM,2015-04-20 16:00,True,2.84,2.91
IBM,2015-07-20 16:00,True,3.79,3.84
IBM,2015-10-19 16:00,True,3.3,3.34
IBM,2016-01-19 16:00,True,4.81,4.84
IBM,2016-04-18 16:00,True,2.17,2.35
IBM,2016-07-18 16:00,True,2.88,2.95
IBM,2016-10-17 16:00,True,3.23,3.29
IBM,2017-01-19 16:00,True,4.88,5.01
IBM,2017-04-18 16:00,True,2.35,2.38
IBM,2017-07-18 16:00,True,2.74,2.97
IBM,2017-10-17 16:00,True,3.28,3.3
IBM,2018-01-18 16:00,True,5.17,5.18
IBM,2018-04-17 16:00,True,2.42,2.45
IBM,2018-07-18 16:00,True,3.04,3.08
IBM,2018-10-16 16:00,True,3.4,3.42
IBM,2019-01-22 16:00,True,4.82,4.87
IBM,2019-04-16 16:00,True,2.24,2.25
IBM,2019-07-17 16:00,True,3.07,3.17
IBM,2019-10-16 16:00,True,2.66,2.68
IBM,2020-01-21 16:00,True,4.69,4.71
IBM,2020-04-20 17:00,True,1.8,1.84
IBM,2020-07-20 16:00,True,2.09,2.18
IBM,2020-10-19 16:00,True,2.58,2.58
IBM,2021-01-21 16:00,True,1.88,2.07
IBM,2021-04-19 16:00,True,1.65,1.77
IBM,2021-07-19 16:00,True,2.29,2.33
IBM,2021-10-20 16:00,True,2.51,2.52
IBM,2022-01-24 16:00,True,3.29,3.35
IBM,2022-04-19 16:00,True,1.42,1.4
IBM,2022-07-18 16:00,True,2.29,2.31
IBM,2022-10-19 16:00,True,1.8,1.81
IBM,2023-01-25 16:00,True,3.61,3.6
IBM,2023-04-19 16:00,True,1.24,1.36
IBM,2023-07-19 16:00,True,2.0,2.18
IBM,2023-10-25 16:00,True,2.13,2.2
IBM,2024-01-24 16:00,True,3.8,3.87
IBM,2024-04-24 16:00,True,1.6,1.68
IBM,2024-07-24 16:00,True,2.17,2.43
IBM,2024-10-23 16:00,True,2.23,2.3
IBM,2025-01-29 16:00,True,3.78,3.92
IBM,2025-04-23 16:00,True,1.43,1.6
IBM,2025-07-23 16:00,True,2.65,2.8
IBM,2025-10-22 16:00,True,2.45,2.65
IBM,2026-01-28 16:00,True,4.29,4.52
IBM,2026-04-22 16:00,True,1.81,1.91
IBM,2026-07-22 16:00,True,2.93,2.93
INTC,2002-04-16 16:00,True,0.15,0.15
INTC,2002-07-16 16:00,True,0.11,0.1
INTC,2002-10-15 16:00,True,0.13,0.11
INTC,2003-01-14 16:00,True,0.14,0.16
INTC,2003-04-15 16:00,True,0.12,0.14
INTC,2003-07-15 16:00,True,0.13,0.14
INTC,2003-10-14 16:00,True,0.23,0.25
INTC,2004-01-14 16:00,True,0.25,0.27
INTC,2004-04-13 16:00,True,0.27,0.28
INTC,2004-07-13 16:00,True,0.27,0.27
INTC,2004-10-12 16:00,True,0.27,0.26
INTC,2005-01-11 16:00,True,0.31,0.33
INTC,2005-04-19 16:00,True,0.31,0.34
INTC,2005-07-19 16:00,True,0.33,0.33
INTC,2005-10-18 16:00,True,0.34,0.38
INTC,2006-01-17 16:00,True,0.43,0.4
INTC,2006-04-19 16:00,True,0.22,0.23
INTC,2006-07-19 16:00,True,0.13,0.15
INTC,2006-10-17 16:00,True,0.17,0.21
INTC,2007-01-16 16:00,True,0.25,0.25
INTC,2007-04-17 16:00,True,0.22,0.22
INTC,2007-07-17 16:00,True,0.19,0.19
INTC,2007-10-16 16:00,True,0.3,0.31
INTC,2008-01-15 16:00,True,0.4,0.38
INTC,2008-04-15 16:00,True,0.26,0.25
INTC,2008-07-16 04:00,False,0.26,0.28
INTC,2008-10-14 16:00,True,0.34,0.35
INTC,2009-01-15 16:00,True,0.05,0.04
INTC,2009-04-14 16:00,True,0.03,0.11
INTC,2009-07-14 16:00,True,0.09,0.18
INTC,2009-10-13 16:00,True,0.28,0.33
INTC,2010-01-14 16:00,True,0.42,0.55
INTC,2010-04-13 15:00,False,0.38,0.43
INTC,2010-07-13 16:00,True,0.43,0.51
INTC,2010-10-12 16:00,True,0.5,0.52
INTC,2011-01-13 16:00,True,0.53,0.59
INTC,2011-04-19 16:00,True,0.46,0.59
INTC,2011-07-20 16:00,True,0.51,0.59
INTC,2011-10-18 16:00,True,0.61,0.69
INTC,2012-01-19 16:00,True,0.63,0.68
INTC,2012-04-17 16:00,True,0.53,0.56
INTC,2012-07-17 16:00,True,0.55,0.57
INTC,2012-10-16 16:00,True,0.52,0.6
INTC,2013-01-17 16:00,True,0.49,0.51
INTC,2013-04-16 16:00,True,0.44,0.4
INTC,2013-07-17 16:00,True,0.4,0.39
INTC,2013-10-15 16:00,True,0.53,0.58
INTC,2014-01-16 16:00,True,0.52,0.51
INTC,2014-04-25 19:00,True,0.37,0.38
INTC,2014-07-15 16:00,True,0.52,0.55
INTC,2014-10-14 16:00,True,0.65,0.66
INTC,2015-01-15 16:00,True,0.66,0.74
INTC,2015-04-27 19:00,True,0.41,0.41
INTC,2015-07-15 16:00,True,0.5,0.55
INTC,2015-10-13 16:00,True,0.59,0.64
INTC,2016-01-14 16:00,True,0.63,0.74
INTC,2016-04-19 16:00,True,0.48,0.54
INTC,2016-07-20 16:00,True,0.53,0.59
INTC,2016-10-18 16:00,True,0.72,0.8
INTC,2017-01-26 16:00,True,0.75,0.79
INTC,2017-04-27 16:00,True,0.65,0.66
INTC,2017-07-27 16:00,True,0.68,0.72
INTC,2017-10-26 16:00,True,0.8,1.01
INTC,2018-01-25 18:00,True,0.87,1.08
INTC,2018-04-26 16:00,True,0.72,0.87
INTC,2018-07-26 16:00,True,0.97,1.04
INTC,2018-10-25 16:00,True,1.15,1.4
INTC,2019-01-24 16:00,True,1.22,1.28
INTC,2019-04-25 16:00,True,0.87,0.89
INTC,2019-07-25 16:00,True,0.9,1.06
INTC,2019-10-24 16:00,True,1.24,1.42
INTC,2020-01-23 16:00,True,1.25,1.52
INTC,2020-04-23 16:00,True,1.26,1.45
INTC,2020-07-23 16:00,True,1.11,1.23
INTC,2020-10-22 16:00,True,1.11,1.11
INTC,2021-01-21 16:00,True,1.11,1.52
INTC,2021-04-22 16:00,True,1.14,1.39
INTC,2021-07-22 16:00,True,1.07,1.28
INTC,2021-10-21 16:00,True,1.11,1.71
INTC,2022-01-26 16:00,True,0.91,1.09
INTC,2022-04-28 16:00,True,0.8,0.87
INTC,2022-07-28 16:00,True,0.7,0.29
INTC,2022-10-27 16:00,True,0.33,0.59
INTC,2023-01-26 16:00,True,0.2,0.1
INTC,2023-04-27 16:00,True,-0.14,-0.04
INTC,2023-07-27 16:00,True,-0.03,0.13
INTC,2023-10-26 16:00,True,0.22,0.41
INTC,2024-01-25 16:00,True,0.45,0.54
INTC,2024-04-25 16:00,True,0.14,0.18
INTC,2024-08-01 12:00,False,0.1,0.02
INTC,2024-10-31 16:00,True,-0.03,-0.46
INTC,2025-01-30 16:00,True,0.12,0.13
INTC,2025-04-24 16:00,True,,0.13
INTC,2025-07-24 16:00,True,0.01,-0.1
INTC,2025-10-23 16:00,True,0.01,0.23
INTC,2026-01-22 16:00,True,0.08,0.15
INTC,2026-04-23 16:00,True,0.01,0.29
INTC,2026-07-23 16:00,True,0.22,0.42
JNJ,2002-01-22 08:00,False,0.38,0.39
JNJ,2002-04-16 08:00,False,0.58,0.59
JNJ,2002-07-16 08:00,False,0.59,0.6
JNJ,2002-10-15 08:00,False,0.59,0.6
JNJ,2003-01-21 08:00,False,0.47,0.48
JNJ,2003-04-15 08:00,False,0.68,0.69
JNJ,2003-07-15 08:00,False,0.69,0.7
JNJ,2003-10-14 08:00,False,0.68,0.69
JNJ,2004-01-20 08:00,False,0.56,0.57
JNJ,2004-04-13 08:00,False,0.8,0.83
JNJ,2004-07-13 08:00,False,0.79,0.82
JNJ,2004-10-12 08:00,False,0.76,0.78
JNJ,2005-01-25 08:00,False,0.64,0.67
JNJ,2005-04-19 08:00,False,0.92,0.97
JNJ,2005-07-19 08:00,False,0.91,0.93
JNJ,2005-10-18 08:00,False,0.86,0.87
JNJ,2006-01-24 08:00,False,0.73,0.73
JNJ,2006-04-18 08:00,False,0.98,0.99
JNJ,2006-07-18 08:00,False,0.97,0.98
JNJ,2006-10-17 08:00,False,0.93,0.98
JNJ,2007-01-23 08:00,False,0.79,0.81
JNJ,2007-04-17 08:00,False,1.04,1.16
JNJ,2007-07-16 19:00,True,1.0,1.05
JNJ,2007-10-16 07:00,False,0.99,1.06
JNJ,2008-01-22 07:00,False,0.86,0.88
JNJ,2008-04-15 08:00,False,1.2,1.26
JNJ,2008-07-15 07:00,False,1.12,1.18
JNJ,2008-10-14 07:00,False,1.11,1.17
JNJ,2009-01-20 07:00,False,0.92,0.94
JNJ,2009-04-14 07:00,False,1.22,1.26
JNJ,2009-07-14 07:00,False,1.11,1.15
JNJ,2009-10-13 07:00,False,1.13,1.2
JNJ,2010-01-26 07:00,False,0.97,1.02
JNJ,2010-04-20 06:00,False,1.27,1.29
JNJ,2010-07-20 07:00,False,1.2,1.21
JNJ,2010-10-19 07:00,False,1.15,1.23
JNJ,2011-01-25 07:00,False,1.03,1.03
JNJ,2011-04-19 07:00,False,1.26,1.35
JNJ,2011-07-19 07:00,False,1.24,1.28
JNJ,2011-10-18 07:00,False,1.21,1.24
JNJ,2012-01-24 07:00,False,1.09,1.13
JNJ,2012-04-17 07:00,False,1.36,1.37
JNJ,2012-07-17 07:00,False,1.29,1.3
JNJ,2012-10-16 07:00,False,1.21,1.25
JNJ,2013-01-22 07:00,False,1.17,1.19
JNJ,2013-04-16 07:00,False,1.4,1.44
JNJ,2013-07-16 07:00,False,1.39,1.48
JNJ,2013-10-15 07:00,False,1.32,1.36
JNJ,2014-01-21 07:00,False,1.2,1.24
JNJ,2014-04-15 07:00,False,1.48,1.54
JNJ,2014-07-15 07:00,False,1.55,1.66
JNJ,2014-10-14 07:00,False,1.45,1.5
JNJ,2015-01-20 07:00,False,1.26,1.27
JNJ,2015-04-14 07:00,False,1.54,1.56
JNJ,2015-07-14 07:00,False,1.68,1.71
JNJ,2015-10-13 07:00,False,1.45,1.49
JNJ,2016-01-26 06:00,False,1.42,1.44
JNJ,2016-04-19 06:00,False,1.65,1.68
JNJ,2016-07-19 06:00,False,1.68,1.74
JNJ,2016-10-18 06:00,False,1.66,1.68
JNJ,2017-01-24 06:00,False,1.56,1.58
JNJ,2017-04-18 06:00,False,1.77,1.83
JNJ,2017-07-18 06:00,False,1.79,1.83
JNJ,2017-10-17 06:00,False,1.8,1.9
JNJ,2018-01-23 06:00,False,1.72,1.74
JNJ,2018-04-17 06:00,False,2.0,2.06
JNJ,2018-07-17 06:00,False,2.07,2.1
JNJ,2018-10-16 06:00,False,2.03,2.05
JNJ,2019-01-22 06:00,False,1.95,1.97
JNJ,2019-04-16 06:00,False,2.04,2.1
JNJ,2019-07-16 06:00,False,2.44,2.58
JNJ,2019-10-15 06:00,False,2.01,2.12
JNJ,2020-01-22 06:00,False,1.87,1.88
JNJ,2020-04-14 07:00,False,2.0,2.3
JNJ,2020-07-16 06:00,False,1.51,1.67
JNJ,2020-10-13 06:00,False,1.98,2.2
JNJ,2021-01-26 06:00,False,1.83,1.86
JNJ,2021-04-20 06:00,False,2.35,2.59
JNJ,2021-07-21 06:00,False,2.28,2.48
JNJ,2021-10-19 06:00,False,2.35,2.6
JNJ,2022-01-25 06:00,False,2.12,2.13
JNJ,2022-04-19 06:00,False,2.57,2.67
JNJ,2022-07-19 06:00,False,2.55,2.59
JNJ,2022-10-18 06:00,False,2.49,2.55
JNJ,2023-01-24 06:00,False,2.24,2.35
JNJ,2023-04-18 06:00,False,2.5,2.68
JNJ,2023-07-20 06:00,False,2.62,2.8
JNJ,2023-10-17 06:00,False,2.52,2.66
JNJ,2024-01-23 06:00,False,2.28,2.29
JNJ,2024-04-16 06:00,False,2.65,2.71
JNJ,2024-07-17 06:00,False,2.7,2.82
JNJ,2024-10-15 06:00,False,2.21,2.42
JNJ,2025-01-22 06:00,False,2.01,2.04
JNJ,2025-04-15 06:00,False,2.58,2.77
JNJ,2025-07-16 06:00,False,2.68,2.77
JNJ,2025-10-14 06:00,False,2.76,2.8
JNJ,2026-01-21 06:00,False,2.46,2.46
JNJ,2026-04-14 06:00,False,2.68,2.7
JNJ,2026-07-15 06:00,False,2.85,2.9
JPM,2002-01-16 07:00,False,0.35,0.12
JPM,2002-04-17 07:00,False,0.53,0.57
JPM,2002-07-17 07:00,False,0.65,0.58
JPM,2002-10-16 07:00,False,0.07,0.16
JPM,2003-01-22 07:00,False,-0.07,-0.07
JPM,2003-04-16 07:00,False,0.5,0.69
JPM,2003-07-16 07:00,False,0.62,0.89
JPM,2003-10-22 07:00,False,0.76,0.78
JPM,2004-01-21 07:00,False,0.77,0.89
JPM,2004-04-21 07:00,False,0.87,0.92
JPM,2004-07-21 06:00,False,0.83,0.85
JPM,2004-10-20 07:00,False,0.74,0.6
JPM,2005-01-19 06:00,False,0.69,0.64
JPM,2005-04-20 06:00,False,0.7,0.81
JPM,2005-07-20 06:00,False,0.65,0.66
JPM,2005-10-19 06:00,False,0.72,0.75
JPM,2006-01-18 07:00,False,0.73,0.73
JPM,2006-04-19 06:00,False,0.83,0.86
JPM,2006-07-19 06:00,False,0.87,0.92
JPM,2006-10-18 06:00,False,0.86,0.91
JPM,2007-01-17 07:00,False,0.94,1.01
JPM,2007-04-18 06:00,False,1.02,1.23
JPM,2007-07-18 06:00,False,1.08,1.2
JPM,2007-10-17 06:00,False,0.9,0.97
JPM,2008-01-16 06:00,False,0.91,0.86
JPM,2008-04-16 06:00,False,0.65,0.68
JPM,2008-07-17 06:00,False,0.44,0.54
JPM,2008-10-15 06:00,False,-0.29,-0.06
JPM,2009-01-15 06:00,False,0.01,-0.28
JPM,2009-04-16 06:00,False,0.3,0.4
JPM,2009-07-16 06:00,False,0.06,0.28
JPM,2009-10-14 06:00,False,0.53,0.82
JPM,2010-01-15 06:00,False,0.61,0.74
JPM,2010-04-14 05:00,False,0.64,0.74
JPM,2010-07-15 06:00,False,0.74,1.09
JPM,2010-10-13 06:00,False,0.9,1.01
JPM,2011-01-14 07:00,False,1.01,1.12
JPM,2011-04-13 06:00,False,1.16,1.28
JPM,2011-07-14 06:00,False,1.2,1.27
JPM,2011-10-13 06:00,False,0.91,1.02
JPM,2012-01-13 06:00,False,0.91,0.9
JPM,2012-04-13 07:00,False,1.17,1.31
JPM,2012-07-13 06:00,False,0.82,1.21
JPM,2012-10-12 06:00,False,1.23,1.4
JPM,2013-01-16 06:00,False,1.21,1.39
JPM,2013-04-12 06:00,False,1.38,1.59
JPM,2013-07-12 06:00,False,1.45,1.6
JPM,2013-10-11 06:00,False,1.28,1.42
JPM,2014-01-14 06:00,False,1.33,1.4
JPM,2014-04-11 07:00,False,1.4,1.28
JPM,2014-07-15 06:00,False,1.3,1.46
JPM,2014-10-14 06:00,False,1.38,1.62
JPM,2015-01-14 06:00,False,1.32,1.19
JPM,2015-04-14 07:00,False,1.41,1.45
JPM,2015-07-14 07:00,False,1.44,1.54
JPM,2015-10-13 16:00,True,1.37,1.32
JPM,2016-01-14 06:00,False,1.26,1.32
JPM,2016-04-13 06:00,False,1.26,1.35
JPM,2016-07-14 06:00,False,1.43,1.55
JPM,2016-10-14 02:00,False,1.39,1.58
JPM,2017-01-13 07:00,False,1.42,1.58
JPM,2017-04-13 06:00,False,1.51,1.65
JPM,2017-07-14 06:00,False,1.59,1.71
JPM,2017-10-12 06:00,False,1.66,1.76
JPM,2018-01-12 06:00,False,1.69,1.76
JPM,2018-04-13 06:00,False,2.29,2.26
JPM,2018-07-13 06:00,False,2.22,2.29
JPM,2018-10-12 06:00,False,2.26,2.34
JPM,2019-01-15 06:00,False,2.19,1.98
JPM,2019-04-12 06:00,False,2.35,2.65
JPM,2019-07-16 06:00,False,2.49,2.82
JPM,2019-10-15 06:00,False,2.45,2.68
JPM,2020-01-14 06:00,False,2.36,2.57
JPM,2020-04-14 06:00,False,2.2,2.89
JPM,2020-07-14 06:00,False,1.21,1.08
JPM,2020-10-13 06:00,False,2.24,3.09
JPM,2021-01-15 06:00,False,2.65,3.07
JPM,2021-04-14 06:00,False,3.06,4.59
JPM,2021-07-13 06:00,False,3.17,3.78
JPM,2021-10-13 06:00,False,3.0,3.55
JPM,2022-01-14 06:00,False,3.03,3.33
JPM,2022-04-13 06:00,False,2.71,2.63
JPM,2022-07-14 06:00,False,2.9,2.76
JPM,2022-10-14 06:00,False,2.85,3.12
JPM,2023-01-13 06:00,False,3.1,3.57
JPM,2023-04-14 06:00,False,3.37,4.1
JPM,2023-07-14 06:00,False,3.76,4.75
JPM,2023-10-13 06:00,False,3.97,4.33
JPM,2024-01-12 06:00,False,3.6,3.04
JPM,2024-04-12 06:00,False,4.13,4.44
JPM,2024-07-12 06:00,False,5.09,6.12
JPM,2024-10-11 06:00,False,3.99,4.37
JPM,2025-01-15 06:00,False,4.04,4.81
JPM,2025-04-11 06:00,False,4.64,5.07
JPM,2025-07-15 06:00,False,4.48,4.96
JPM,2025-10-14 06:00,False,4.87,5.07
JPM,2026-01-13 06:00,False,4.82,4.63
JPM,2026-04-14 06:00,False,5.51,5.94
JPM,2026-07-14 06:00,False,5.8,6.14
KO,2002-01-29 07:00,False,0.18,0.19
KO,2002-04-16 07:00,False,0.19,0.2
KO,2002-07-17 07:00,False,0.26,0.26
KO,2002-10-16 07:00,False,0.24,0.24
KO,2003-02-12 07:00,False,0.2,0.2
KO,2003-04-16 07:00,False,0.19,0.19
KO,2003-07-17 06:00,False,0.27,0.28
KO,2003-10-16 06:00,False,0.26,0.28
KO,2004-02-11 06:00,False,0.22,0.23
KO,2004-04-21 06:00,False,0.22,0.23
KO,2004-07-22 16:00,True,0.32,0.32
KO,2004-10-21 16:00,True,0.23,0.25
KO,2005-02-16 07:00,False,0.2,0.23
KO,2005-04-19 06:00,False,0.22,0.24
KO,2005-07-21 06:00,False,0.32,0.34
KO,2005-10-20 06:00,False,0.26,0.28
KO,2006-02-07 06:00,False,0.22,0.23
KO,2006-04-19 06:00,False,0.24,0.25
KO,2006-07-18 07:00,False,0.36,0.38
KO,2006-10-19 06:00,False,0.3,0.31
KO,2007-02-14 06:00,False,0.25,0.26
KO,2007-04-17 06:00,False,0.27,0.28
KO,2007-07-17 07:00,False,0.41,0.43
KO,2007-10-17 07:00,False,0.34,0.36
KO,2008-02-13 07:00,False,0.27,0.29
KO,2008-04-16 07:00,False,0.31,0.34
KO,2008-07-17 06:00,False,0.48,0.51
KO,2008-10-15 07:00,False,0.38,0.42
KO,2009-02-12 08:00,False,0.31,0.32
KO,2009-04-21 07:00,False,0.32,0.33
KO,2009-07-21 07:00,False,0.44,0.46
KO,2009-10-20 07:00,False,0.41,0.41
KO,2010-02-09 07:00,False,0.33,0.33
KO,2010-04-20 06:00,False,0.37,0.4
KO,2010-07-21 07:00,False,0.51,0.53
KO,2010-10-19 07:00,False,0.45,0.46
KO,2011-02-09 07:00,False,0.36,0.36
KO,2011-04-26 07:00,False,0.43,0.43
KO,2011-07-19 07:00,False,0.58,0.59
KO,2011-10-18 07:00,False,0.51,0.52
KO,2012-02-07 07:00,False,0.39,0.4
KO,2012-04-17 07:00,False,0.44,0.45
KO,2012-07-17 07:00,False,0.59,0.61
KO,2012-10-16 07:00,False,0.51,0.51
KO,2013-02-12 07:00,False,0.44,0.45
KO,2013-04-16 07:00,False,0.45,0.46
KO,2013-07-16 07:00,False,0.63,0.63
KO,2013-10-15 07:00,False,0.53,0.53
KO,2014-02-18 07:00,False,0.46,0.46
KO,2014-04-15 07:00,False,0.44,0.44
KO,2014-07-22 07:00,False,0.63,0.64
KO,2014-10-21 07:00,False,0.53,0.53
KO,2015-02-10 07:00,False,0.42,0.44
KO,2015-04-22 07:00,False,0.42,0.48
KO,2015-07-22 07:00,False,0.6,0.63
KO,2015-10-21 07:00,False,0.5,0.51
KO,2016-02-09 06:00,False,0.37,0.38
KO,2016-04-20 06:00,False,0.44,0.45
KO,2016-07-27 06:00,False,0.58,0.6
KO,2016-10-26 06:00,False,0.48,0.49
KO,2017-02-09 07:00,False,0.37,0.37
KO,2017-04-25 06:00,False,0.44,0.43
KO,2017-07-26 06:00,False,0.57,0.59
KO,2017-10-25 06:00,False,0.49,0.5
KO,2018-02-16 07:00,False,0.38,0.39
KO,2018-04-24 07:00,False,0.46,0.47
KO,2018-07-25 07:00,False,0.6,0.61
KO,2018-10-30 07:00,False,0.55,0.58
KO,2019-02-14 07:00,False,0.43,0.43
KO,2019-04-23 07:00,False,0.46,0.48
KO,2019-07-23 06:00,False,0.61,0.63
KO,2019-10-18 06:00,False,0.56,0.56
KO,2020-01-30 06:00,False,0.44,0.44
KO,2020-04-21 06:00,False,0.44,0.51
KO,2020-07-21 06:00,False,0.41,0.42
KO,2020-10-22 06:00,False,0.46,0.55
KO,2021-02-10 06:00,False,0.42,0.47
KO,2021-04-19 07:00,False,0.5,0.55
KO,2021-07-21 07:00,False,0.56,0.68
KO,2021-10-27 06:00,False,0.58,0.65
KO,2022-02-10 06:00,False,0.41,0.45
KO,2022-04-25 06:00,False,0.58,0.64
KO,2022-07-26 07:00,False,0.67,0.7
KO,2022-10-25 06:00,False,0.64,0.69
KO,2023-02-14 06:00,False,0.45,0.45
KO,2023-04-24 06:00,False,0.65,0.68
KO,2023-07-26 06:00,False,0.72,0.78
KO,2023-10-24 06:00,False,0.69,0.74
KO,2024-02-13 06:00,False,0.49,0.49
KO,2024-04-30 06:00,False,0.7,0.72
KO,2024-07-23 06:00,False,0.81,0.84
KO,2024-10-23 06:00,False,0.75,0.77
KO,2025-02-11 06:00,False,0.52,0.55
KO,2025-04-29 06:00,False,0.72,0.73
KO,2025-07-22 07:00,False,0.84,0.87
KO,2025-10-21 06:00,False,0.78,0.82
KO,2026-02-10 06:00,False,0.56,0.58
KO,2026-04-28 07:00,False,0.81,0.86
KO,2026-07-28 06:00,False,0.93,0.97
LIN,2002-04-22 06:00,False,0.37,0.39
LIN,2002-07-24 06:00,False,0.4,0.77
LIN,2002-10-23 06:00,False,0.43,0.43
LIN,2003-01-29 06:00,False,0.42,0.43
LIN,2003-04-21 06:00,False,0.39,0.4
LIN,2003-07-23 06:00,False,0.43,0.44
LIN,2003-10-29 06:00,False,0.45,0.46
LIN,2004-01-27 20:00,True,0.66,0.47
LIN,2004-04-28 06:00,False,0.61,0.49
LIN,2004-07-28 06:00,False,0.51,0.53
LIN,2004-10-27 06:00,False,0.58,0.53
LIN,2005-01-26 06:00,False,0.54,0.55
LIN,2005-04-27 06:00,False,0.58,0.59
LIN,2005-07-27 06:00,False,0.61,0.63
LIN,2005-10-26 06:00,False,0.6,0.61
LIN,2006-01-25 06:00,False,0.64,0.67
LIN,2006-04-26 06:00,False,0.64,0.68
LIN,2006-07-26 06:00,False,0.71,0.72
LIN,2006-10-25 06:00,False,0.73,0.75
LIN,2007-01-24 06:00,False,0.78,0.82
LIN,2007-04-25 06:00,False,0.8,0.81
LIN,2007-07-25 06:00,False,0.87,0.89
LIN,2007-10-24 06:00,False,0.91,0.94
LIN,2008-01-23 06:00,False,0.96,0.98
LIN,2008-04-23 06:00,False,0.95,0.99
LIN,2008-07-23 06:00,False,1.06,1.08
LIN,2008-10-29 06:00,False,1.06,1.11
LIN,2009-01-28 06:00,False,0.96,1.01
LIN,2009-04-29 06:00,False,0.92,0.93
LIN,2009-07-29 06:00,False,0.99,0.96
LIN,2009-10-28 06:00,False,1.0,1.02
LIN,2010-01-27 06:00,False,1.09,1.09
LIN,2010-04-28 06:00,False,1.09,1.09
LIN,2010-07-28 06:00,False,1.13,1.19
LIN,2010-10-27 06:00,False,1.2,1.21
LIN,2011-01-26 06:00,False,1.23,1.25
LIN,2011-04-27 06:00,False,1.26,1.29
LIN,2011-07-27 06:00,False,1.37,1.38
LIN,2011-10-26 06:00,False,1.39,1.4
LIN,2012-01-25 06:00,False,1.37,1.36
LIN,2012-04-25 06:00,False,1.36,1.38
LIN,2012-07-25 06:00,False,1.42,1.42
LIN,2012-10-24 06:00,False,1.39,1.39
LIN,2013-01-23 06:00,False,1.38,1.38
LIN,2013-04-24 06:00,False,1.38,1.38
LIN,2013-07-24 06:00,False,1.48,1.49
LIN,2013-10-30 06:00,False,1.52,1.51
LIN,2014-01-29 06:00,False,1.55,1.55
LIN,2014-04-23 06:00,False,1.51,1.51
LIN,2014-07-23 06:00,False,1.59,1.58
LIN,2014-10-29 06:00,False,1.62,1.62
LIN,2015-01-28 06:00,False,1.56,1.57
LIN,2015-04-29 06:00,False,1.44,1.43
LIN,2015-07-29 06:00,False,1.45,1.45
LIN,2015-10-29 06:00,False,1.45,1.46
LIN,2016-01-29 06:00,False,1.47,1.47
LIN,2016-04-29 06:00,False,1.27,1.28
LIN,2016-07-28 06:00,False,1.36,1.39
LIN,2016-10-27 06:00,False,1.4,1.41
LIN,2017-01-26 06:00,False,1.41,1.41
LIN,2017-04-27 06:00,False,1.33,1.37
LIN,2017-07-27 06:00,False,1.42,1.46
LIN,2017-10-26 06:00,False,1.44,1.5
LIN,2018-01-25 06:00,False,1.48,1.52
LIN,2018-04-26 06:00,False,1.56,1.65
LIN,2018-07-26 06:00,False,1.7,1.72
LIN,2018-11-09 11:00,False,1.69,1.69
LIN,2019-05-10 13:00,False,1.57,1.69
LIN,2019-08-05 07:00,False,1.71,1.83
LIN,2019-11-12 06:00,False,1.77,1.94
LIN,2020-02-13 06:00,False,1.84,1.89
LIN,2020-03-01 19:00,True,1.51,-0.48
LIN,2020-05-07 05:00,False,1.84,1.89
LIN,2020-07-31 09:00,False,1.65,1.9
LIN,2020-11-05 14:00,False,1.95,2.15
LIN,2021-02-05 05:00,False,2.15,2.3
LIN,2021-05-06 05:00,False,2.26,2.49
LIN,2021-07-30 13:00,False,2.53,2.7
LIN,2021-10-29 11:00,False,2.66,2.73
LIN,2022-02-10 05:00,False,2.67,2.77
LIN,2022-04-28 07:00,False,2.77,2.93
LIN,2022-07-28 05:00,False,2.96,3.1
LIN,2022-10-27 06:00,False,2.93,3.1
LIN,2023-02-07 05:00,False,2.89,3.16
LIN,2023-04-27 13:00,False,3.14,3.42
LIN,2023-07-27 06:00,False,3.49,3.57
LIN,2023-10-26 06:00,False,3.57,3.63
LIN,2024-02-06 06:00,False,3.5,3.59
LIN,2024-05-02 06:00,False,3.67,3.75
LIN,2024-08-02 05:00,False,3.79,3.85
LIN,2024-10-31 10:00,False,3.91,3.94
LIN,2025-02-06 06:00,False,3.92,3.97
LIN,2025-05-01 07:00,False,3.92,3.95
LIN,2025-08-01 06:00,False,4.04,4.09
LIN,2025-10-31 06:00,False,4.18,4.21
LIN,2026-02-05 06:00,False,4.18,4.2
LIN,2026-05-01 01:00,False,4.27,4.33
LIN,2026-07-31 05:00,False,4.12,4.15
LLY,2002-01-24 07:00,False,0.6,0.6
LLY,2002-04-15 07:00,False,0.58,0.58
LLY,2002-07-18 07:00,False,0.61,0.61
LLY,2002-10-23 07:00,False,0.68,0.68
LLY,2003-01-23 07:00,False,0.68,0.68
LLY,2003-04-22 07:00,False,0.58,0.61
LLY,2003-07-24 07:00,False,0.6,0.64
LLY,2003-10-22 16:00,True,0.66,0.66
LLY,2004-01-29 07:00,False,0.67,0.67
LLY,2004-04-19 07:00,False,0.66,0.7
LLY,2004-07-22 07:00,False,0.68,0.68
LLY,2004-10-21 08:00,False,0.68,0.69
LLY,2005-01-26 07:00,False,0.74,0.75
LLY,2005-04-18 07:00,False,0.68,0.68
LLY,2005-07-21 07:00,False,0.67,0.67
LLY,2005-10-20 07:00,False,0.71,0.73
LLY,2006-01-26 06:00,False,0.78,0.8
LLY,2006-04-20 07:00,False,0.75,0.77
LLY,2006-07-21 07:00,False,0.75,0.76
LLY,2006-10-19 07:00,False,0.79,0.8
LLY,2007-01-31 06:00,False,0.82,0.85
LLY,2007-04-16 06:00,False,0.79,0.84
LLY,2007-07-24 06:00,False,0.82,0.9
LLY,2007-10-17 19:00,True,0.87,0.91
LLY,2008-01-29 07:00,False,0.89,0.9
LLY,2008-04-21 06:00,False,0.96,0.92
LLY,2008-07-24 07:00,False,1.0,0.99
LLY,2008-10-23 06:00,False,1.02,1.04
LLY,2009-01-29 06:00,False,1.05,1.07
LLY,2009-04-20 06:00,False,0.99,1.2
LLY,2009-07-22 06:00,False,1.02,1.12
LLY,2009-10-21 06:00,False,1.02,1.2
LLY,2010-01-28 06:00,False,0.91,0.91
LLY,2010-04-19 05:00,False,1.11,1.18
LLY,2010-07-22 06:00,False,1.11,1.24
LLY,2010-10-21 06:00,False,1.15,1.21
LLY,2011-01-27 06:00,False,1.09,1.11
LLY,2011-04-18 06:00,False,1.16,1.24
LLY,2011-07-21 06:00,False,1.18,1.18
LLY,2011-10-20 06:00,False,1.12,1.13
LLY,2012-01-31 06:00,False,0.81,0.87
LLY,2012-04-25 06:00,False,0.8,0.92
LLY,2012-07-25 06:00,False,0.77,0.83
LLY,2012-10-24 06:00,False,0.83,0.79
LLY,2013-01-29 06:00,False,0.79,0.85
LLY,2013-04-24 06:00,False,1.05,1.14
LLY,2013-07-24 06:00,False,1.01,1.16
LLY,2013-10-23 06:00,False,1.03,1.11
LLY,2014-01-30 06:00,False,0.74,0.74
LLY,2014-04-24 06:00,False,0.7,0.7
LLY,2014-07-24 06:00,False,0.65,0.68
LLY,2014-10-23 06:00,False,0.67,0.66
LLY,2015-01-30 06:00,False,0.73,0.75
LLY,2015-04-23 06:00,False,0.74,0.87
LLY,2015-07-23 06:00,False,0.74,0.9
LLY,2015-10-22 06:00,False,0.76,0.89
LLY,2016-01-28 06:00,False,0.78,0.78
LLY,2016-04-26 06:00,False,0.85,0.83
LLY,2016-07-26 06:00,False,0.86,0.86
LLY,2016-10-25 06:00,False,0.96,0.88
LLY,2017-01-31 06:00,False,0.98,0.95
LLY,2017-04-25 06:00,False,0.96,0.98
LLY,2017-07-25 06:00,False,1.05,1.11
LLY,2017-10-24 06:00,False,1.03,1.05
LLY,2018-01-31 06:00,False,1.07,1.14
LLY,2018-04-24 06:00,False,1.13,1.34
LLY,2018-07-24 06:00,False,1.3,1.5
LLY,2018-11-06 06:00,False,1.35,1.39
LLY,2019-02-06 06:00,False,1.33,1.33
LLY,2019-04-30 06:00,False,1.33,1.33
LLY,2019-07-30 06:00,False,1.45,1.5
LLY,2019-10-23 06:00,False,1.41,1.48
LLY,2020-01-30 06:00,False,1.52,1.73
LLY,2020-04-23 06:00,False,1.48,1.75
LLY,2020-07-30 06:00,False,1.6,1.89
LLY,2020-10-27 06:00,False,1.71,1.54
LLY,2021-01-29 06:00,False,2.39,2.75
LLY,2021-04-27 06:00,False,2.1,1.87
LLY,2021-08-03 06:00,False,1.89,1.87
LLY,2021-10-26 06:00,False,1.96,1.94
LLY,2022-02-03 06:00,False,2.51,2.49
LLY,2022-04-28 06:00,False,2.29,2.62
LLY,2022-08-04 06:00,False,1.7,1.25
LLY,2022-11-01 06:00,False,1.94,1.98
LLY,2023-02-02 06:00,False,1.83,2.09
LLY,2023-04-27 06:00,False,1.73,1.62
LLY,2023-08-08 06:00,False,1.99,2.11
LLY,2023-11-02 06:00,False,-0.12,0.1
LLY,2024-02-06 06:00,False,2.37,2.49
LLY,2024-04-30 06:00,False,2.49,2.58
LLY,2024-08-08 07:00,False,2.77,3.92
LLY,2024-10-30 06:00,False,1.47,1.18
LLY,2025-02-06 06:00,False,5.07,5.32
LLY,2025-05-01 06:00,False,3.46,3.34
LLY,2025-08-07 06:00,False,5.59,6.31
LLY,2025-10-30 06:00,False,5.89,7.02
LLY,2026-02-04 06:00,False,6.91,7.54
LLY,2026-04-30 06:00,False,6.79,8.55
LLY,2026-08-05 06:00,False,6.58,8.38
LOW,2002-05-20 07:00,False,0.14,0.14
LOW,2002-08-19 07:00,False,0.27,0.3
LOW,2002-11-18 07:00,False,0.2,0.22
LOW,2003-02-24 07:00,False,0.17,0.2
LOW,2003-05-19 07:00,False,0.26,0.27
LOW,2003-08-18 07:00,False,0.34,0.38
LOW,2003-11-17 07:00,False,0.27,0.28
LOW,2004-02-23 07:00,False,0.25,0.25
LOW,2004-05-17 07:00,False,0.27,0.28
LOW,2004-08-16 07:00,False,0.45,0.45
LOW,2004-11-15 07:00,False,0.33,0.33
LOW,2005-02-23 07:00,False,0.3,0.32
LOW,2005-05-16 07:00,False,0.38,0.37
LOW,2005-08-15 07:00,False,0.51,0.53
LOW,2005-11-14 07:00,False,0.39,0.41
LOW,2006-02-27 07:00,False,0.4,0.44
LOW,2006-05-22 07:00,False,0.46,0.53
LOW,2006-08-21 07:00,False,0.53,0.6
LOW,2006-11-20 07:00,False,0.43,0.46
LOW,2007-02-23 07:00,False,0.37,0.4
LOW,2007-05-21 07:00,False,0.49,0.48
LOW,2007-08-20 07:00,False,0.61,0.67
LOW,2007-11-19 07:00,False,0.41,0.38
LOW,2008-02-25 07:00,False,0.25,0.28
LOW,2008-05-19 07:00,False,0.4,0.41
LOW,2008-08-18 07:00,False,0.56,0.64
LOW,2008-11-17 07:00,False,0.28,0.33
LOW,2009-02-20 07:00,False,0.12,0.11
LOW,2009-05-18 07:00,False,0.25,0.32
LOW,2009-08-17 07:00,False,0.54,0.54
LOW,2009-11-16 07:00,False,0.24,0.24
LOW,2010-02-22 07:00,False,0.12,0.14
LOW,2010-05-17 07:00,False,0.3,0.34
LOW,2010-08-16 07:00,False,0.59,0.58
LOW,2010-11-15 07:00,False,0.3,0.31
LOW,2011-02-23 06:00,False,0.18,0.21
LOW,2011-05-16 06:00,False,0.36,0.34
LOW,2011-08-15 06:00,False,0.66,0.68
LOW,2011-11-14 06:00,False,0.33,0.35
LOW,2012-02-27 06:00,False,0.23,0.29
LOW,2012-05-21 06:00,False,0.41,0.44
LOW,2012-08-20 06:00,False,0.7,0.65
LOW,2012-11-19 06:00,False,0.35,0.4
LOW,2013-02-25 06:00,False,0.23,0.26
LOW,2013-05-22 06:00,False,0.51,0.49
LOW,2013-08-21 06:00,False,0.79,0.88
LOW,2013-11-20 06:00,False,0.48,0.47
LOW,2014-02-26 06:00,False,0.31,0.31
LOW,2014-05-21 06:00,False,0.6,0.58
LOW,2014-08-20 06:00,False,1.03,1.04
LOW,2014-11-19 06:00,False,0.58,0.59
LOW,2015-02-25 06:00,False,0.43,0.46
LOW,2015-05-20 06:00,False,0.74,0.7
LOW,2015-08-19 06:00,False,1.24,1.2
LOW,2015-11-18 06:00,False,0.79,0.8
LOW,2016-02-24 06:00,False,0.59,0.59
LOW,2016-05-18 06:00,False,0.85,0.87
LOW,2016-08-17 06:00,False,1.42,1.37
LOW,2016-11-16 06:00,False,0.96,0.88
LOW,2017-03-01 06:00,False,0.78,0.86
LOW,2017-05-24 06:00,False,1.06,1.03
LOW,2017-08-23 06:00,False,1.62,1.57
LOW,2017-11-21 06:00,False,1.03,1.05
LOW,2018-02-28 06:00,False,0.87,0.74
LOW,2018-05-23 06:00,False,1.21,1.19
LOW,2018-08-22 06:00,False,2.02,2.07
LOW,2018-11-20 06:00,False,0.98,1.04
LOW,2019-02-27 06:00,False,0.79,0.8
LOW,2019-05-22 06:00,False,1.33,1.22
LOW,2019-08-21 06:00,False,2.0,2.15
LOW,2019-11-20 06:00,False,1.35,1.41
LOW,2020-02-26 06:00,False,0.91,0.94
LOW,2020-05-20 06:00,False,1.32,1.77
LOW,2020-08-19 06:00,False,2.95,3.75
LOW,2020-11-18 06:00,False,1.96,1.98
LOW,2021-02-24 06:00,False,1.21,1.33
LOW,2021-05-19 06:00,False,2.59,3.21
LOW,2021-08-18 06:00,False,4.01,4.25
LOW,2021-11-17 06:00,False,2.35,2.73
LOW,2022-02-23 06:00,False,1.69,1.78
LOW,2022-05-18 06:00,False,3.23,3.51
LOW,2022-08-17 06:00,False,4.59,4.67
LOW,2022-11-16 06:00,False,3.09,3.27
LOW,2023-03-01 06:00,False,2.21,2.28
LOW,2023-05-23 06:00,False,3.45,3.67
LOW,2023-08-22 06:00,False,4.48,4.56
LOW,2023-11-21 06:00,False,3.03,3.06
LOW,2024-02-27 06:00,False,1.68,1.77
LOW,2024-05-21 06:00,False,2.95,3.06
LOW,2024-08-20 06:00,False,4.0,4.1
LOW,2024-11-19 06:00,False,2.81,2.89
LOW,2025-02-26 06:00,False,1.84,1.93
LOW,2025-05-21 06:00,False,2.88,2.92
LOW,2025-08-20 06:00,False,4.24,4.33
LOW,2025-11-19 06:00,False,2.95,3.06
LOW,2026-02-25 06:00,False,1.94,1.98
LOW,2026-05-20 06:00,False,2.97,3.03
LOW,2026-08-19 06:00,False,4.22,4.4
MA,2006-08-02 08:00,False,0.07,0.07
MA,2006-11-01 08:00,False,0.11,0.14
MA,2007-02-09 08:00,False,0.01,0.03
MA,2007-05-02 08:00,False,0.12,0.16
MA,2007-08-01 08:00,False,0.13,0.14
MA,2007-10-31 08:00,False,0.14,0.18
MA,2008-01-31 08:00,False,0.07,0.09
MA,2008-04-29 08:00,False,0.2,0.26
MA,2008-07-31 08:00,False,0.2,0.21
MA,2008-11-03 16:00,True,0.22,0.25
MA,2009-02-05 08:00,False,0.16,0.19
MA,2009-05-01 08:00,False,0.26,0.28
MA,2009-07-30 08:00,False,0.24,0.27
MA,2009-11-03 08:00,False,0.29,0.35
MA,2010-02-04 08:00,False,0.25,0.22
MA,2010-05-04 08:00,False,0.31,0.35
MA,2010-08-03 07:00,False,0.33,0.35
MA,2010-11-02 08:00,False,0.35,0.39
MA,2011-02-03 08:00,False,0.31,0.32
MA,2011-05-03 08:00,False,0.41,0.43
MA,2011-08-03 08:00,False,0.42,0.48
MA,2011-11-02 08:00,False,0.48,0.56
MA,2012-02-02 08:00,False,0.39,0.4
MA,2012-05-02 07:00,False,0.53,0.54
MA,2012-08-01 08:00,False,0.56,0.56
MA,2012-10-31 08:00,False,0.59,0.62
MA,2013-01-31 08:00,False,0.48,0.49
MA,2013-05-01 08:00,False,0.62,0.62
MA,2013-07-31 08:00,False,0.63,0.7
MA,2013-10-31 08:00,False,0.69,0.73
MA,2014-01-31 08:00,False,0.6,0.57
MA,2014-05-01 07:00,False,0.72,0.73
MA,2014-07-31 08:00,False,0.77,0.8
MA,2014-10-30 08:00,False,0.78,0.87
MA,2015-01-30 08:00,False,0.67,0.69
MA,2015-04-29 08:00,False,0.8,0.89
MA,2015-07-29 08:00,False,0.85,0.85
MA,2015-10-29 07:00,False,0.87,0.91
MA,2016-01-29 07:00,False,0.68,0.79
MA,2016-04-28 07:00,False,0.85,0.86
MA,2016-07-28 08:00,False,0.9,0.96
MA,2016-10-28 08:00,False,0.98,1.08
MA,2017-01-31 08:00,False,0.86,0.86
MA,2017-05-02 08:00,False,0.95,1.01
MA,2017-07-27 08:00,False,1.04,1.1
MA,2017-10-31 08:00,False,1.23,1.34
MA,2018-02-01 08:00,False,1.12,1.14
MA,2018-05-02 08:00,False,1.24,1.5
MA,2018-07-26 08:00,False,1.53,1.66
MA,2018-10-30 08:00,False,1.68,1.78
MA,2019-01-31 08:00,False,1.52,1.55
MA,2019-04-30 08:00,False,1.66,1.78
MA,2019-07-30 07:00,False,1.83,1.89
MA,2019-10-29 08:00,False,2.01,2.15
MA,2020-01-29 08:00,False,1.87,1.96
MA,2020-04-29 11:00,False,1.74,1.83
MA,2020-07-30 08:00,False,1.18,1.36
MA,2020-10-28 08:00,False,1.66,1.6
MA,2021-01-28 08:00,False,1.52,1.64
MA,2021-04-29 08:00,False,1.56,1.74
MA,2021-07-29 08:00,False,1.75,1.95
MA,2021-10-28 08:00,False,2.19,2.37
MA,2022-01-27 08:00,False,2.21,2.35
MA,2022-04-28 08:00,False,2.16,2.76
MA,2022-07-28 08:00,False,2.36,2.56
MA,2022-10-27 08:00,False,2.57,2.68
MA,2023-01-26 08:00,False,2.58,2.65
MA,2023-04-27 08:00,False,2.71,2.8
MA,2023-07-27 08:00,False,2.83,2.89
MA,2023-10-26 08:00,False,3.21,3.39
MA,2024-01-31 08:00,False,3.08,3.18
MA,2024-05-01 08:00,False,3.24,3.31
MA,2024-07-31 08:00,False,3.51,3.59
MA,2024-10-31 08:00,False,3.75,3.89
MA,2025-01-30 08:00,False,3.69,3.82
MA,2025-05-01 08:00,False,3.56,3.73
MA,2025-07-31 08:00,False,4.02,4.15
MA,2025-10-30 08:00,False,4.31,4.38
MA,2026-01-29 08:00,False,4.24,4.76
MA,2026-04-30 08:00,False,4.41,4.6
MA,2026-07-30 08:00,False,4.78,5.04
MCD,2002-01-24 09:00,False,0.34,0.34
MCD,2002-04-18 08:00,False,0.29,0.31
MCD,2002-07-22 10:00,False,0.38,0.39
MCD,2002-10-22 08:00,False,0.38,0.38
MCD,2003-01-23 09:00,False,0.25,0.25
MCD,2003-04-28 08:00,False,0.28,0.29
MCD,2003-07-29 08:00,False,0.37,0.37
MCD,2003-10-22 08:00,False,0.41,0.43
MCD,2004-01-26 17:00,True,0.35,0.35
MCD,2004-04-27 16:00,True,0.4,0.4
MCD,2004-07-22 07:00,False,0.47,0.47
MCD,2004-10-19 08:00,False,0.61,0.61
MCD,2005-01-28 08:00,False,0.46,0.45
MCD,2005-04-21 08:00,False,0.43,0.43
MCD,2005-07-21 07:00,False,0.48,0.51
MCD,2005-10-20 07:00,False,0.57,0.58
MCD,2006-01-24 07:00,False,0.48,0.48
MCD,2006-04-21 07:00,False,0.49,0.49
MCD,2006-07-25 07:00,False,0.59,0.59
MCD,2006-10-19 07:00,False,0.68,0.69
MCD,2007-01-24 08:00,False,0.61,0.61
MCD,2007-04-20 07:00,False,0.62,0.62
MCD,2007-07-24 07:00,False,0.71,0.71
MCD,2007-10-19 08:00,False,0.83,0.83
MCD,2008-01-28 07:00,False,0.71,0.73
MCD,2008-04-22 07:00,False,0.7,0.81
MCD,2008-07-23 07:00,False,0.86,0.94
MCD,2008-10-22 07:00,False,0.98,1.05
MCD,2009-01-26 07:00,False,0.83,0.87
MCD,2009-04-22 07:00,False,0.82,0.83
MCD,2009-07-23 07:00,False,0.97,0.97
MCD,2009-10-22 07:00,False,1.11,1.15
MCD,2010-01-22 07:00,False,1.02,1.03
MCD,2010-04-21 06:00,False,0.96,1.03
MCD,2010-07-23 07:00,False,1.12,1.13
MCD,2010-10-21 07:00,False,1.24,1.29
MCD,2011-01-24 07:00,False,1.15,1.15
MCD,2011-04-21 07:00,False,1.14,1.15
MCD,2011-07-22 07:00,False,1.28,1.35
MCD,2011-10-21 07:00,False,1.42,1.45
MCD,2012-01-24 08:00,False,1.3,1.33
MCD,2012-04-20 07:00,False,1.23,1.23
MCD,2012-07-23 07:00,False,1.38,1.32
MCD,2012-10-19 07:00,False,1.47,1.43
MCD,2013-01-23 07:00,False,1.33,1.38
MCD,2013-04-19 07:00,False,1.26,1.26
MCD,2013-07-22 07:00,False,1.4,1.38
MCD,2013-10-21 07:00,False,1.51,1.52
MCD,2014-01-23 07:00,False,1.39,1.4
MCD,2014-04-22 07:00,False,1.24,1.21
MCD,2014-07-22 07:00,False,1.44,1.4
MCD,2014-10-21 07:00,False,1.37,1.35
MCD,2015-01-23 07:00,False,1.22,1.17
MCD,2015-04-22 07:00,False,1.06,1.01
MCD,2015-07-23 07:00,False,1.23,1.29
MCD,2015-10-22 07:00,False,1.28,1.4
MCD,2016-01-25 07:00,False,1.23,1.28
MCD,2016-04-22 07:00,False,1.16,1.23
MCD,2016-07-26 07:00,False,1.38,1.45
MCD,2016-10-21 07:00,False,1.48,1.62
MCD,2017-01-23 07:00,False,1.41,1.43
MCD,2017-04-25 07:00,False,1.33,1.47
MCD,2017-07-25 07:00,False,1.62,1.73
MCD,2017-10-24 07:00,False,1.77,1.76
MCD,2018-01-30 07:00,False,1.59,1.71
MCD,2018-04-30 07:00,False,1.67,1.79
MCD,2018-07-26 07:00,False,1.93,1.99
MCD,2018-10-23 07:00,False,1.99,2.1
MCD,2019-01-30 07:00,False,1.89,1.97
MCD,2019-04-30 07:00,False,1.76,1.72
MCD,2019-07-26 07:00,False,2.05,2.05
MCD,2019-10-22 07:00,False,2.21,2.11
MCD,2020-01-29 06:00,False,1.97,1.97
MCD,2020-04-30 07:00,False,1.54,1.47
MCD,2020-07-28 06:00,False,0.75,0.66
MCD,2020-11-09 06:00,False,1.9,2.22
MCD,2021-01-28 07:00,False,1.78,1.7
MCD,2021-04-29 07:00,False,1.82,1.92
MCD,2021-07-28 07:00,False,2.12,2.37
MCD,2021-10-27 07:00,False,2.47,2.76
MCD,2022-01-27 07:00,False,2.34,2.23
MCD,2022-04-28 07:00,False,2.18,2.28
MCD,2022-07-26 07:00,False,2.47,2.55
MCD,2022-10-27 07:00,False,2.58,2.68
MCD,2023-01-31 07:00,False,2.46,2.59
MCD,2023-04-25 07:00,False,2.34,2.63
MCD,2023-07-27 07:00,False,2.79,3.17
MCD,2023-10-30 07:00,False,2.99,3.19
MCD,2024-02-05 07:00,False,2.83,2.95
MCD,2024-04-30 07:00,False,2.73,2.7
MCD,2024-07-29 07:00,False,3.07,2.97
MCD,2024-10-29 07:00,False,3.2,3.23
MCD,2025-02-10 07:00,False,2.86,2.83
MCD,2025-05-01 07:00,False,2.67,2.67
MCD,2025-08-06 07:00,False,3.15,3.19
MCD,2025-11-05 07:00,False,3.33,3.22
MCD,2026-02-11 16:00,True,3.05,3.12
MCD,2026-05-07 07:00,False,2.74,2.83
MCD,2026-08-04 07:00,False,3.32,3.38
META,2012-07-26 16:00,True,0.11,0.12
META,2012-10-23 16:00,True,0.06,-0.02
META,2013-01-30 16:00,True,-0.01,0.03
META,2013-05-01 16:00,True,0.13,0.12
META,2013-07-24 16:00,True,0.09,0.13
META,2013-10-30 16:00,True,0.19,0.25
META,2014-01-29 16:00,True,0.2,0.2
META,2014-04-23 16:00,True,0.17,0.25
META,2014-07-23 16:00,True,0.24,0.3
META,2014-10-28 16:00,True,0.4,0.42
META,2015-01-28 16:00,True,0.49,0.54
META,2015-04-22 16:00,True,0.16,0.18
META,2015-07-29 16:00,True,0.47,0.5
META,2015-11-04 16:00,True,0.27,0.31
META,2016-01-27 16:00,True,0.42,0.54
META,2016-04-27 16:00,True,0.4,0.52
META,2016-07-27 16:00,True,0.82,0.97
META,2016-11-02 16:00,True,0.71,0.82
META,2017-02-01 16:00,True,1.31,1.41
META,2017-05-03 16:00,True,1.12,1.36
META,2017-07-26 16:00,True,1.12,1.32
META,2017-11-01 16:00,True,1.28,1.59
META,2018-01-31 16:00,True,1.97,2.21
META,2018-04-25 16:00,True,1.35,1.69
META,2018-07-25 16:00,True,1.7,1.74
META,2018-10-30 16:00,True,1.45,1.76
META,2019-01-30 16:00,True,2.18,2.38
META,2019-04-24 16:00,True,1.61,0.85
META,2019-07-24 16:00,True,1.88,1.99
META,2019-10-30 16:00,True,1.91,2.12
META,2020-01-29 16:00,True,2.53,2.56
META,2020-04-29 17:00,True,1.7,1.71
META,2020-07-30 16:00,True,1.4,1.8
META,2020-10-29 16:00,True,1.91,2.4
META,2021-01-27 16:00,True,3.24,3.88
META,2021-04-28 16:00,True,2.35,3.3
META,2021-07-28 16:00,True,3.06,3.61
META,2021-10-25 16:00,True,3.17,3.22
META,2022-02-02 16:00,True,3.83,3.67
META,2022-04-27 16:00,True,2.53,2.72
META,2022-07-27 16:00,True,2.55,2.46
META,2022-10-26 16:00,True,1.85,1.64
META,2023-02-01 16:00,True,2.24,1.76
META,2023-04-26 16:00,True,1.98,2.2
META,2023-07-26 16:00,True,2.91,2.98
META,2023-10-25 16:00,True,3.6,4.39
META,2024-02-01 16:00,True,4.94,5.33
META,2024-04-24 16:00,True,4.36,4.71
META,2024-07-31 16:00,True,4.76,5.16
META,2024-10-30 16:00,True,5.3,6.03
META,2025-01-29 16:00,True,6.74,8.02
META,2025-04-30 16:00,True,5.21,6.43
META,2025-07-30 16:00,True,5.86,7.14
META,2025-10-29 16:00,True,6.67,7.25
META,2026-01-28 16:00,True,8.22,8.88
META,2026-04-29 16:00,True,6.82,7.31
META,2026-07-29 16:00,True,7.22,6.18
MSFT,2002-01-17 16:00,True,0.22,0.25
MSFT,2002-04-18 16:00,True,0.25,0.25
MSFT,2002-07-18 16:00,True,0.21,0.21
MSFT,2002-10-17 16:00,True,0.21,0.28
MSFT,2003-01-16 16:00,True,0.23,0.27
MSFT,2003-04-15 16:00,True,0.23,0.26
MSFT,2003-07-17 16:00,True,0.23,0.23
MSFT,2003-10-23 16:00,True,0.29,0.3
MSFT,2004-01-22 16:00,True,0.3,0.34
MSFT,2004-04-22 16:00,True,0.29,0.34
MSFT,2004-07-22 16:00,True,0.28,0.28
MSFT,2004-10-21 16:00,True,0.3,0.31
MSFT,2005-01-27 16:00,True,0.33,0.35
MSFT,2005-04-28 16:00,True,0.32,0.32
MSFT,2005-07-21 16:00,True,0.31,0.33
MSFT,2005-10-27 16:00,True,0.34,0.34
MSFT,2006-01-26 16:00,True,0.36,0.36
MSFT,2006-04-27 16:00,True,0.33,0.32
MSFT,2006-07-20 16:00,True,0.3,0.31
MSFT,2006-10-26 16:00,True,0.31,0.35
MSFT,2007-01-25 16:00,True,0.24,0.26
MSFT,2007-04-26 16:00,True,0.46,0.5
MSFT,2007-07-19 16:00,True,0.34,0.31
MSFT,2007-10-25 16:00,True,0.39,0.45
MSFT,2008-01-24 16:00,True,0.46,0.5
MSFT,2008-04-24 16:00,True,0.44,0.47
MSFT,2008-07-17 16:00,True,0.47,0.46
MSFT,2008-10-23 16:00,True,0.47,0.48
MSFT,2009-01-22 09:00,False,0.49,0.47
MSFT,2009-04-23 16:00,True,0.39,0.39
MSFT,2009-07-23 16:00,True,0.36,0.36
MSFT,2009-10-23 08:00,False,0.32,0.4
MSFT,2010-01-28 16:00,True,0.59,0.74
MSFT,2010-04-22 15:00,False,0.42,0.45
MSFT,2010-07-22 16:00,True,0.46,0.51
MSFT,2010-10-28 16:00,True,0.55,0.62
MSFT,2011-01-27 19:00,True,0.68,0.77
MSFT,2011-04-28 16:00,True,0.56,0.61
MSFT,2011-07-21 16:00,True,0.58,0.69
MSFT,2011-10-20 16:00,True,0.68,0.68
MSFT,2012-01-19 16:00,True,0.76,0.78
MSFT,2012-04-19 16:00,True,0.58,0.6
MSFT,2012-07-19 16:00,True,0.62,0.73
MSFT,2012-10-18 16:00,True,0.56,0.53
MSFT,2013-01-24 16:00,True,0.76,0.76
MSFT,2013-04-18 16:00,True,0.67,0.72
MSFT,2013-07-18 16:00,True,0.74,0.66
MSFT,2013-10-24 16:00,True,0.54,0.62
MSFT,2014-01-23 16:00,True,0.68,0.78
MSFT,2014-04-24 16:00,True,0.63,0.68
MSFT,2014-07-22 16:00,True,0.6,0.55
MSFT,2014-10-23 16:00,True,0.54,0.65
MSFT,2015-01-26 16:00,True,0.74,0.77
MSFT,2015-04-23 16:00,True,0.53,0.62
MSFT,2015-07-21 16:00,True,0.57,0.62
MSFT,2015-10-22 16:00,True,0.59,0.67
MSFT,2016-01-28 16:00,True,0.71,0.78
MSFT,2016-04-21 16:00,True,0.64,0.62
MSFT,2016-07-19 16:00,True,0.58,0.69
MSFT,2016-10-20 16:00,True,0.68,0.76
MSFT,2017-01-26 16:00,True,0.79,0.84
MSFT,2017-04-27 16:00,True,0.7,0.73
MSFT,2017-07-20 16:00,True,0.71,0.98
MSFT,2017-10-26 16:00,True,0.73,0.84
MSFT,2018-01-31 16:00,True,0.87,0.96
MSFT,2018-04-26 16:00,True,0.85,0.95
MSFT,2018-07-19 16:00,True,1.08,1.13
MSFT,2018-10-24 16:00,True,0.97,1.14
MSFT,2019-01-30 16:00,True,1.09,1.1
MSFT,2019-04-24 16:00,True,1.0,1.14
MSFT,2019-07-18 16:00,True,1.21,1.37
MSFT,2019-10-23 16:00,True,1.24,1.38
MSFT,2020-01-29 16:00,True,1.32,1.51
MSFT,2020-04-29 16:00,True,1.27,1.4
MSFT,2020-07-22 16:00,True,1.37,1.46
MSFT,2020-10-27 16:00,True,1.55,1.82
MSFT,2021-01-26 16:00,True,1.64,2.03
MSFT,2021-04-27 16:00,True,1.78,1.95
MSFT,2021-07-27 16:00,True,1.93,2.17
MSFT,2021-10-26 16:00,True,2.08,2.27
MSFT,2022-01-25 16:00,True,2.32,2.48
MSFT,2022-04-26 16:00,True,2.2,2.22
MSFT,2022-07-26 16:00,True,2.29,2.23
MSFT,2022-10-25 16:00,True,2.31,2.35
MSFT,2023-01-24 16:00,True,2.32,2.32
MSFT,2023-04-25 16:00,True,2.23,2.45
MSFT,2023-07-25 16:00,True,2.55,2.69
MSFT,2023-10-24 16:00,True,2.65,2.99
MSFT,2024-01-30 16:00,True,2.77,2.93
MSFT,2024-04-25 16:00,True,2.84,2.94
MSFT,2024-07-30 16:00,True,2.94,2.95
MSFT,2024-10-30 16:00,True,3.11,3.3
MSFT,2025-01-29 16:00,True,3.12,3.23
MSFT,2025-04-30 16:00,True,3.22,3.46
MSFT,2025-07-30 16:00,True,3.38,3.65
MSFT,2025-10-29 16:00,True,3.66,4.13
MSFT,2026-01-28 16:00,True,3.92,4.14
MSFT,2026-04-29 16:00,True,4.07,4.27
MSFT,2026-07-29 16:00,True,4.24,4.74
NEE,2002-07-19 07:00,False,0.16,0.18
NEE,2002-10-17 07:00,False,0.22,0.22
NEE,2003-01-24 07:00,False,0.09,0.09
NEE,2003-04-24 07:00,False,0.1,0.12
NEE,2003-07-25 07:00,False,0.17,0.17
NEE,2003-10-23 07:00,False,0.23,0.23
NEE,2004-01-23 07:00,False,0.09,0.09
NEE,2004-04-22 07:00,False,0.11,0.1
NEE,2004-07-23 07:00,False,0.17,0.18
NEE,2004-10-21 07:00,False,0.24,0.22
NEE,2005-01-21 07:00,False,0.12,0.12
NEE,2005-04-26 07:00,False,0.12,0.11
NEE,2005-07-22 07:00,False,0.17,0.17
NEE,2005-11-04 07:00,False,0.24,0.25
NEE,2006-01-27 07:00,False,0.1,0.12
NEE,2006-05-02 07:00,False,0.12,0.14
NEE,2006-07-28 07:00,False,0.19,0.17
NEE,2006-10-30 07:00,False,0.27,0.29
NEE,2007-01-26 07:00,False,0.13,0.16
NEE,2007-04-30 08:00,False,0.15,0.18
NEE,2007-07-30 07:00,False,0.2,0.22
NEE,2007-10-30 07:00,False,0.31,0.31
NEE,2008-01-28 07:00,False,0.17,0.18
NEE,2008-04-30 07:00,False,0.2,0.19
NEE,2008-07-31 07:00,False,0.23,0.23
NEE,2008-10-27 07:00,False,0.34,0.31
NEE,2009-01-27 07:00,False,0.22,0.23
NEE,2009-04-28 07:00,False,0.19,0.23
NEE,2009-07-28 07:00,False,0.24,0.25
NEE,2009-10-27 07:00,False,0.35,0.35
NEE,2010-01-26 07:00,False,0.19,0.2
NEE,2010-04-27 06:00,False,0.21,0.24
NEE,2010-07-23 07:00,False,0.26,0.28
NEE,2010-10-29 07:00,False,0.36,0.36
NEE,2011-01-25 07:00,False,0.22,0.2
NEE,2011-04-29 07:00,False,0.24,0.24
NEE,2011-07-27 07:00,False,0.27,0.3
NEE,2011-11-04 07:00,False,0.35,0.33
NEE,2012-01-27 07:00,False,0.23,0.23
NEE,2012-04-25 07:00,False,0.24,0.26
NEE,2012-07-26 07:00,False,0.29,0.32
NEE,2012-10-24 07:00,False,0.35,0.32
NEE,2013-01-29 07:00,False,0.24,0.26
NEE,2013-04-30 07:00,False,0.26,0.28
NEE,2013-07-30 07:00,False,0.32,0.37
NEE,2013-11-01 07:00,False,0.35,0.36
NEE,2014-01-28 07:00,False,0.24,0.24
NEE,2014-04-30 07:00,False,0.27,0.32
NEE,2014-07-29 07:00,False,0.36,0.36
NEE,2014-10-31 07:00,False,0.38,0.39
NEE,2015-01-27 07:00,False,0.26,0.26
NEE,2015-04-29 07:00,False,0.32,0.35
NEE,2015-08-03 07:00,False,0.37,0.39
NEE,2015-10-28 07:00,False,0.41,0.4
NEE,2016-01-28 07:00,False,0.27,0.29
NEE,2016-04-28 07:00,False,0.35,0.34
NEE,2016-07-27 07:00,False,0.39,0.42
NEE,2016-10-31 07:00,False,0.42,0.44
NEE,2017-01-27 08:00,False,0.32,0.3
NEE,2017-04-21 07:00,False,0.4,0.44
NEE,2017-07-26 07:00,False,0.44,0.47
NEE,2017-10-26 07:00,False,0.44,0.46
NEE,2018-01-26 07:00,False,0.33,0.31
NEE,2018-04-24 07:00,False,0.46,0.49
NEE,2018-07-25 07:00,False,0.52,0.53
NEE,2018-10-23 03:00,False,0.54,0.55
NEE,2019-01-25 07:00,False,0.38,0.37
NEE,2019-04-23 07:00,False,0.51,0.55
NEE,2019-07-24 07:00,False,0.58,0.59
NEE,2019-10-22 07:00,False,0.57,0.6
NEE,2020-01-24 07:00,False,0.37,0.36
NEE,2020-04-22 07:00,False,0.56,0.6
NEE,2020-07-24 07:00,False,0.63,0.65
NEE,2020-10-21 07:00,False,0.65,0.67
NEE,2021-01-26 02:00,False,0.38,0.4
NEE,2021-04-21 07:00,False,0.61,0.67
NEE,2021-07-23 07:00,False,0.69,0.71
NEE,2021-10-20 07:00,False,0.72,0.75
NEE,2022-01-25 07:00,False,0.4,0.41
NEE,2022-04-21 07:00,False,0.72,0.74
NEE,2022-07-22 07:00,False,0.76,0.81
NEE,2022-10-28 07:00,False,0.8,0.85
NEE,2023-01-25 07:00,False,0.49,0.51
NEE,2023-04-25 07:00,False,0.76,0.84
NEE,2023-07-25 07:00,False,0.81,0.88
NEE,2023-10-24 07:00,False,0.88,0.94
NEE,2024-01-25 07:00,False,0.49,0.52
NEE,2024-04-23 07:00,False,0.8,0.91
NEE,2024-07-24 07:00,False,0.95,0.96
NEE,2024-10-23 07:00,False,0.97,1.03
NEE,2025-01-24 07:00,False,0.53,0.53
NEE,2025-04-22 20:00,True,0.98,0.99
NEE,2025-07-23 07:00,False,1.01,1.05
NEE,2025-10-28 07:00,False,1.02,1.13
NEE,2026-01-27 07:00,False,0.53,0.54
NEE,2026-04-23 07:00,False,1.03,1.09
NEE,2026-07-24 07:00,False,1.11,1.15
NFLX,2002-07-24 16:00,True,,
NFLX,2002-10-17 16:00,True,,
NFLX,2003-01-15 16:00,True,,
NFLX,2003-04-17 16:00,True,,
NFLX,2003-07-17 16:00,True,,
NFLX,2003-10-15 16:00,True,,
NFLX,2004-01-21 16:00,True,,
NFLX,2004-04-15 16:00,True,,
NFLX,2004-07-15 16:00,True,,
NFLX,2004-10-14 16:00,True,,
NFLX,2005-01-24 16:00,True,,
NFLX,2005-04-21 16:00,True,,
NFLX,2005-07-25 16:00,True,,
NFLX,2005-10-19 16:00,True,,
NFLX,2006-01-24 16:00,True,,0.01
NFLX,2006-04-24 16:00,True,,
NFLX,2006-07-24 16:00,True,,
NFLX,2006-10-23 16:00,True,,
NFLX,2007-01-24 16:00,True,,
NFLX,2007-04-18 08:00,False,,
NFLX,2007-07-23 16:00,True,,
NFLX,2007-10-22 16:00,True,,
NFLX,2008-01-23 16:00,True,,
NFLX,2008-04-21 16:00,True,,
NFLX,2008-07-25 07:00,False,0.01,0.01
NFLX,2008-10-20 16:00,True,,0.01
NFLX,2009-01-26 16:00,True,,0.01
NFLX,2009-04-23 16:00,True,,0.01
NFLX,2009-07-23 16:00,True,0.01,0.01
NFLX,2009-10-22 16:00,True,0.01,0.01
NFLX,2010-01-27 16:00,True,0.01,0.01
NFLX,2010-04-21 16:00,True,0.01,0.01
NFLX,2010-07-21 16:00,True,0.01,0.01
NFLX,2010-10-20 16:00,True,0.01,0.01
NFLX,2011-01-26 16:00,True,0.01,0.01
NFLX,2011-04-25 16:00,True,0.02,0.02
NFLX,2011-07-25 16:00,True,0.02,0.02
NFLX,2011-10-24 20:00,True,0.01,0.02
NFLX,2012-01-25 19:00,True,0.01,0.01
NFLX,2012-04-23 16:00,True,,
NFLX,2012-07-24 16:00,True,,
NFLX,2012-10-23 16:00,True,,
NFLX,2013-01-23 16:00,True,,
NFLX,2013-04-22 16:00,True,,
NFLX,2013-07-22 16:00,True,0.01,0.01
NFLX,2013-10-21 16:00,True,0.01,0.01
NFLX,2014-01-22 16:00,True,0.01,0.01
NFLX,2014-04-21 16:00,True,0.01,0.01
NFLX,2014-07-21 16:00,True,0.02,0.02
NFLX,2014-10-15 16:00,True,0.01,0.01
NFLX,2015-01-20 16:00,True,0.01,0.01
NFLX,2015-04-15 16:00,True,0.01,0.01
NFLX,2015-07-15 16:00,True,,0.01
NFLX,2015-10-14 16:00,True,0.01,0.01
NFLX,2016-01-19 16:00,True,,0.01
NFLX,2016-04-18 16:00,True,,0.01
NFLX,2016-07-18 16:00,True,,0.01
NFLX,2016-10-17 16:00,True,0.01,0.01
NFLX,2017-01-18 16:00,True,0.01,0.02
NFLX,2017-04-17 16:00,True,0.04,0.04
NFLX,2017-07-17 16:00,True,0.02,0.02
NFLX,2017-10-16 16:00,True,0.03,0.03
NFLX,2018-01-22 16:00,True,0.04,0.04
NFLX,2018-04-16 16:00,True,0.06,0.06
NFLX,2018-07-16 16:00,True,0.08,0.09
NFLX,2018-10-16 16:00,True,0.07,0.09
NFLX,2019-01-17 16:00,True,0.02,0.03
NFLX,2019-04-16 16:00,True,0.06,0.08
NFLX,2019-07-17 16:00,True,0.06,0.06
NFLX,2019-10-16 16:00,True,0.1,0.15
NFLX,2020-01-21 16:00,True,0.05,0.13
NFLX,2020-04-21 17:00,True,0.16,0.16
NFLX,2020-07-16 16:00,True,0.18,0.16
NFLX,2020-10-20 17:00,True,0.21,0.17
NFLX,2021-01-19 16:00,True,0.14,0.12
NFLX,2021-04-20 16:00,True,0.3,0.38
NFLX,2021-07-20 16:00,True,0.32,0.3
NFLX,2021-10-19 16:00,True,0.26,0.32
NFLX,2022-01-20 16:00,True,0.08,0.13
NFLX,2022-04-19 16:00,True,0.29,0.35
NFLX,2022-07-19 16:00,True,0.29,0.32
NFLX,2022-10-18 16:00,True,0.21,0.31
NFLX,2023-01-19 16:00,True,0.05,0.01
NFLX,2023-04-18 16:00,True,0.29,0.29
NFLX,2023-07-19 16:00,True,0.29,0.33
NFLX,2023-10-18 16:00,True,0.35,0.37
NFLX,2024-01-23 16:00,True,0.22,0.21
NFLX,2024-04-18 16:00,True,0.45,0.53
NFLX,2024-07-18 16:00,True,0.48,0.49
NFLX,2024-10-17 16:00,True,0.51,0.54
NFLX,2025-01-21 16:00,True,0.42,0.43
NFLX,2025-04-17 16:00,True,0.57,0.66
NFLX,2025-07-17 16:00,True,0.71,0.72
NFLX,2025-10-21 16:00,True,0.7,0.59
NFLX,2026-01-20 16:00,True,0.55,0.56
NFLX,2026-04-16 16:00,True,1.32,1.23
NFLX,2026-07-16 16:00,True,0.79,0.8
NKE,2001-12-20 16:00,True,0.06,0.06
NKE,2002-03-21 16:00,True,0.06,0.06
NKE,2002-06-27 16:00,True,0.09,0.1
NKE,2002-09-18 08:00,False,0.1,0.1
NKE,2002-12-19 16:00,True,0.07,0.07
NKE,2003-03-19 16:00,True,0.06,0.06
NKE,2003-06-26 16:00,True,0.12,0.12
NKE,2003-09-18 16:00,True,0.11,0.12
NKE,2003-12-18 16:00,True,0.08,0.08
NKE,2004-03-18 16:00,True,0.09,0.09
NKE,2004-06-24 16:00,True,0.13,0.14
NKE,2004-09-20 09:00,False,0.14,0.15
NKE,2004-12-16 16:00,True,0.11,0.12
NKE,2005-03-17 16:00,True,0.12,0.13
NKE,2005-06-27 08:00,False,0.16,0.16
NKE,2005-09-19 07:00,False,0.18,0.2
NKE,2005-12-20 16:00,True,0.13,0.14
NKE,2006-03-21 16:00,True,0.14,0.16
NKE,2006-06-27 16:00,True,0.17,0.17
NKE,2006-09-21 16:00,True,0.18,0.18
NKE,2006-12-20 16:00,True,0.14,0.14
NKE,2007-03-22 16:00,True,0.17,0.17
NKE,2007-06-26 16:00,True,0.27,0.22
NKE,2007-09-20 16:00,True,0.22,0.28
NKE,2007-12-19 16:00,True,0.17,0.18
NKE,2008-03-19 16:00,True,0.2,0.23
NKE,2008-06-25 16:00,True,0.24,0.25
NKE,2008-09-24 16:00,True,0.23,0.26
NKE,2008-12-17 16:00,True,0.19,0.19
NKE,2009-03-18 16:00,True,0.2,0.25
NKE,2009-06-24 16:00,True,0.16,0.18
NKE,2009-09-29 16:00,True,0.24,0.26
NKE,2009-12-17 16:00,True,0.18,0.19
NKE,2010-03-17 16:00,True,0.22,0.25
NKE,2010-06-23 16:00,True,0.26,0.27
NKE,2010-09-23 16:00,True,0.25,0.28
NKE,2010-12-21 16:00,True,0.22,0.24
NKE,2011-03-17 16:00,True,0.28,0.27
NKE,2011-06-27 16:00,True,0.29,0.31
NKE,2011-09-22 16:00,True,0.3,0.34
NKE,2011-12-20 11:00,False,0.24,0.25
NKE,2012-03-22 16:00,True,0.29,0.3
NKE,2012-06-28 16:00,True,0.34,0.29
NKE,2012-09-27 16:00,True,0.28,0.31
NKE,2012-12-20 16:00,True,0.25,0.28
NKE,2013-03-21 16:00,True,0.33,0.37
NKE,2013-06-27 16:00,True,0.37,0.38
NKE,2013-09-26 16:00,True,0.39,0.43
NKE,2013-12-19 16:00,True,0.29,0.3
NKE,2014-03-20 16:00,True,0.36,0.38
NKE,2014-06-26 16:00,True,0.38,0.39
NKE,2014-09-25 16:00,True,0.44,0.55
NKE,2014-12-18 16:00,True,0.35,0.37
NKE,2015-03-19 16:00,True,0.42,0.45
NKE,2015-06-25 16:00,True,0.42,0.49
NKE,2015-09-24 16:00,True,0.6,0.67
NKE,2015-12-22 16:00,True,0.43,0.45
NKE,2016-03-22 16:00,True,0.48,0.55
NKE,2016-06-28 16:00,True,0.48,0.49
NKE,2016-09-27 16:00,True,0.56,0.73
NKE,2016-12-20 16:00,True,0.43,0.5
NKE,2017-03-21 16:00,True,0.52,0.68
NKE,2017-06-29 16:00,True,0.49,0.6
NKE,2017-09-26 16:00,True,0.48,0.57
NKE,2017-12-21 16:00,True,0.4,0.46
NKE,2018-03-22 16:00,True,0.53,0.68
NKE,2018-06-28 16:00,True,0.64,0.69
NKE,2018-09-25 16:00,True,0.63,0.67
NKE,2018-12-20 16:00,True,0.46,0.52
NKE,2019-03-21 16:00,True,0.65,0.68
NKE,2019-06-27 16:00,True,0.66,0.62
NKE,2019-09-24 16:00,True,0.71,0.86
NKE,2019-12-19 16:00,True,0.58,0.7
NKE,2020-03-24 16:00,True,0.56,0.78
NKE,2020-06-25 16:00,True,0.04,-0.51
NKE,2020-09-22 16:00,True,0.48,0.95
NKE,2020-12-18 16:00,True,0.62,0.78
NKE,2021-03-18 16:00,True,0.75,0.9
NKE,2021-06-24 16:00,True,0.51,0.93
NKE,2021-09-23 16:00,True,1.12,1.16
NKE,2021-12-20 16:00,True,0.63,0.83
NKE,2022-03-21 16:00,True,0.72,0.87
NKE,2022-06-27 16:00,True,0.81,0.9
NKE,2022-09-29 16:00,True,0.92,0.93
NKE,2022-12-20 16:00,True,0.66,0.85
NKE,2023-03-21 16:00,True,0.54,0.79
NKE,2023-06-29 16:00,True,0.68,0.66
NKE,2023-09-28 16:00,True,0.76,0.94
NKE,2023-12-21 16:00,True,0.85,1.03
NKE,2024-03-21 16:00,True,0.76,0.98
NKE,2024-06-27 16:00,True,0.83,0.99
NKE,2024-10-01 16:00,True,0.52,0.7
NKE,2024-12-19 16:00,True,0.63,0.78
NKE,2025-03-20 16:00,True,0.29,0.54
NKE,2025-06-26 16:00,True,0.12,0.14
NKE,2025-09-30 16:00,True,0.27,0.49
NKE,2025-12-18 16:00,True,0.38,0.53
NKE,2026-03-31 16:00,True,0.28,0.35
NKE,2026-06-30 16:00,True,0.13,0.72
NVDA,2002-05-22 16:00,True,,
NVDA,2002-08-15 16:00,True,,
NVDA,2002-11-07 16:00,True,,
NVDA,2003-02-13 16:00,True,,
NVDA,2003-05-08 16:00,True,,
NVDA,2003-08-07 16:00,True,,
NVDA,2003-11-06 16:00,True,,
NVDA,2004-02-12 16:00,True,,
NVDA,2004-05-06 16:00,True,,
NVDA,2004-08-05 16:00,True,,
NVDA,2004-11-04 16:00,True,,
NVDA,2005-02-17 16:00,True,,
NVDA,2005-05-12 16:00,True,,
NVDA,2005-08-11 16:00,True,,
NVDA,2005-11-09 16:00,True,,
NVDA,2006-02-16 16:00,True,,
NVDA,2006-05-11 16:00,True,,
NVDA,2006-11-09 16:00,True,,0.01
NVDA,2007-02-13 16:00,True,0.01,0.01
NVDA,2007-05-10 16:00,True,0.01,0.01
NVDA,2007-08-09 16:00,True,0.01,0.01
NVDA,2007-11-08 16:00,True,0.01,0.01
NVDA,2008-02-13 17:00,True,0.01,0.01
NVDA,2008-05-08 16:00,True,0.01,0.01
NVDA,2008-08-12 16:00,True,,
NVDA,2008-11-06 16:00,True,,0.01
NVDA,2009-02-10 16:00,True,,
NVDA,2009-05-07 16:00,True,,
NVDA,2009-08-06 16:00,True,,
NVDA,2009-11-05 16:00,True,,
NVDA,2010-02-17 16:00,True,,0.01
NVDA,2010-05-13 16:00,True,0.01,0.01
NVDA,2010-08-12 16:00,True,,
NVDA,2010-11-11 16:00,True,,
NVDA,2011-02-16 16:00,True,0.01,0.01
NVDA,2011-05-12 16:00,True,,0.01
NVDA,2011-08-11 16:00,True,0.01,0.01
NVDA,2011-11-10 16:00,True,0.01,0.01
NVDA,2012-02-15 16:00,True,0.01,0.01
NVDA,2012-05-11 07:00,False,,
NVDA,2012-08-09 16:00,True,0.01,0.01
NVDA,2012-11-08 16:00,True,0.01,0.01
NVDA,2013-02-13 16:00,True,0.01,0.01
NVDA,2013-05-09 16:00,True,,
NVDA,2013-08-08 16:00,True,,0.01
NVDA,2013-11-07 16:00,True,0.01,0.01
NVDA,2014-02-12 16:00,True,0.01,0.01
NVDA,2014-05-08 16:00,True,0.01,0.01
NVDA,2014-08-07 16:00,True,0.01,0.01
NVDA,2014-11-06 16:00,True,0.01,0.01
NVDA,2015-02-11 16:00,True,0.01,0.01
NVDA,2015-05-07 16:00,True,0.01,0.01
NVDA,2015-08-06 16:00,True,0.01,0.01
NVDA,2015-11-05 16:00,True,0.01,0.01
NVDA,2016-02-17 16:00,True,0.01,0.01
NVDA,2016-05-12 21:00,True,0.01,0.01
NVDA,2016-08-11 16:00,True,0.01,0.01
NVDA,2016-11-10 16:00,True,0.02,0.02
NVDA,2017-02-09 16:00,True,0.02,0.03
NVDA,2017-05-09 16:00,True,0.02,0.02
NVDA,2017-08-10 16:00,True,0.02,0.03
NVDA,2017-11-09 16:00,True,0.03,0.03
NVDA,2018-02-08 16:00,True,0.03,0.04
NVDA,2018-05-10 16:00,True,0.04,0.05
NVDA,2018-08-16 16:00,True,0.05,0.05
NVDA,2018-11-15 16:00,True,0.05,0.05
NVDA,2019-02-14 16:00,True,0.02,0.02
NVDA,2019-05-16 16:00,True,0.02,0.02
NVDA,2019-08-15 16:00,True,0.03,0.03
NVDA,2019-11-14 16:00,True,0.04,0.04
NVDA,2020-02-13 16:00,True,0.04,0.05
NVDA,2020-05-21 16:00,True,0.04,0.05
NVDA,2020-08-19 16:00,True,0.05,0.05
NVDA,2020-11-18 16:00,True,0.06,0.07
NVDA,2021-02-24 16:00,True,0.07,0.08
NVDA,2021-05-26 16:00,True,0.08,0.09
NVDA,2021-08-18 16:00,True,0.1,0.1
NVDA,2021-11-17 16:00,True,0.11,0.12
NVDA,2022-02-16 16:00,True,0.12,0.13
NVDA,2022-05-25 16:00,True,0.13,0.14
NVDA,2022-08-24 16:00,True,0.05,0.05
NVDA,2022-11-16 16:00,True,0.07,0.06
NVDA,2023-02-22 16:00,True,0.08,0.09
NVDA,2023-05-24 16:00,True,0.09,0.11
NVDA,2023-08-23 16:00,True,0.21,0.27
NVDA,2023-11-21 16:00,True,0.34,0.4
NVDA,2024-02-21 16:00,True,0.46,0.52
NVDA,2024-05-22 16:00,True,0.56,0.61
NVDA,2024-08-28 16:00,True,0.64,0.68
NVDA,2024-11-20 16:00,True,0.75,0.81
NVDA,2025-02-26 16:00,True,0.85,0.89
NVDA,2025-05-28 16:00,True,0.75,0.81
NVDA,2025-08-27 16:00,True,1.01,1.05
NVDA,2025-11-19 16:00,True,1.26,1.3
NVDA,2026-02-25 16:00,True,1.54,1.62
NVDA,2026-05-20 16:00,True,1.77,1.87
NVDA,2026-08-26 16:00,True,2.09,2.22
ORCL,2002-06-18 16:00,True,0.14,0.15
ORCL,2002-09-17 16:00,True,0.08,0.09
ORCL,2002-12-18 16:00,True,0.08,0.1
ORCL,2003-03-18 16:00,True,0.1,0.11
ORCL,2003-06-12 16:00,True,0.14,0.16
ORCL,2003-09-12 07:00,False,0.08,0.08
ORCL,2003-12-15 16:00,True,0.11,0.12
ORCL,2004-03-11 16:00,True,0.12,0.12
ORCL,2004-06-15 16:00,True,0.18,0.19
ORCL,2004-09-14 16:00,True,0.09,0.1
ORCL,2004-12-13 06:00,False,0.13,0.16
ORCL,2005-03-22 16:00,True,0.15,0.16
ORCL,2005-06-29 07:00,False,0.23,0.26
ORCL,2005-09-22 17:00,True,0.14,0.14
ORCL,2005-12-15 16:00,True,0.19,0.19
ORCL,2006-03-20 16:00,True,0.18,0.19
ORCL,2006-06-22 16:00,True,0.28,0.29
ORCL,2006-09-19 16:00,True,0.16,0.18
ORCL,2006-12-18 16:00,True,0.22,0.22
ORCL,2007-03-20 16:00,True,0.22,0.25
ORCL,2007-06-26 16:00,True,0.35,0.37
ORCL,2007-09-20 16:00,True,0.21,0.22
ORCL,2007-12-19 16:00,True,0.27,0.31
ORCL,2008-03-26 16:00,True,0.3,0.3
ORCL,2008-06-25 16:00,True,0.44,0.47
ORCL,2008-09-18 16:00,True,0.27,0.29
ORCL,2008-12-18 16:00,True,0.34,0.34
ORCL,2009-03-18 16:00,True,0.32,0.35
ORCL,2009-06-23 16:00,True,0.44,0.46
ORCL,2009-09-16 16:00,True,0.3,0.3
ORCL,2009-12-17 16:00,True,0.36,0.39
ORCL,2010-03-25 16:00,True,0.37,0.38
ORCL,2010-06-24 16:00,True,0.54,0.6
ORCL,2010-09-16 16:00,True,0.37,0.42
ORCL,2010-12-16 16:00,True,0.45,0.51
ORCL,2011-03-24 15:00,False,0.5,0.54
ORCL,2011-06-23 16:00,True,0.71,0.75
ORCL,2011-09-20 16:00,True,0.47,0.48
ORCL,2011-12-20 16:00,True,0.57,0.54
ORCL,2012-03-20 16:00,True,0.56,0.62
ORCL,2012-06-18 17:00,True,0.78,0.82
ORCL,2012-09-20 16:00,True,0.53,0.53
ORCL,2012-12-18 16:00,True,0.61,0.64
ORCL,2013-03-20 16:00,True,0.66,0.65
ORCL,2013-06-20 16:00,True,0.88,0.87
ORCL,2013-09-18 16:00,True,0.56,0.59
ORCL,2013-12-18 16:00,True,0.67,0.69
ORCL,2014-03-18 16:00,True,0.7,0.68
ORCL,2014-06-19 16:00,True,0.95,0.92
ORCL,2014-09-18 16:00,True,0.64,0.62
ORCL,2014-12-17 16:00,True,0.68,0.69
ORCL,2015-03-17 16:00,True,0.68,0.68
ORCL,2015-06-17 16:00,True,0.86,0.78
ORCL,2015-09-16 16:00,True,0.52,0.53
ORCL,2015-12-16 16:00,True,0.6,0.63
ORCL,2016-03-15 16:00,True,0.62,0.64
ORCL,2016-06-16 16:00,True,0.82,0.81
ORCL,2016-09-15 16:00,True,0.58,0.55
ORCL,2016-12-15 16:00,True,0.6,0.61
ORCL,2017-03-15 16:00,True,0.62,0.69
ORCL,2017-06-21 16:00,True,0.78,0.89
ORCL,2017-09-14 16:00,True,0.6,0.62
ORCL,2017-12-14 16:00,True,0.68,0.7
ORCL,2018-03-19 16:00,True,0.72,0.83
ORCL,2018-06-19 16:00,True,0.94,0.99
ORCL,2018-09-17 16:00,True,0.68,0.71
ORCL,2018-12-17 16:00,True,0.78,0.8
ORCL,2019-03-14 16:00,True,0.84,0.87
ORCL,2019-06-19 16:00,True,1.07,1.16
ORCL,2019-09-11 16:00,True,0.81,0.81
ORCL,2019-12-12 16:00,True,0.89,0.9
ORCL,2020-03-12 16:00,True,0.96,0.97
ORCL,2020-06-16 16:00,True,1.15,1.2
ORCL,2020-09-10 16:00,True,0.86,0.93
ORCL,2020-12-10 16:00,True,1.0,1.06
ORCL,2021-03-10 16:00,True,1.11,1.16
ORCL,2021-06-15 16:00,True,1.33,1.54
ORCL,2021-09-13 16:00,True,0.97,1.03
ORCL,2021-12-09 16:00,True,1.11,1.21
ORCL,2022-03-10 16:00,True,1.18,1.13
ORCL,2022-06-13 16:00,True,1.38,1.54
ORCL,2022-09-12 16:00,True,1.08,1.03
ORCL,2022-12-12 16:00,True,1.17,1.21
ORCL,2023-03-09 16:00,True,1.2,1.22
ORCL,2023-06-12 16:00,True,1.58,1.67
ORCL,2023-09-11 16:00,True,1.15,1.19
ORCL,2023-12-11 16:00,True,1.33,1.34
ORCL,2024-03-11 16:00,True,1.38,1.41
ORCL,2024-06-11 16:00,True,1.65,1.63
ORCL,2024-09-09 16:00,True,1.33,1.39
ORCL,2024-12-09 16:00,True,1.48,1.47
ORCL,2025-03-10 16:00,True,1.49,1.47
ORCL,2025-06-11 16:00,True,1.64,1.7
ORCL,2025-09-09 16:00,True,1.48,1.47
ORCL,2025-12-10 16:00,True,1.64,2.26
ORCL,2026-03-10 16:00,True,1.69,1.79
ORCL,2026-06-10 16:00,True,1.96,2.11
PEP,2002-02-06 07:00,False,0.42,0.42
PEP,2002-04-23 07:00,False,0.37,0.38
PEP,2002-07-19 06:00,False,0.52,0.52
PEP,2002-10-08 07:00,False,0.55,0.56
PEP,2003-02-06 07:00,False,0.5,0.5
PEP,2003-04-17 07:00,False,0.43,0.45
PEP,2003-07-10 07:00,False,0.58,0.58
PEP,2003-10-07 06:00,False,0.62,0.62
PEP,2004-02-05 06:00,False,0.53,0.51
PEP,2004-04-15 06:00,False,0.46,0.46
PEP,2004-07-15 06:00,False,0.61,0.61
PEP,2004-09-30 06:00,False,0.64,0.66
PEP,2005-02-03 07:00,False,0.58,0.58
PEP,2005-04-14 06:00,False,0.5,0.53
PEP,2005-07-12 06:00,False,0.67,0.7
PEP,2005-09-29 06:00,False,0.73,0.78
PEP,2006-02-08 06:00,False,0.65,0.65
PEP,2006-04-26 06:00,False,0.58,0.6
PEP,2006-07-13 06:00,False,0.77,0.8
PEP,2006-10-12 07:00,False,0.86,0.88
PEP,2007-02-08 06:00,False,0.72,0.72
PEP,2007-04-25 06:00,False,0.61,0.65
PEP,2007-07-24 06:00,False,0.89,0.94
PEP,2007-10-11 07:00,False,0.96,0.99
PEP,2008-02-07 06:00,False,0.8,0.8
PEP,2008-04-24 07:00,False,0.7,0.7
PEP,2008-07-23 07:00,False,1.02,1.03
PEP,2008-10-14 07:00,False,1.08,1.06
PEP,2009-02-13 06:00,False,0.88,0.88
PEP,2009-04-20 00:00,False,0.67,0.71
PEP,2009-07-22 06:00,False,1.0,1.02
PEP,2009-10-08 07:00,False,1.03,1.08
PEP,2010-02-11 07:00,False,0.9,0.9
PEP,2010-04-22 06:00,False,0.75,0.76
PEP,2010-07-20 07:00,False,1.09,1.1
PEP,2010-10-07 07:00,False,1.22,1.22
PEP,2011-02-10 12:00,False,1.04,1.05
PEP,2011-04-28 07:00,False,0.73,0.74
PEP,2011-07-21 07:00,False,1.2,1.21
PEP,2011-10-12 07:00,False,1.29,1.31
PEP,2012-02-09 02:00,False,1.12,1.15
PEP,2012-04-26 07:00,False,0.67,0.69
PEP,2012-07-25 07:00,False,1.09,1.12
PEP,2012-10-17 07:00,False,1.16,1.2
PEP,2013-02-14 07:00,False,1.06,1.09
PEP,2013-04-18 07:00,False,0.7,0.77
PEP,2013-07-24 07:00,False,1.19,1.31
PEP,2013-10-16 07:00,False,1.17,1.24
PEP,2014-02-13 07:00,False,1.01,1.05
PEP,2014-04-17 07:00,False,0.75,0.83
PEP,2014-07-23 07:00,False,1.23,1.32
PEP,2014-10-09 06:00,False,1.29,1.36
PEP,2015-02-11 07:00,False,1.08,1.12
PEP,2015-04-23 07:00,False,0.79,0.83
PEP,2015-07-09 06:00,False,1.24,1.32
PEP,2015-10-06 06:00,False,1.26,1.35
PEP,2016-02-11 06:00,False,1.06,1.06
PEP,2016-04-18 06:00,False,0.81,0.89
PEP,2016-07-07 06:00,False,1.3,1.35
PEP,2016-09-29 06:00,False,1.32,1.4
PEP,2017-02-15 06:00,False,1.16,1.2
PEP,2017-04-26 06:00,False,0.92,0.94
PEP,2017-07-11 06:00,False,1.4,1.5
PEP,2017-10-04 06:00,False,1.43,1.48
PEP,2018-02-13 06:00,False,1.3,1.31
PEP,2018-04-26 06:00,False,0.93,0.96
PEP,2018-07-10 05:00,False,1.53,1.61
PEP,2018-10-02 06:00,False,1.57,1.59
PEP,2019-02-15 06:00,False,1.5,1.49
PEP,2019-04-17 06:00,False,0.93,0.97
PEP,2019-07-09 06:00,False,1.51,1.54
PEP,2019-10-03 10:00,False,1.51,1.56
PEP,2020-02-13 06:00,False,1.45,1.45
PEP,2020-04-28 06:00,False,1.03,1.07
PEP,2020-07-13 06:00,False,1.25,1.32
PEP,2020-10-01 06:00,False,1.49,1.66
PEP,2021-02-11 08:00,False,1.46,1.47
PEP,2021-04-15 06:00,False,1.12,1.21
PEP,2021-07-13 06:00,False,1.53,1.72
PEP,2021-10-05 06:00,False,1.73,1.79
PEP,2022-02-10 06:00,False,1.52,1.53
PEP,2022-04-26 06:00,False,1.23,1.29
PEP,2022-07-12 06:00,False,1.74,1.86
PEP,2022-10-12 06:00,False,1.85,1.97
PEP,2023-02-09 06:00,False,1.65,1.67
PEP,2023-04-25 06:00,False,1.39,1.5
PEP,2023-07-13 06:00,False,1.96,2.09
PEP,2023-10-10 06:00,False,2.15,2.25
PEP,2024-02-09 06:00,False,1.72,1.78
PEP,2024-04-23 06:00,False,1.52,1.61
PEP,2024-07-11 06:00,False,2.16,2.28
PEP,2024-10-08 06:00,False,2.29,2.31
PEP,2025-02-04 06:00,False,1.94,1.96
PEP,2025-04-24 06:00,False,1.49,1.48
PEP,2025-07-17 06:00,False,2.03,2.12
PEP,2025-10-09 06:00,False,2.26,2.29
PEP,2026-02-03 06:00,False,2.24,2.26
PEP,2026-04-16 06:00,False,1.55,1.61
PEP,2026-07-09 06:00,False,2.21,2.2
PFE,2002-01-23 06:00,False,0.34,0.34
PFE,2002-04-17 06:00,False,0.39,0.39
PFE,2002-07-15 06:00,False,0.32,0.33
PFE,2002-10-16 07:00,False,0.38,0.39
PFE,2003-01-22 07:00,False,0.47,0.48
PFE,2003-04-22 06:00,False,0.44,0.45
PFE,2003-07-25 06:00,False,0.29,0.3
PFE,2003-10-22 06:00,False,0.44,0.47
PFE,2004-01-22 06:00,False,0.51,0.53
PFE,2004-04-20 06:00,False,0.51,0.52
PFE,2004-07-21 06:00,False,0.46,0.47
PFE,2004-10-20 06:00,False,0.54,0.55
PFE,2005-01-19 06:00,False,0.59,0.58
PFE,2005-04-19 06:00,False,0.53,0.54
PFE,2005-07-20 06:00,False,0.44,0.46
PFE,2005-10-20 06:00,False,0.48,0.51
PFE,2006-01-19 06:00,False,0.42,0.51
PFE,2006-04-19 06:00,False,0.53,0.61
PFE,2006-07-20 06:00,False,0.48,0.52
PFE,2006-10-19 07:00,False,0.45,0.54
PFE,2007-01-22 06:00,False,0.42,0.43
PFE,2007-04-20 06:00,False,0.57,0.68
PFE,2007-07-18 06:00,False,0.5,0.42
PFE,2007-10-18 06:00,False,0.52,0.58
PFE,2008-01-23 08:00,False,0.47,0.52
PFE,2008-04-17 07:00,False,0.65,0.61
PFE,2008-07-23 07:00,False,0.54,0.55
PFE,2008-10-21 07:00,False,0.6,0.62
PFE,2009-01-26 06:00,False,0.6,0.64
PFE,2009-04-28 07:00,False,0.49,0.54
PFE,2009-07-22 07:00,False,0.46,0.48
PFE,2009-10-20 07:00,False,0.48,0.51
PFE,2010-02-03 07:00,False,0.51,0.49
PFE,2010-05-04 07:00,False,0.53,0.6
PFE,2010-08-03 07:00,False,0.52,0.62
PFE,2010-11-02 07:00,False,0.51,0.54
PFE,2011-02-01 08:00,False,0.46,0.47
PFE,2011-05-03 07:00,False,0.58,0.6
PFE,2011-08-02 07:00,False,0.59,0.6
PFE,2011-11-01 07:00,False,0.56,0.62
PFE,2012-01-31 07:00,False,0.47,0.5
PFE,2012-05-01 07:00,False,0.57,0.58
PFE,2012-07-31 07:00,False,0.55,0.62
PFE,2012-11-01 07:00,False,0.52,0.53
PFE,2013-01-29 07:00,False,0.44,0.47
PFE,2013-04-30 07:00,False,0.55,0.54
PFE,2013-07-30 03:00,False,0.55,0.56
PFE,2013-10-29 07:00,False,0.56,0.58
PFE,2014-01-28 07:00,False,0.53,0.56
PFE,2014-05-05 07:00,False,0.55,0.57
PFE,2014-07-29 07:00,False,0.57,0.58
PFE,2014-10-28 07:00,False,0.55,0.57
PFE,2015-01-27 07:00,False,0.53,0.54
PFE,2015-04-28 07:00,False,0.49,0.51
PFE,2015-07-28 07:00,False,0.52,0.56
PFE,2015-10-27 06:00,False,0.51,0.6
PFE,2016-02-02 06:00,False,0.52,0.53
PFE,2016-05-03 05:00,False,0.55,0.67
PFE,2016-08-02 06:00,False,0.62,0.64
PFE,2016-11-01 06:00,False,0.62,0.61
PFE,2017-01-31 06:00,False,0.51,0.47
PFE,2017-05-02 06:00,False,0.67,0.69
PFE,2017-08-01 06:00,False,0.66,0.67
PFE,2017-10-31 06:00,False,0.65,0.67
PFE,2018-01-30 06:00,False,0.56,0.62
PFE,2018-05-01 06:00,False,0.74,0.77
PFE,2018-07-31 06:00,False,0.74,0.81
PFE,2018-10-30 06:00,False,0.75,0.78
PFE,2019-01-29 06:00,False,0.63,0.64
PFE,2019-04-30 06:00,False,0.75,0.85
PFE,2019-07-29 06:00,False,0.75,0.8
PFE,2019-10-29 06:00,False,0.62,0.75
PFE,2020-01-28 06:00,False,0.58,0.55
PFE,2020-04-28 06:00,False,0.73,0.8
PFE,2020-07-28 06:00,False,0.66,0.78
PFE,2020-10-27 06:00,False,0.71,0.72
PFE,2021-02-02 06:00,False,0.46,0.42
PFE,2021-05-04 06:00,False,0.78,0.93
PFE,2021-07-28 06:00,False,0.98,1.07
PFE,2021-11-02 06:00,False,1.09,1.34
PFE,2022-02-08 06:00,False,0.87,1.08
PFE,2022-05-03 06:00,False,1.57,1.62
PFE,2022-07-28 06:00,False,1.78,2.04
PFE,2022-11-01 06:00,False,1.4,1.78
PFE,2023-01-31 06:00,False,1.04,1.14
PFE,2023-05-02 06:00,False,0.99,1.23
PFE,2023-08-01 06:00,False,0.58,0.67
PFE,2023-10-31 06:00,False,-0.34,-0.17
PFE,2024-01-30 06:00,False,-0.18,0.1
PFE,2024-05-01 06:00,False,0.51,0.82
PFE,2024-07-30 08:00,False,0.46,0.6
PFE,2024-10-29 06:00,False,0.61,1.06
PFE,2025-02-04 06:00,False,0.46,0.63
PFE,2025-04-29 06:00,False,0.67,0.92
PFE,2025-08-05 06:00,False,0.57,0.78
PFE,2025-11-04 07:00,False,0.63,0.87
PFE,2026-02-03 06:00,False,0.57,0.66
PFE,2026-05-05 06:00,False,0.72,0.75
PFE,2026-08-04 06:00,False,0.68,0.77
PG,2002-01-31 07:00,False,0.51,0.52
PG,2002-04-30 07:00,False,0.41,0.42
PG,2002-08-05 07:00,False,0.37,0.39
PG,2002-10-29 07:00,False,0.55,0.56
PG,2003-01-28 07:00,False,0.56,0.56
PG,2003-04-28 07:00,False,0.48,0.48
PG,2003-07-31 07:00,False,0.43,0.44
PG,2003-10-27 07:00,False,0.63,0.63
PG,2004-01-28 07:00,False,0.64,0.65
PG,2004-04-30 07:00,False,0.54,0.55
PG,2004-08-02 07:00,False,0.49,0.5
PG,2004-10-27 07:00,False,0.72,0.73
PG,2005-01-27 16:00,True,0.72,0.74
PG,2005-04-28 07:00,False,0.61,0.63
PG,2005-08-01 07:00,False,0.55,0.56
PG,2005-11-01 07:00,False,0.76,0.77
PG,2006-01-27 07:00,False,0.69,0.72
PG,2006-05-03 07:00,False,0.61,0.62
PG,2006-08-02 07:00,False,0.54,0.55
PG,2006-10-31 07:00,False,0.78,0.79
PG,2007-01-30 07:00,False,0.84,0.84
PG,2007-05-01 07:00,False,0.74,0.74
PG,2007-08-03 07:00,False,0.66,0.67
PG,2007-10-30 07:00,False,0.9,0.9
PG,2008-01-31 07:00,False,0.97,0.98
PG,2008-04-30 07:00,False,0.81,0.82
PG,2008-08-05 07:00,False,0.78,0.8
PG,2008-10-29 07:00,False,1.03,1.03
PG,2009-01-30 07:00,False,0.99,0.94
PG,2009-04-30 07:00,False,0.8,0.84
PG,2009-08-05 07:00,False,0.78,0.8
PG,2009-10-29 06:00,False,0.99,0.97
PG,2010-01-28 07:00,False,1.43,1.49
PG,2010-04-29 07:00,False,0.82,0.89
PG,2010-08-03 06:00,False,0.73,0.71
PG,2010-10-27 07:00,False,1.0,1.02
PG,2011-01-27 07:00,False,1.1,1.13
PG,2011-04-28 07:00,False,0.97,0.96
PG,2011-08-05 07:00,False,0.82,0.84
PG,2011-10-27 07:00,False,1.03,1.03
PG,2012-01-27 07:00,False,1.08,1.1
PG,2012-04-27 07:00,False,0.93,0.94
PG,2012-08-03 07:00,False,0.77,0.82
PG,2012-10-25 06:00,False,0.96,1.06
PG,2013-01-25 07:00,False,1.11,1.22
PG,2013-04-24 07:00,False,0.96,0.99
PG,2013-08-01 07:00,False,0.77,0.79
PG,2013-10-25 07:00,False,1.05,1.05
PG,2014-01-24 07:00,False,1.2,1.21
PG,2014-04-23 07:00,False,1.02,1.04
PG,2014-08-01 07:00,False,0.91,0.95
PG,2014-10-24 07:00,False,1.07,1.07
PG,2015-01-27 07:00,False,1.13,1.06
PG,2015-04-23 06:00,False,0.92,0.92
PG,2015-07-30 07:00,False,0.95,1.0
PG,2015-10-23 07:00,False,0.94,0.98
PG,2016-01-26 07:00,False,0.97,1.04
PG,2016-04-26 07:00,False,0.82,0.86
PG,2016-08-02 07:00,False,0.74,0.79
PG,2016-10-25 07:00,False,0.98,1.03
PG,2017-01-20 07:00,False,1.06,1.08
PG,2017-04-26 07:00,False,0.94,0.96
PG,2017-07-27 07:00,False,0.78,0.85
PG,2017-10-20 07:00,False,1.08,1.09
PG,2018-01-23 07:00,False,1.14,1.19
PG,2018-04-19 07:00,False,0.98,1.0
PG,2018-07-31 07:00,False,0.9,0.94
PG,2018-10-19 07:00,False,1.09,1.12
PG,2019-01-23 07:00,False,1.21,1.25
PG,2019-04-23 07:00,False,1.04,1.06
PG,2019-07-30 06:00,False,1.05,1.1
PG,2019-10-22 06:00,False,1.24,1.37
PG,2020-01-23 07:00,False,1.37,1.42
PG,2020-04-17 08:00,False,1.13,1.17
PG,2020-07-30 07:00,False,1.01,1.16
PG,2020-10-20 07:00,False,1.42,1.63
PG,2021-01-20 07:00,False,1.51,1.64
PG,2021-04-20 07:00,False,1.19,1.26
PG,2021-07-30 06:00,False,1.09,1.13
PG,2021-10-19 07:00,False,1.59,1.61
PG,2022-01-19 06:00,False,1.65,1.66
PG,2022-04-20 06:00,False,1.29,1.33
PG,2022-07-29 06:00,False,1.23,1.21
PG,2022-10-19 07:00,False,1.55,1.57
PG,2023-01-19 07:00,False,1.59,1.59
PG,2023-04-21 06:00,False,1.32,1.37
PG,2023-07-28 06:00,False,1.32,1.37
PG,2023-10-18 06:00,False,1.72,1.83
PG,2024-01-23 06:00,False,1.7,1.84
PG,2024-04-19 06:00,False,1.41,1.52
PG,2024-07-30 07:00,False,1.37,1.4
PG,2024-10-18 06:00,False,1.9,1.93
PG,2025-01-22 07:00,False,1.86,1.88
PG,2025-04-24 07:00,False,1.53,1.54
PG,2025-07-29 07:00,False,1.42,1.48
PG,2025-10-24 07:00,False,1.9,1.99
PG,2026-01-22 07:00,False,1.86,1.88
PG,2026-04-24 07:00,False,1.56,1.59
PG,2026-07-29 07:00,False,1.41,1.43
QCOM,2002-01-24 16:00,True,0.11,0.12
QCOM,2002-04-24 07:00,False,0.1,0.1
QCOM,2002-07-25 16:00,True,0.11,0.12
QCOM,2002-11-07 16:00,True,0.14,0.16
QCOM,2003-01-22 16:00,True,0.19,0.21
QCOM,2003-04-23 16:00,True,0.18,0.19
QCOM,2003-07-23 16:00,True,0.15,0.17
QCOM,2003-11-05 16:00,True,0.15,0.14
QCOM,2004-01-21 16:00,True,0.24,0.26
QCOM,2004-04-21 16:00,True,0.25,0.27
QCOM,2004-07-21 16:00,True,0.26,0.28
QCOM,2004-11-03 16:00,True,0.28,0.29
QCOM,2005-01-19 16:00,True,0.27,0.28
QCOM,2005-04-20 16:00,True,0.27,0.29
QCOM,2005-07-20 16:00,True,0.25,0.28
QCOM,2005-11-02 16:00,True,0.33,0.32
QCOM,2006-01-25 16:00,True,0.38,0.39
QCOM,2006-04-19 16:00,True,0.4,0.41
QCOM,2006-07-19 16:00,True,0.41,0.42
QCOM,2006-11-02 16:00,True,0.41,0.42
QCOM,2007-01-24 16:00,True,0.42,0.43
QCOM,2007-04-25 16:00,True,0.48,0.5
QCOM,2007-07-25 16:00,True,0.51,0.55
QCOM,2007-11-08 16:00,True,0.53,0.54
QCOM,2008-01-23 16:00,True,0.53,0.52
QCOM,2008-04-23 16:00,True,0.52,0.54
QCOM,2008-07-23 19:00,True,0.55,0.55
QCOM,2008-11-06 16:00,True,0.6,0.63
QCOM,2009-01-28 16:00,True,0.47,0.31
QCOM,2009-04-27 07:00,False,0.39,0.42
QCOM,2009-07-22 16:00,True,0.51,0.54
QCOM,2009-11-04 16:00,True,0.52,0.64
QCOM,2010-01-27 16:00,True,0.56,0.62
QCOM,2010-04-21 15:00,False,0.56,0.59
QCOM,2010-07-21 16:00,True,0.53,0.57
QCOM,2010-11-03 16:00,True,0.58,0.68
QCOM,2011-01-26 16:00,True,0.72,0.82
QCOM,2011-04-20 16:00,True,0.8,0.86
QCOM,2011-07-20 16:00,True,0.71,0.73
QCOM,2011-11-02 16:00,True,0.78,0.8
QCOM,2012-02-01 16:00,True,0.9,0.97
QCOM,2012-04-18 16:00,True,0.96,1.01
QCOM,2012-07-18 16:00,True,0.86,0.85
QCOM,2012-11-07 16:00,True,0.82,0.89
QCOM,2013-01-30 16:00,True,1.12,1.26
QCOM,2013-04-24 16:00,True,1.17,1.17
QCOM,2013-07-24 16:00,True,1.03,1.03
QCOM,2013-11-06 16:00,True,1.08,1.05
QCOM,2014-01-29 16:00,True,1.19,1.01
QCOM,2014-04-23 16:00,True,1.22,1.31
QCOM,2014-07-23 16:00,True,1.21,1.44
QCOM,2014-11-05 16:00,True,1.31,1.26
QCOM,2015-01-28 16:00,True,1.25,1.34
QCOM,2015-04-22 16:00,True,1.33,1.4
QCOM,2015-07-22 16:00,True,0.95,0.99
QCOM,2015-11-04 16:00,True,0.86,0.91
QCOM,2016-01-27 16:00,True,0.91,0.97
QCOM,2016-04-20 16:00,True,0.96,1.04
QCOM,2016-07-20 12:00,False,0.97,1.16
QCOM,2016-11-02 16:00,True,1.11,1.28
QCOM,2017-01-25 16:00,True,1.18,1.19
QCOM,2017-04-19 16:00,True,1.2,1.34
QCOM,2017-07-19 16:00,True,0.81,0.83
QCOM,2017-11-01 17:00,True,0.81,0.92
QCOM,2018-01-31 16:00,True,0.91,0.98
QCOM,2018-04-25 16:00,True,0.7,0.8
QCOM,2018-07-25 16:00,True,0.71,0.75
QCOM,2018-11-07 17:00,True,0.83,0.9
QCOM,2019-01-30 16:00,True,1.09,1.2
QCOM,2019-05-01 16:00,True,0.71,0.77
QCOM,2019-07-31 16:00,True,0.77,0.8
QCOM,2019-11-06 16:00,True,0.71,0.78
QCOM,2020-02-05 16:00,True,0.85,0.99
QCOM,2020-04-29 16:00,True,0.8,0.88
QCOM,2020-07-29 16:00,True,0.71,0.86
QCOM,2020-11-04 16:00,True,1.18,1.45
QCOM,2021-02-03 16:00,True,2.1,2.17
QCOM,2021-04-28 02:00,False,1.67,1.9
QCOM,2021-07-28 16:00,True,1.68,1.92
QCOM,2021-11-03 16:00,True,2.26,2.55
QCOM,2022-02-02 16:00,True,3.0,3.23
QCOM,2022-04-27 16:00,True,2.92,3.21
QCOM,2022-07-27 16:00,True,2.87,2.96
QCOM,2022-11-02 16:00,True,3.13,3.13
QCOM,2023-02-02 16:00,True,2.35,2.37
QCOM,2023-05-03 16:00,True,2.16,2.15
QCOM,2023-08-02 16:00,True,1.81,1.87
QCOM,2023-11-01 16:00,True,1.91,2.02
QCOM,2024-01-31 16:00,True,2.37,2.75
QCOM,2024-05-01 16:00,True,2.32,2.44
QCOM,2024-07-31 16:00,True,2.26,2.33
QCOM,2024-11-06 16:00,True,2.57,2.69
QCOM,2025-02-05 16:00,True,2.99,3.41
QCOM,2025-04-30 16:00,True,2.82,2.85
QCOM,2025-07-30 16:00,True,2.71,2.77
QCOM,2025-11-05 16:00,True,2.88,3.0
QCOM,2026-02-04 16:00,True,3.4,3.5
QCOM,2026-04-29 16:00,True,2.56,2.65
QCOM,2026-07-29 16:00,True,2.22,2.21
SBUX,2002-04-25 16:00,True,0.02,0.02
SBUX,2002-07-25 16:00,True,0.03,0.04
SBUX,2002-11-14 16:00,True,0.04,0.04
SBUX,2003-01-23 16:00,True,0.05,0.05
SBUX,2003-04-24 16:00,True,0.03,0.03
SBUX,2003-07-24 16:00,True,0.04,0.04
SBUX,2003-11-13 16:00,True,0.04,0.04
SBUX,2004-01-21 16:00,True,0.06,0.07
SBUX,2004-04-21 16:00,True,0.04,0.05
SBUX,2004-07-21 16:00,True,0.05,0.06
SBUX,2004-11-10 16:00,True,0.06,0.06
SBUX,2005-01-26 16:00,True,0.09,0.09
SBUX,2005-04-27 16:00,True,0.06,0.06
SBUX,2005-07-27 16:00,True,0.07,0.08
SBUX,2005-11-17 16:00,True,0.07,0.08
SBUX,2006-02-01 16:00,True,0.13,0.12
SBUX,2006-05-03 16:00,True,0.07,0.08
SBUX,2006-08-02 16:00,True,0.09,0.09
SBUX,2006-11-16 16:00,True,0.08,0.09
SBUX,2007-01-31 16:00,True,0.13,0.13
SBUX,2007-05-03 16:00,True,0.1,0.1
SBUX,2007-08-01 16:00,True,0.11,0.11
SBUX,2007-11-15 16:00,True,0.1,0.11
SBUX,2008-01-30 16:00,True,0.14,0.14
SBUX,2008-04-30 16:00,True,0.08,0.08
SBUX,2008-07-30 16:00,True,0.09,0.08
SBUX,2008-11-10 16:00,True,0.06,0.05
SBUX,2009-01-28 16:00,True,0.08,0.08
SBUX,2009-04-29 16:00,True,0.08,0.08
SBUX,2009-07-21 16:00,True,0.1,0.12
SBUX,2009-11-05 16:00,True,0.1,0.12
SBUX,2010-01-20 16:00,True,0.14,0.17
SBUX,2010-04-21 15:00,False,0.12,0.14
SBUX,2010-07-21 16:00,True,0.14,0.14
SBUX,2010-11-04 16:00,True,0.16,0.19
SBUX,2011-01-26 16:00,True,0.2,0.23
SBUX,2011-04-27 16:00,True,0.17,0.17
SBUX,2011-07-28 16:00,True,0.17,0.18
SBUX,2011-11-03 16:00,True,0.18,0.19
SBUX,2012-01-26 16:00,True,0.24,0.25
SBUX,2012-04-26 16:00,True,0.2,0.2
SBUX,2012-07-26 16:00,True,0.23,0.22
SBUX,2012-11-01 16:00,True,0.23,0.23
SBUX,2013-01-24 16:00,True,0.29,0.28
SBUX,2013-04-25 16:00,True,0.24,0.24
SBUX,2013-07-25 16:00,True,0.27,0.28
SBUX,2013-10-30 16:00,True,0.3,0.3
SBUX,2014-01-23 16:00,True,0.35,0.34
SBUX,2014-04-24 16:00,True,0.28,0.28
SBUX,2014-07-24 16:00,True,0.33,0.34
SBUX,2014-10-30 16:00,True,0.37,0.37
SBUX,2015-01-22 16:00,True,0.4,0.4
SBUX,2015-04-23 16:00,True,0.33,0.34
SBUX,2015-07-23 16:00,True,0.41,0.42
SBUX,2015-10-29 16:00,True,0.43,0.43
SBUX,2016-01-21 16:00,True,0.45,0.46
SBUX,2016-04-21 16:00,True,0.39,0.39
SBUX,2016-07-21 16:00,True,0.49,0.49
SBUX,2016-11-03 16:00,True,0.55,0.56
SBUX,2017-01-26 16:00,True,0.52,0.52
SBUX,2017-04-27 16:00,True,0.45,0.45
SBUX,2017-07-27 16:00,True,0.55,0.55
SBUX,2017-11-02 16:00,True,0.55,0.55
SBUX,2018-01-25 16:00,True,0.57,0.58
SBUX,2018-04-26 16:00,True,0.53,0.53
SBUX,2018-07-26 16:00,True,0.6,0.62
SBUX,2018-11-01 16:00,True,0.6,0.62
SBUX,2019-01-24 16:00,True,0.65,0.75
SBUX,2019-04-25 16:00,True,0.57,0.6
SBUX,2019-07-25 16:00,True,0.73,0.78
SBUX,2019-10-30 16:00,True,0.7,0.7
SBUX,2020-01-28 16:00,True,0.76,0.79
SBUX,2020-04-28 17:00,True,0.32,0.32
SBUX,2020-07-28 16:00,True,-0.61,-0.46
SBUX,2020-10-29 16:00,True,0.31,0.51
SBUX,2021-01-26 16:00,True,0.55,0.61
SBUX,2021-04-27 16:00,True,0.53,0.62
SBUX,2021-07-27 16:00,True,0.78,1.01
SBUX,2021-10-28 16:00,True,1.0,1.0
SBUX,2022-02-01 16:00,True,0.8,0.72
SBUX,2022-05-03 16:00,True,0.6,0.59
SBUX,2022-08-02 16:00,True,0.76,0.84
SBUX,2022-11-03 16:00,True,0.72,0.81
SBUX,2023-02-02 16:00,True,0.77,0.75
SBUX,2023-05-02 16:00,True,0.65,0.74
SBUX,2023-08-01 16:00,True,0.95,1.0
SBUX,2023-11-02 06:00,False,0.97,1.06
SBUX,2024-01-30 16:00,True,0.94,0.9
SBUX,2024-04-30 16:00,True,0.8,0.68
SBUX,2024-07-30 16:00,True,0.93,0.93
SBUX,2024-10-30 16:00,True,0.89,0.8
SBUX,2025-01-28 16:00,True,0.67,0.69
SBUX,2025-04-29 16:00,True,0.48,0.41
SBUX,2025-07-29 16:00,True,0.65,0.5
SBUX,2025-10-29 16:00,True,0.56,0.52
SBUX,2026-01-28 07:00,False,0.59,0.56
SBUX,2026-04-28 16:00,True,0.44,0.5
SBUX,2026-07-29 16:00,True,0.65,0.85
TSLA,2010-11-09 16:00,True,-0.03,-0.03
TSLA,2011-02-15 16:00,True,-0.03,-0.04
TSLA,2011-05-04 16:00,True,-0.03,-0.03
TSLA,2011-08-03 16:00,True,-0.03,-0.04
TSLA,2011-11-02 17:00,True,-0.04,-0.04
TSLA,2012-02-15 16:00,True,-0.04,-0.05
TSLA,2012-05-09 16:00,True,-0.05,-0.05
TSLA,2012-07-25 16:00,True,-0.06,-0.06
TSLA,2012-11-05 06:00,False,-0.06,-0.06
TSLA,2013-02-20 16:00,True,-0.03,-0.04
TSLA,2013-05-08 17:00,True,,0.01
TSLA,2013-08-07 16:00,True,-0.01,0.01
TSLA,2013-11-05 16:00,True,0.01,0.01
TSLA,2014-02-19 16:00,True,0.01,0.02
TSLA,2014-05-09 16:00,True,,0.01
TSLA,2014-07-31 16:00,True,,0.01
TSLA,2014-11-05 16:00,True,,
TSLA,2015-02-11 17:00,True,0.02,-0.01
TSLA,2015-05-06 16:00,True,-0.03,-0.02
TSLA,2015-08-05 16:00,True,-0.04,-0.03
TSLA,2015-11-03 16:00,True,-0.04,-0.04
TSLA,2016-02-10 16:00,True,0.01,-0.06
TSLA,2016-05-04 16:00,True,-0.04,-0.04
TSLA,2016-08-03 16:00,True,-0.04,-0.07
TSLA,2016-10-26 16:00,True,,0.05
TSLA,2017-02-22 16:00,True,-0.03,-0.05
TSLA,2017-05-03 16:00,True,-0.05,-0.09
TSLA,2017-08-02 16:00,True,-0.13,-0.09
TSLA,2017-11-01 16:00,True,-0.15,-0.19
TSLA,2018-02-07 16:00,True,-0.21,-0.2
TSLA,2018-05-02 16:00,True,-0.24,-0.22
TSLA,2018-08-01 16:00,True,-0.19,-0.2
TSLA,2018-10-24 16:00,True,,0.19
TSLA,2019-01-30 16:00,True,0.14,0.13
TSLA,2019-04-24 17:00,True,-0.06,-0.19
TSLA,2019-07-24 16:00,True,-0.03,-0.07
TSLA,2019-10-23 16:00,True,-0.02,0.12
TSLA,2020-01-29 16:00,True,0.12,0.14
TSLA,2020-04-29 12:00,False,-0.01,0.08
TSLA,2020-07-22 16:00,True,-0.01,0.15
TSLA,2020-10-21 18:00,True,0.2,0.25
TSLA,2021-01-27 16:00,True,0.35,0.27
TSLA,2021-04-26 16:00,True,0.26,0.31
TSLA,2021-07-26 16:00,True,0.32,0.48
TSLA,2021-10-20 15:00,False,0.54,0.62
TSLA,2022-01-26 16:00,True,0.79,0.85
TSLA,2022-04-20 16:00,True,0.75,1.07
TSLA,2022-07-20 17:00,True,0.6,0.76
TSLA,2022-10-19 17:00,True,1.0,1.05
TSLA,2023-01-25 16:00,True,1.11,1.19
TSLA,2023-04-19 16:00,True,0.85,0.85
TSLA,2023-07-19 16:00,True,0.82,0.91
TSLA,2023-10-18 16:00,True,0.73,0.66
TSLA,2024-01-24 16:00,True,0.74,0.71
TSLA,2024-04-23 16:00,True,0.49,0.45
TSLA,2024-07-23 20:00,True,0.62,0.52
TSLA,2024-10-23 16:00,True,0.6,0.72
TSLA,2025-01-29 16:00,True,0.77,0.73
TSLA,2025-04-22 16:00,True,0.41,0.27
TSLA,2025-07-23 16:00,True,0.4,0.4
TSLA,2025-10-22 16:00,True,0.56,0.5
TSLA,2026-01-28 16:00,True,0.45,0.5
TSLA,2026-04-22 16:00,True,0.35,0.41
TSLA,2026-07-22 16:00,True,0.54,0.33
TXN,2002-01-28 16:00,True,-0.09,-0.06
TXN,2002-04-15 16:00,True,,0.01
TXN,2002-07-22 16:00,True,0.06,0.06
TXN,2002-10-21 16:00,True,0.1,0.09
TXN,2003-01-22 16:00,True,0.03,0.06
TXN,2003-04-15 16:00,True,0.06,0.07
TXN,2003-07-21 16:00,True,0.06,0.07
TXN,2003-10-20 16:00,True,0.1,0.12
TXN,2004-01-26 16:00,True,0.19,0.2
TXN,2004-04-14 16:00,True,0.21,0.21
TXN,2004-07-20 16:00,True,0.25,0.25
TXN,2004-10-18 16:00,True,0.28,0.32
TXN,2005-01-25 16:00,True,0.26,0.26
TXN,2005-04-18 16:00,True,0.23,0.24
TXN,2005-07-25 16:00,True,0.29,0.32
TXN,2005-10-24 16:00,True,0.39,0.41
TXN,2006-01-23 16:00,True,0.42,0.43
TXN,2006-04-18 16:00,True,0.33,0.33
TXN,2006-07-24 16:00,True,0.47,0.47
TXN,2006-10-23 16:00,True,0.45,0.45
TXN,2007-01-22 16:00,True,0.38,0.39
TXN,2007-04-23 16:00,True,0.31,0.35
TXN,2007-07-23 16:00,True,0.42,0.42
TXN,2007-10-22 16:00,True,0.5,0.52
TXN,2008-01-22 16:00,True,0.52,0.53
TXN,2008-04-21 16:00,True,0.43,0.43
TXN,2008-07-21 16:00,True,0.46,0.44
TXN,2008-10-20 16:00,True,0.44,0.43
TXN,2009-01-26 16:00,True,0.14,0.21
TXN,2009-04-20 16:00,True,0.01,0.07
TXN,2009-07-20 16:00,True,0.22,0.25
TXN,2009-10-19 16:00,True,0.4,0.43
TXN,2010-01-25 16:00,True,0.49,0.52
TXN,2010-04-26 15:00,False,0.51,0.53
TXN,2010-07-19 16:00,True,0.62,0.64
TXN,2010-10-25 16:00,True,0.69,0.72
TXN,2011-01-24 16:00,True,0.63,0.64
TXN,2011-04-18 16:00,True,0.58,0.55
TXN,2011-07-25 16:00,True,0.53,0.56
TXN,2011-10-24 16:00,True,0.58,0.61
TXN,2012-01-23 16:00,True,0.39,0.53
TXN,2012-04-23 16:00,True,0.29,0.32
TXN,2012-07-23 16:00,True,0.4,0.44
TXN,2012-10-22 16:00,True,0.46,0.52
TXN,2013-01-22 16:00,True,0.34,0.36
TXN,2013-04-22 16:00,True,0.32,0.41
TXN,2013-07-22 16:00,True,0.41,0.58
TXN,2013-10-21 16:00,True,0.57,0.64
TXN,2014-01-21 16:00,True,0.46,0.46
TXN,2014-04-23 16:00,True,0.47,0.47
TXN,2014-07-21 16:00,True,0.59,0.62
TXN,2014-10-20 16:00,True,0.75,0.82
TXN,2015-01-26 16:00,True,0.69,0.76
TXN,2015-04-22 16:00,True,0.67,0.67
TXN,2015-07-22 16:00,True,0.66,0.65
TXN,2015-10-21 16:00,True,0.67,0.76
TXN,2016-01-27 16:00,True,0.75,0.82
TXN,2016-04-27 16:00,True,0.66,0.71
TXN,2016-07-25 16:00,True,0.72,0.76
TXN,2016-10-26 16:00,True,0.86,0.94
TXN,2017-01-24 16:00,True,0.86,0.93
TXN,2017-04-25 16:00,True,0.83,0.97
TXN,2017-07-25 16:00,True,0.99,1.1
TXN,2017-10-24 16:00,True,1.17,1.31
TXN,2018-01-23 16:00,True,1.12,1.11
TXN,2018-04-24 16:00,True,1.15,1.29
TXN,2018-07-24 16:00,True,1.35,1.45
TXN,2018-10-23 16:00,True,1.58,1.65
TXN,2019-01-23 16:00,True,1.27,1.33
TXN,2019-04-23 16:00,True,1.17,1.29
TXN,2019-07-23 16:00,True,1.22,1.36
TXN,2019-10-22 16:00,True,1.42,1.49
TXN,2020-01-22 16:00,True,1.04,1.17
TXN,2020-04-21 17:00,True,1.02,1.3
TXN,2020-07-21 16:00,True,0.92,1.57
TXN,2020-10-20 16:00,True,1.29,1.5
TXN,2021-01-26 16:00,True,1.34,1.86
TXN,2021-04-27 16:00,True,1.61,1.92
TXN,2021-07-21 16:00,True,1.85,2.1
TXN,2021-10-26 16:00,True,2.09,2.12
TXN,2022-01-25 16:00,True,1.96,2.33
TXN,2022-04-26 16:00,True,2.17,2.35
TXN,2022-07-26 16:00,True,2.15,2.52
TXN,2022-10-25 16:00,True,2.42,2.56
TXN,2023-01-24 16:00,True,2.03,2.19
TXN,2023-04-25 16:00,True,1.8,1.85
TXN,2023-07-25 16:00,True,1.77,1.87
TXN,2023-10-24 16:00,True,1.84,1.85
TXN,2024-01-23 16:00,True,1.49,1.46
TXN,2024-04-23 16:00,True,1.07,1.2
TXN,2024-07-23 16:00,True,1.19,1.17
TXN,2024-10-22 16:00,True,1.37,1.47
TXN,2025-01-23 16:00,True,1.2,1.3
TXN,2025-04-23 16:00,True,1.1,1.28
TXN,2025-07-22 16:00,True,1.33,1.41
TXN,2025-10-21 16:00,True,1.49,1.48
TXN,2026-01-27 16:00,True,1.31,1.27
TXN,2026-04-22 16:00,True,1.37,1.68
TXN,2026-07-22 16:00,True,1.94,2.14
UNH,2002-01-24 06:00,False,0.18,0.19
UNH,2002-04-18 06:00,False,0.21,0.23
UNH,2002-07-18 06:00,False,0.24,0.25
UNH,2002-10-17 06:00,False,0.26,0.28
UNH,2003-01-23 06:00,False,0.29,0.3
UNH,2003-04-16 06:00,False,0.31,0.32
UNH,2003-07-17 06:00,False,0.33,0.36
UNH,2003-10-16 06:00,False,0.37,0.39
UNH,2004-01-22 06:00,False,0.39,0.42
UNH,2004-04-15 06:00,False,0.43,0.44
UNH,2004-07-15 06:00,False,0.46,0.47
UNH,2004-10-14 06:00,False,0.5,0.52
UNH,2005-01-20 06:00,False,0.54,0.55
UNH,2005-04-14 06:00,False,0.56,0.58
UNH,2005-07-14 06:00,False,0.75,0.61
UNH,2005-10-14 06:00,False,0.67,0.64
UNH,2006-01-19 06:00,False,0.65,0.65
UNH,2006-04-18 06:00,False,0.65,0.68
UNH,2006-07-19 06:00,False,0.68,0.7
UNH,2006-10-19 06:00,False,0.76,0.8
UNH,2007-01-18 06:00,False,0.85,0.86
UNH,2007-04-19 06:00,False,0.71,0.74
UNH,2007-07-19 06:00,False,0.81,0.87
UNH,2007-10-18 06:00,False,0.92,0.95
UNH,2008-01-22 06:00,False,0.92,0.92
UNH,2008-04-22 06:00,False,0.8,0.78
UNH,2008-07-22 06:00,False,0.65,0.67
UNH,2008-10-16 06:00,False,0.73,0.73
UNH,2009-01-22 06:00,False,0.78,0.78
UNH,2009-04-21 06:00,False,0.67,0.81
UNH,2009-07-21 06:00,False,0.7,0.73
UNH,2009-10-20 06:00,False,0.76,0.89
UNH,2010-01-21 06:00,False,0.73,0.81
UNH,2010-04-20 05:00,False,0.69,1.03
UNH,2010-07-20 06:00,False,0.75,0.99
UNH,2010-10-19 06:00,False,0.83,1.14
UNH,2011-01-20 06:00,False,0.84,1.05
UNH,2011-04-21 06:00,False,0.89,1.22
UNH,2011-07-19 06:00,False,1.01,1.16
UNH,2011-10-18 06:00,False,1.12,1.17
UNH,2012-01-19 06:00,False,1.04,1.17
UNH,2012-04-19 06:00,False,1.18,1.31
UNH,2012-07-19 06:00,False,1.19,1.27
UNH,2012-10-16 06:00,False,1.36,1.5
UNH,2013-01-17 06:00,False,1.19,1.2
UNH,2013-04-18 06:00,False,1.15,1.16
UNH,2013-07-18 06:00,False,1.25,1.4
UNH,2013-10-17 06:00,False,1.53,1.53
UNH,2014-01-16 06:00,False,1.4,1.41
UNH,2014-04-17 06:00,False,1.09,1.1
UNH,2014-07-17 06:00,False,1.25,1.42
UNH,2014-10-16 06:00,False,1.52,1.63
UNH,2015-01-21 06:00,False,1.5,1.55
UNH,2015-04-16 06:00,False,1.34,1.46
UNH,2015-07-16 06:00,False,1.58,1.64
UNH,2015-10-15 05:00,False,1.64,1.65
UNH,2016-01-19 05:00,False,1.37,1.4
UNH,2016-04-19 05:00,False,1.72,1.81
UNH,2016-07-19 05:00,False,1.89,1.96
UNH,2016-10-18 05:00,False,2.08,2.17
UNH,2017-01-17 05:00,False,2.07,2.11
UNH,2017-04-18 05:00,False,2.17,2.37
UNH,2017-07-18 05:00,False,2.38,2.46
UNH,2017-10-17 05:00,False,2.57,2.66
UNH,2018-01-16 05:00,False,2.52,2.59
UNH,2018-04-17 05:00,False,2.91,3.04
UNH,2018-07-17 05:00,False,3.04,3.14
UNH,2018-10-16 05:00,False,3.3,3.41
UNH,2019-01-15 05:00,False,3.22,3.28
UNH,2019-04-16 05:00,False,3.6,3.73
UNH,2019-07-18 05:00,False,3.46,3.6
UNH,2019-10-15 05:00,False,3.76,3.88
UNH,2020-01-15 05:00,False,3.78,3.9
UNH,2020-04-15 06:00,False,3.65,3.72
UNH,2020-07-15 05:00,False,5.24,7.12
UNH,2020-10-14 05:00,False,3.08,3.51
UNH,2021-01-20 05:00,False,2.41,2.52
UNH,2021-04-15 05:00,False,4.38,5.31
UNH,2021-07-15 05:00,False,4.46,4.7
UNH,2021-10-14 05:00,False,4.42,4.52
UNH,2022-01-19 05:00,False,4.31,4.48
UNH,2022-04-14 05:00,False,5.35,5.49
UNH,2022-07-15 05:00,False,5.21,5.57
UNH,2022-10-14 05:00,False,5.44,5.79
UNH,2023-01-13 05:00,False,5.17,5.34
UNH,2023-04-14 05:00,False,6.08,6.26
UNH,2023-07-14 05:00,False,5.98,6.14
UNH,2023-10-13 05:00,False,6.35,6.56
UNH,2024-01-12 05:00,False,5.99,6.16
UNH,2024-04-16 05:00,False,6.62,6.91
UNH,2024-07-16 06:00,False,6.63,6.8
UNH,2024-10-15 06:00,False,7.03,7.15
UNH,2025-01-16 06:00,False,6.74,6.81
UNH,2025-04-17 05:00,False,7.29,7.2
UNH,2025-07-29 05:00,False,4.45,4.08
UNH,2025-10-28 05:00,False,2.81,2.92
UNH,2026-01-27 05:00,False,2.11,2.11
UNH,2026-04-21 06:00,False,6.6,7.23
UNH,2026-07-16 06:00,False,4.92,6.38
UPS,2002-01-29 08:00,False,0.5,0.57
UPS,2002-04-18 08:00,False,0.47,0.5
UPS,2002-07-15 19:00,True,0.54,0.54
UPS,2002-10-22 08:00,False,0.54,0.51
UPS,2003-01-28 08:00,False,0.57,0.59
UPS,2003-04-22 08:00,False,0.51,0.54
UPS,2003-07-22 08:00,False,0.59,0.61
UPS,2003-10-21 08:00,False,0.6,0.62
UPS,2004-01-29 08:00,False,0.69,0.7
UPS,2004-04-22 08:00,False,0.61,0.67
UPS,2004-07-22 08:00,False,0.71,0.72
UPS,2004-10-21 08:00,False,0.72,0.7
UPS,2005-01-27 08:00,False,0.77,0.76
UPS,2005-04-21 08:00,False,0.73,0.74
UPS,2005-07-21 08:00,False,0.85,0.88
UPS,2005-10-20 08:00,False,0.86,0.86
UPS,2006-01-26 08:00,False,0.96,0.95
UPS,2006-04-20 08:00,False,0.88,0.89
UPS,2006-07-25 08:00,False,1.0,0.97
UPS,2006-10-19 07:00,False,0.9,0.96
UPS,2007-01-30 07:00,False,1.04,1.04
UPS,2007-04-25 07:00,False,0.96,0.96
UPS,2007-07-24 07:00,False,1.03,1.04
UPS,2007-10-23 07:00,False,1.02,1.05
UPS,2008-01-30 07:00,False,1.12,1.13
UPS,2008-04-23 07:00,False,0.86,0.87
UPS,2008-07-22 07:00,False,0.85,0.85
UPS,2008-10-23 07:00,False,0.89,0.96
UPS,2009-02-03 07:00,False,0.85,0.83
UPS,2009-04-23 07:00,False,0.56,0.52
UPS,2009-07-23 07:00,False,0.49,0.49
UPS,2009-10-22 08:00,False,0.52,0.55
UPS,2010-02-02 07:00,False,0.74,0.75
UPS,2010-04-27 19:00,True,0.57,0.71
UPS,2010-07-22 07:00,False,0.76,0.84
UPS,2010-10-21 07:00,False,0.89,0.93
UPS,2011-02-01 07:00,False,1.05,1.08
UPS,2011-04-26 07:00,False,0.85,0.88
UPS,2011-07-26 07:00,False,1.04,1.05
UPS,2011-10-25 07:00,False,1.05,1.06
UPS,2012-01-31 07:00,False,1.34,1.28
UPS,2012-04-26 07:00,False,1.02,1.0
UPS,2012-07-24 07:00,False,1.17,1.15
UPS,2012-10-23 07:00,False,1.06,1.06
UPS,2013-01-31 07:00,False,1.38,1.32
UPS,2013-04-25 07:00,False,1.02,1.04
UPS,2013-07-23 07:00,False,1.13,1.13
UPS,2013-10-25 07:00,False,1.15,1.16
UPS,2014-01-30 07:00,False,1.25,1.25
UPS,2014-04-24 07:00,False,1.08,0.98
UPS,2014-07-29 07:00,False,1.25,1.21
UPS,2014-10-24 07:00,False,1.28,1.32
UPS,2015-02-03 07:00,False,1.25,1.25
UPS,2015-04-28 07:00,False,1.09,1.12
UPS,2015-07-28 07:00,False,1.27,1.35
UPS,2015-10-27 07:00,False,1.37,1.39
UPS,2016-02-02 07:00,False,1.42,1.57
UPS,2016-04-28 07:00,False,1.21,1.27
UPS,2016-07-29 07:00,False,1.43,1.43
UPS,2016-10-27 07:00,False,1.44,1.44
UPS,2017-01-31 07:00,False,1.69,1.63
UPS,2017-04-27 07:00,False,1.29,1.32
UPS,2017-07-27 07:00,False,1.47,1.58
UPS,2017-10-26 07:00,False,1.45,1.45
UPS,2018-02-01 07:00,False,1.66,1.67
UPS,2018-04-26 07:00,False,1.54,1.55
UPS,2018-07-25 07:00,False,1.93,1.94
UPS,2018-10-24 07:00,False,1.82,1.82
UPS,2019-01-31 07:00,False,1.91,1.94
UPS,2019-04-25 07:00,False,1.43,1.39
UPS,2019-07-24 07:00,False,1.93,1.96
UPS,2019-10-22 07:00,False,2.06,2.07
UPS,2020-01-30 07:00,False,2.11,2.11
UPS,2020-04-28 08:00,False,1.23,1.15
UPS,2020-07-30 06:00,False,1.08,2.13
UPS,2020-10-28 06:00,False,1.9,2.28
UPS,2021-02-02 06:00,False,2.15,2.66
UPS,2021-04-27 06:00,False,1.72,2.77
UPS,2021-07-27 06:00,False,2.81,3.06
UPS,2021-10-26 06:00,False,2.55,2.71
UPS,2022-02-01 06:00,False,3.1,3.59
UPS,2022-04-26 06:00,False,2.88,3.05
UPS,2022-07-26 06:00,False,3.16,3.29
UPS,2022-10-25 06:00,False,2.85,2.99
UPS,2023-01-31 06:00,False,3.58,3.62
UPS,2023-04-25 06:00,False,2.21,2.2
UPS,2023-08-08 06:00,False,2.5,2.54
UPS,2023-10-26 06:00,False,1.56,1.57
UPS,2024-01-30 06:00,False,2.46,2.47
UPS,2024-04-23 06:00,False,1.34,1.43
UPS,2024-07-23 06:00,False,1.99,1.79
UPS,2024-10-24 06:00,False,1.62,1.76
UPS,2025-01-30 06:00,False,2.53,2.75
UPS,2025-04-29 06:00,False,1.38,1.49
UPS,2025-07-29 06:00,False,1.57,1.55
UPS,2025-10-28 06:00,False,1.3,1.74
UPS,2026-01-27 06:00,False,2.2,2.38
UPS,2026-04-28 06:00,False,1.02,1.07
UPS,2026-07-28 06:00,False,1.66,1.76
V,2008-04-28 16:00,True,0.11,0.13
V,2008-07-30 16:00,True,0.12,0.15
V,2008-10-29 16:00,True,0.14,0.14
V,2009-02-04 16:00,True,0.16,0.2
V,2009-04-29 16:00,True,0.16,0.18
V,2009-07-29 16:00,True,0.16,0.17
V,2009-10-27 16:00,True,0.18,0.19
V,2010-02-03 16:00,True,0.23,0.25
V,2010-04-28 16:00,True,0.23,0.24
V,2010-07-28 16:00,True,0.23,0.24
V,2010-10-27 16:00,True,0.23,0.24
V,2011-02-02 16:00,True,0.3,0.31
V,2011-05-05 16:00,True,0.3,0.31
V,2011-07-27 16:00,True,0.31,0.32
V,2011-10-26 16:00,True,0.31,0.32
V,2012-02-08 16:00,True,0.36,0.37
V,2012-05-02 16:00,True,0.38,0.4
V,2012-07-25 16:00,True,0.36,0.39
V,2012-10-31 16:00,True,0.37,0.39
V,2013-02-06 16:00,True,0.45,0.48
V,2013-05-01 16:00,True,0.45,0.48
V,2013-07-24 16:00,True,0.45,0.47
V,2013-10-30 16:00,True,0.46,0.46
V,2014-01-30 07:00,False,0.54,0.55
V,2014-04-24 16:00,True,0.55,0.54
V,2014-07-24 16:00,True,0.52,0.54
V,2014-10-29 16:00,True,0.53,0.55
V,2015-01-29 16:00,True,0.62,0.63
V,2015-04-30 16:00,True,0.62,0.63
V,2015-07-23 16:00,True,0.58,0.62
V,2015-11-02 06:00,False,0.63,0.62
V,2016-01-28 16:00,True,0.68,0.69
V,2016-04-21 16:00,True,0.66,0.68
V,2016-07-21 16:00,True,0.67,0.69
V,2016-10-24 16:00,True,0.73,0.78
V,2017-02-02 16:00,True,0.78,0.86
V,2017-04-20 16:00,True,0.79,0.86
V,2017-07-20 16:00,True,0.81,0.86
V,2017-10-25 06:00,False,0.85,0.9
V,2018-02-01 16:00,True,0.98,1.08
V,2018-04-25 16:00,True,1.01,1.11
V,2018-07-25 16:00,True,1.09,1.2
V,2018-10-24 16:00,True,1.2,1.21
V,2019-01-30 16:00,True,1.25,1.3
V,2019-04-24 16:00,True,1.24,1.31
V,2019-07-23 16:00,True,1.32,1.37
V,2019-10-24 16:00,True,1.43,1.47
V,2020-01-30 16:00,True,1.47,1.46
V,2020-04-30 16:00,True,1.35,1.39
V,2020-07-28 16:00,True,1.04,1.06
V,2020-10-28 16:00,True,1.1,1.12
V,2021-01-28 16:00,True,1.28,1.42
V,2021-04-27 16:00,True,1.27,1.38
V,2021-07-27 16:00,True,1.35,1.49
V,2021-10-26 16:00,True,1.54,1.62
V,2022-01-27 16:00,True,1.7,1.81
V,2022-04-26 16:00,True,1.65,1.79
V,2022-07-26 16:00,True,1.75,1.98
V,2022-10-25 16:00,True,1.87,1.93
V,2023-01-26 16:00,True,2.01,2.18
V,2023-04-25 16:00,True,1.99,2.09
V,2023-07-25 16:00,True,2.12,2.16
V,2023-10-24 16:00,True,2.24,2.33
V,2024-01-25 16:00,True,2.34,2.41
V,2024-04-23 16:00,True,2.43,2.51
V,2024-07-23 16:00,True,2.42,2.42
V,2024-10-29 16:00,True,2.58,2.71
V,2025-01-30 16:00,True,2.66,2.75
V,2025-04-29 16:00,True,2.68,2.76
V,2025-07-29 16:00,True,2.85,2.98
V,2025-10-28 16:00,True,2.97,2.98
V,2026-01-29 16:00,True,3.14,3.17
V,2026-04-28 16:00,True,3.1,3.31
V,2026-07-28 16:00,True,3.23,3.32
WMT,2002-05-14 07:00,False,0.12,0.12
WMT,2002-08-13 07:00,False,0.15,0.15
WMT,2002-11-13 07:00,False,0.13,0.14
WMT,2003-02-18 07:00,False,0.19,0.19
WMT,2003-05-13 07:00,False,0.14,0.14
WMT,2003-08-13 06:00,False,0.17,0.17
WMT,2003-11-13 06:00,False,0.16,0.15
WMT,2004-02-19 07:00,False,0.21,0.21
WMT,2004-05-13 06:00,False,0.16,0.17
WMT,2004-08-12 06:00,False,0.2,0.21
WMT,2004-11-16 06:00,False,0.18,0.18
WMT,2005-02-17 06:00,False,0.25,0.25
WMT,2005-05-12 06:00,False,0.19,0.18
WMT,2005-08-16 06:00,False,0.22,0.22
WMT,2005-11-14 06:00,False,0.19,0.2
WMT,2006-02-21 06:00,False,0.28,0.28
WMT,2006-05-16 06:00,False,0.2,0.21
WMT,2006-08-15 06:00,False,0.24,0.24
WMT,2006-11-14 06:00,False,0.2,0.2
WMT,2007-02-20 06:00,False,0.3,0.31
WMT,2007-05-15 06:00,False,0.23,0.23
WMT,2007-08-14 06:00,False,0.25,0.24
WMT,2007-11-13 01:00,False,0.22,0.23
WMT,2008-02-19 06:00,False,0.34,0.35
WMT,2008-05-13 06:00,False,0.25,0.25
WMT,2008-08-14 06:00,False,0.28,0.29
WMT,2008-11-13 06:00,False,0.25,0.26
WMT,2009-02-17 07:00,False,0.32,0.34
WMT,2009-05-14 07:00,False,0.26,0.26
WMT,2009-08-13 07:00,False,0.28,0.29
WMT,2009-11-12 07:00,False,0.27,0.28
WMT,2010-02-18 07:00,False,0.37,0.39
WMT,2010-05-18 08:00,False,0.29,0.29
WMT,2010-08-17 07:00,False,0.32,0.32
WMT,2010-11-16 07:00,False,0.3,0.3
WMT,2011-02-22 07:00,False,0.44,0.45
WMT,2011-05-17 07:00,False,0.32,0.33
WMT,2011-08-16 07:00,False,0.36,0.36
WMT,2011-11-15 07:00,False,0.33,0.32
WMT,2012-02-21 07:00,False,0.49,0.48
WMT,2012-05-17 07:00,False,0.35,0.36
WMT,2012-08-16 07:00,False,0.39,0.39
WMT,2012-11-15 07:00,False,0.36,0.36
WMT,2013-02-21 07:00,False,0.52,0.56
WMT,2013-05-16 07:00,False,0.38,0.38
WMT,2013-08-15 07:00,False,0.42,0.42
WMT,2013-11-14 07:00,False,0.38,0.38
WMT,2014-02-20 07:00,False,0.53,0.53
WMT,2014-05-15 07:00,False,0.38,0.37
WMT,2014-08-14 07:00,False,0.4,0.4
WMT,2014-11-13 07:00,False,0.37,0.38
WMT,2015-02-19 08:00,False,0.51,0.54
WMT,2015-05-19 07:00,False,0.35,0.34
WMT,2015-08-18 07:00,False,0.37,0.36
WMT,2015-11-17 07:00,False,0.33,0.33
WMT,2016-02-18 07:00,False,0.49,0.5
WMT,2016-05-19 07:00,False,0.29,0.33
WMT,2016-08-18 07:00,False,0.34,0.36
WMT,2016-11-17 07:00,False,0.32,0.33
WMT,2017-02-21 07:00,False,0.43,0.43
WMT,2017-05-18 07:00,False,0.32,0.33
WMT,2017-08-17 06:00,False,0.36,0.36
WMT,2017-11-16 07:00,False,0.32,0.33
WMT,2018-02-20 06:00,False,0.46,0.44
WMT,2018-05-17 07:00,False,0.37,0.38
WMT,2018-08-16 07:00,False,0.41,0.43
WMT,2018-11-15 07:00,False,0.34,0.36
WMT,2019-02-19 07:00,False,0.44,0.47
WMT,2019-05-16 07:00,False,0.34,0.38
WMT,2019-08-15 07:00,False,0.41,0.42
WMT,2019-11-14 07:00,False,0.36,0.39
WMT,2020-02-18 06:00,False,0.48,0.46
WMT,2020-05-19 07:00,False,0.36,0.39
WMT,2020-08-18 06:00,False,0.42,0.52
WMT,2020-11-17 07:00,False,0.4,0.45
WMT,2021-02-18 06:00,False,0.5,0.46
WMT,2021-05-18 06:00,False,0.4,0.56
WMT,2021-08-17 07:00,False,0.52,0.59
WMT,2021-11-16 07:00,False,0.46,0.48
WMT,2022-02-17 07:00,False,0.5,0.51
WMT,2022-05-17 06:00,False,0.49,0.43
WMT,2022-08-16 07:00,False,0.54,0.59
WMT,2022-11-15 07:00,False,0.44,0.5
WMT,2023-02-21 07:00,False,0.5,0.57
WMT,2023-05-18 07:00,False,0.44,0.49
WMT,2023-08-17 06:00,False,0.57,0.61
WMT,2023-11-16 06:00,False,0.51,0.51
WMT,2024-02-20 06:00,False,0.55,0.6
WMT,2024-05-16 06:00,False,0.52,0.6
WMT,2024-08-15 06:00,False,0.65,0.67
WMT,2024-11-19 06:00,False,0.53,0.58
WMT,2025-02-20 06:00,False,0.65,0.66
WMT,2025-05-15 06:00,False,0.58,0.61
WMT,2025-08-21 06:00,False,0.74,0.68
WMT,2025-11-20 06:00,False,0.6,0.62
WMT,2026-02-19 06:00,False,0.73,0.74
WMT,2026-05-21 06:00,False,0.66,0.66
WMT,2026-08-20 06:00,False,0.74,0.81
XOM,2002-01-23 08:00,False,0.38,0.42
XOM,2002-04-23 09:00,False,0.39,0.31
XOM,2002-08-01 08:00,False,0.45,0.39
XOM,2002-10-31 08:00,False,0.42,0.44
XOM,2003-01-30 08:00,False,0.5,0.56
XOM,2003-05-01 08:00,False,0.69,0.71
XOM,2003-07-31 08:00,False,0.56,0.62
XOM,2003-10-30 08:00,False,0.62,0.55
XOM,2004-01-29 08:00,False,0.58,0.68
XOM,2004-04-29 08:00,False,0.75,0.83
XOM,2004-07-29 08:00,False,0.88,0.88
XOM,2004-10-28 08:00,False,0.87,0.96
XOM,2005-01-31 08:00,False,1.05,1.3
XOM,2005-04-28 08:00,False,1.2,1.15
XOM,2005-07-28 08:00,False,1.22,1.23
XOM,2005-10-27 08:00,False,1.39,1.32
XOM,2006-01-30 08:00,False,1.45,1.65
XOM,2006-04-27 08:00,False,1.46,1.41
XOM,2006-07-27 08:00,False,1.64,1.72
XOM,2006-10-26 08:00,False,1.59,1.77
XOM,2007-02-01 09:00,False,1.52,1.69
XOM,2007-04-26 08:00,False,1.53,1.62
XOM,2007-07-26 09:00,False,1.96,1.83
XOM,2007-11-01 08:00,False,1.74,1.7
XOM,2008-02-01 08:00,False,1.98,2.13
XOM,2008-05-01 08:00,False,2.11,2.03
XOM,2008-07-31 08:00,False,2.53,2.27
XOM,2008-10-30 08:00,False,2.38,2.59
XOM,2009-01-30 08:00,False,1.51,1.55
XOM,2009-04-30 08:00,False,0.95,0.92
XOM,2009-07-30 08:00,False,1.02,0.84
XOM,2009-10-29 09:00,False,1.03,0.98
XOM,2010-02-01 09:00,False,1.19,1.27
XOM,2010-04-29 08:00,False,1.38,1.37
XOM,2010-07-29 08:00,False,1.47,1.6
XOM,2010-10-28 08:00,False,1.39,1.44
XOM,2011-01-31 08:00,False,1.62,1.85
XOM,2011-04-28 08:00,False,2.02,2.14
XOM,2011-07-28 08:00,False,2.33,2.18
XOM,2011-10-27 08:00,False,2.13,2.13
XOM,2012-01-31 13:00,False,1.98,1.97
XOM,2012-04-26 08:00,False,2.11,2.0
XOM,2012-07-26 08:00,False,1.96,1.8
XOM,2012-11-01 08:00,False,1.93,2.09
XOM,2013-02-01 08:00,False,2.0,2.2
XOM,2013-04-25 08:00,False,2.05,2.12
XOM,2013-08-01 08:00,False,1.9,1.55
XOM,2013-10-31 08:00,False,1.78,1.79
XOM,2014-01-30 08:00,False,1.92,1.91
XOM,2014-05-01 08:00,False,1.88,2.1
XOM,2014-07-31 08:00,False,1.86,2.05
XOM,2014-10-31 08:00,False,1.72,1.89
XOM,2015-02-02 08:00,False,1.34,1.32
XOM,2015-04-30 08:00,False,0.83,1.17
XOM,2015-07-31 08:00,False,1.11,1.06
XOM,2015-10-30 08:00,False,0.9,1.01
XOM,2016-02-02 08:00,False,0.64,0.67
XOM,2016-04-29 08:00,False,0.31,0.43
XOM,2016-07-29 08:00,False,0.64,0.41
XOM,2016-10-28 08:00,False,0.6,0.63
XOM,2017-01-31 08:00,False,0.7,0.89
XOM,2017-04-28 08:00,False,0.87,0.95
XOM,2017-07-28 08:00,False,0.85,0.78
XOM,2017-10-27 08:00,False,0.87,0.93
XOM,2018-02-02 08:00,False,1.03,0.88
XOM,2018-04-27 08:00,False,1.1,1.09
XOM,2018-07-27 08:00,False,1.27,0.92
XOM,2018-11-02 08:00,False,1.22,1.46
XOM,2019-02-01 08:00,False,1.09,1.5
XOM,2019-04-26 08:00,False,0.73,0.55
XOM,2019-08-02 07:00,False,0.71,0.61
XOM,2019-11-01 07:00,False,0.66,0.68
XOM,2020-01-31 07:00,False,0.45,0.41
XOM,2020-05-01 08:00,False,0.05,0.53
XOM,2020-07-31 07:00,False,-0.6,-0.7
XOM,2020-10-30 07:00,False,-0.25,-0.18
XOM,2021-02-02 07:00,False,0.02,0.03
XOM,2021-04-30 07:00,False,0.6,0.65
XOM,2021-07-30 07:00,False,0.99,1.1
XOM,2021-10-29 07:00,False,1.52,1.58
XOM,2022-02-01 07:00,False,1.93,2.05
XOM,2022-04-29 06:00,False,2.22,2.07
XOM,2022-07-29 06:00,False,3.89,4.14
XOM,2022-10-28 06:00,False,3.82,4.45
XOM,2023-01-31 06:00,False,3.28,3.4
XOM,2023-04-28 06:00,False,2.59,2.83
XOM,2023-07-28 06:00,False,2.02,1.94
XOM,2023-10-27 03:00,False,2.36,2.27
XOM,2024-02-02 06:00,False,2.19,2.48
XOM,2024-04-26 04:00,False,2.16,2.06
XOM,2024-08-02 06:00,False,2.01,2.14
XOM,2024-11-01 06:00,False,1.87,1.92
XOM,2025-01-31 06:00,False,1.55,1.67
XOM,2025-05-02 06:00,False,1.74,1.76
XOM,2025-08-01 06:00,False,1.56,1.64
XOM,2025-10-31 06:00,False,1.82,1.88
XOM,2026-01-30 06:00,False,1.69,1.71
XOM,2026-05-01 06:00,False,1.01,1.16
XOM,2026-07-31 06:00,False,3.63,4.11
