symbol,date,direction,ret_pct,z,spy_z_same_day,qqq_z_same_day,category,news_covered,headline_count,headline_sha256,attribution,attribution_source,pre_h1_prob_up,pre_h1_band_pct,pre_h1_hit,pre_h1_covered,pre_h1_surprise_z,pre_path_coverage_1to7,pre_signal_3day,pre_consensus,consensus_already_aligned,consensus_latency_sessions,post_1d_pct,post_3d_pct,post_7d_pct,continuation_7d_pct
AAPL,2010-06-29,down,-4.521,-2.74,-2.06,-2.61,market-wide,False,0,[],market-wide move,SPY/QQQ same-day z,0.533,"[-2.021, 0.181, 2.56]",0,0,-2.63,0.143,0,Hold,False,,-1.811,-3.603,1.347,-1.347
AAPL,2010-08-11,down,-3.554,-3.13,-2.48,-2.37,market-wide,False,0,[],market-wide move,SPY/QQQ same-day z,0.517,"[-1.209, 0.05, 1.655]",0,0,-3.23,0.286,1,Hold,False,,0.64,-1.019,-0.22,0.22
AAPL,2010-10-05,up,3.697,3.16,2.61,3.09,market-wide,False,0,[],market-wide move,SPY/QQQ same-day z,0.517,"[-1.472, 0.127, 1.852]",1,0,2.75,0.571,1,Buy,True,,0.087,1.775,4.627,4.627
AAPL,2010-10-15,up,4.112,3.23,0.25,2.36,market-wide,False,0,[],market-wide move,SPY/QQQ same-day z,0.65,"[-0.962, 0.352, 1.636]",1,0,3.71,0.714,1,Buy,True,,1.036,-1.338,-2.126,-2.126
AAPL,2011-01-03,up,2.173,4.89,3.87,4.7,market-wide,False,0,[],market-wide move,SPY/QQQ same-day z,0.567,"[-0.688, 0.116, 0.942]",1,0,3.24,0.0,1,Buy,True,,0.522,1.262,4.506,4.506
AAPL,2011-01-10,up,1.883,3.21,-0.36,0.77,idiosyncratic,False,0,[],,,0.633,"[-0.457, 0.186, 0.881]",1,0,3.25,0.429,1,Buy,True,,-0.237,0.943,-2.853,-2.853
AAPL,2011-01-18,down,-2.247,-3.28,0.46,0.61,idiosyncratic,False,0,[],,,0.65,"[-0.407, 0.238, 0.925]",0,0,-4.78,0.0,1,Buy,False,,-0.531,-4.089,0.751,-0.751
AAPL,2011-01-24,up,3.284,3.01,1.3,2.31,market-wide,False,0,[],market-wide move,SPY/QQQ same-day z,0.5,"[-1.443, -0.016, 1.744]",1,0,2.65,0.429,1,Buy,True,,1.171,1.707,2.036,2.036
AAPL,2011-02-22,down,-3.409,-2.69,-3.29,-3.53,market-wide,False,0,[],market-wide move,SPY/QQQ same-day z,0.517,"[-1.513, 0.016, 1.843]",0,0,-2.62,0.857,1,Buy,False,,1.184,2.82,6.187,-6.187
AAPL,2011-03-16,down,-4.464,-3.03,-1.89,-2.17,market-wide,False,0,[],market-wide move,SPY/QQQ same-day z,0.567,"[-2.439, 0.279, 2.29]",0,0,-2.57,0.571,1,Buy,False,,1.403,2.815,6.524,-6.524
AAPL,2011-05-31,up,3.088,3.29,1.66,2.16,market-wide,False,0,[],market-wide move,SPY/QQQ same-day z,0.533,"[-1.152, 0.181, 1.55]",1,0,2.76,0.857,1,Hold,False,0.0,-0.667,-1.262,-4.698,-4.698
AAPL,2011-06-21,up,3.165,2.52,1.48,2.13,market-wide,False,0,[],market-wide move,SPY/QQQ same-day z,0.467,"[-1.865, -0.213, 1.937]",0,0,2.28,0.714,1,Buy,True,,-0.827,0.323,3.188,3.188
AAPL,2011-07-27,down,-2.682,-2.62,-2.27,-2.57,market-wide,False,0,[],market-wide move,SPY/QQQ same-day z,0.617,"[-1.122, 0.345, 1.34]",0,0,-3.15,0.286,1,Buy,False,,-0.196,1.06,-4.832,4.832
AAPL,2011-08-04,down,-3.872,-2.78,-4.5,-3.77,market-wide,False,0,[],market-wide move,SPY/QQQ same-day z,0.517,"[-1.505, 0.052, 1.833]",0,0,-3.01,0.0,1,Buy,False,,-0.994,-0.89,1.601,-1.601
AAPL,2011-08-08,down,-5.463,-3.23,-4.74,-3.94,market-wide,False,0,[],market-wide move,SPY/QQQ same-day z,0.45,"[-2.797, -0.306, 2.203]",1,0,-2.64,0.857,1,Hold,False,,5.889,5.801,7.709,-7.709
AAPL,2011-08-09,up,5.889,2.85,2.48,2.49,market-wide,False,0,[],market-wide move,SPY/QQQ same-day z,0.483,"[-3.793, -0.243, 3.317]",0,0,2.21,0.714,1,Buy,True,,-2.759,0.797,-2.128,-2.128
AAPL,2011-10-10,up,5.141,3.55,1.86,2.06,market-wide,False,0,[],market-wide move,SPY/QQQ same-day z,0.467,"[-2.221, -0.246, 2.247]",0,0,3.09,0.0,1,Hold,False,8.0,2.953,5.046,2.523,2.523
AAPL,2011-10-19,down,-5.594,-2.88,-0.59,-1.04,earnings,False,0,[],earnings report,earnings calendar,0.567,"[-1.856, 0.227, 2.252]",0,0,-3.63,0.429,1,Hold,False,,-0.83,1.794,1.588,-1.588
AAPL,2012-01-25,up,6.244,6.51,1.29,1.89,earnings,False,0,[],earnings report,earnings calendar,0.467,"[-1.663, -0.123, 1.392]",0,0,5.34,0.0,1,Buy,True,,-0.454,1.422,2.915,2.915
AAPL,2012-03-14,up,3.781,2.88,-0.16,0.46,idiosyncratic,False,0,[],,,0.7,"[-1.072, 0.715, 2.14]",1,0,2.45,0.571,1,Buy,True,,-0.682,1.954,1.097,1.097
AAPL,2012-04-16,down,-4.147,-2.81,-0.08,-1.32,idiosyncratic,False,0,[],,,0.417,"[-2.564, -0.529, 2.58]",1,0,-1.8,0.429,1,Buy,False,,5.097,1.26,5.149,-5.149
AAPL,2012-04-17,up,5.097,2.91,1.86,2.31,market-wide,False,0,[],market-wide move,SPY/QQQ same-day z,0.5,"[-3.043, -0.029, 4.05]",1,0,1.85,0.571,1,Buy,True,,-0.223,-6.023,-0.328,-0.328
AAPL,2012-04-25,up,8.874,4.08,1.68,2.85,earnings,False,0,[],earnings report,earnings calendar,0.483,"[-2.851, -0.194, 4.16]",0,0,3.32,0.571,1,Hold,False,,-0.377,-4.266,-7.336,-7.336
AAPL,2012-07-25,down,-4.318,-4.0,0.02,-0.59,earnings,False,0,[],earnings report,earnings calendar,0.483,"[-1.823, -0.048, 1.918]",1,0,-2.93,0.714,1,Hold,False,,-0.016,3.489,7.084,-7.084
AAPL,2012-11-19,up,7.211,3.62,2.43,2.44,market-wide,False,0,[],market-wide move,SPY/QQQ same-day z,0.483,"[-2.439, -0.155, 3.593]",0,0,3.13,0.0,1,Hold,False,,-0.852,1.02,4.177,4.177
AAPL,2012-12-05,down,-6.436,-2.76,0.19,-1.12,idiosyncratic,False,0,[],,,0.467,"[-2.986, -0.045, 2.107]",1,0,-3.22,0.0,1,Hold,False,8.0,1.568,-1.665,-5.382,5.382
AAPL,2013-01-24,down,-12.356,-5.76,0.03,-1.46,earnings,False,0,[],earnings report,earnings calendar,0.6,"[-1.045, 0.683, 2.406]",0,0,-9.68,0.0,1,Hold,False,8.0,-2.357,1.725,-1.816,1.816
AAPL,2013-04-17,down,-5.499,-4.07,-1.73,-2.19,market-wide,False,0,[],market-wide move,SPY/QQQ same-day z,0.467,"[-1.749, -0.233, 2.312]",1,0,-3.32,0.143,1,Hold,False,,-2.669,-1.025,3.575,-3.575
AAPL,2013-06-24,down,-2.651,-2.83,-1.23,-1.04,idiosyncratic,False,0,[],,,0.55,"[-1.4, 0.182, 1.838]",0,0,-2.24,0.286,1,Buy,False,11.0,0.022,-2.176,4.536,-4.536
AAPL,2013-07-01,up,3.2,3.39,0.55,0.63,idiosyncratic,False,0,[],,,0.517,"[-1.445, 0.155, 1.668]",1,0,2.51,0.0,1,Hold,False,11.0,2.265,2.004,4.416,4.416
AAPL,2013-07-24,up,5.136,4.16,-0.76,0.53,earnings,False,0,[],earnings report,earnings calendar,0.45,"[-2.233, -0.189, 1.367]",0,0,3.79,0.0,0,Sell,False,0.0,-0.456,1.653,5.001,5.001
AAPL,2013-08-13,up,4.752,3.08,0.77,1.11,idiosyncratic,False,0,[],,,0.65,"[-1.452, 0.625, 2.052]",1,0,3.02,0.286,1,Buy,True,,1.824,2.606,2.735,2.735
AAPL,2013-09-11,down,-5.444,-3.43,0.45,-0.24,idiosyncratic,False,0,[],,,0.55,"[-2.753, 0.216, 1.66]",0,0,-3.29,0.143,1,Buy,False,,1.065,-3.761,-0.064,0.064
AAPL,2013-09-23,up,4.97,2.6,-0.75,-0.28,idiosyncratic,False,0,[],,,0.433,"[-2.852, -0.397, 2.153]",0,0,2.75,0.714,1,Hold,False,12.0,-0.314,-0.901,-0.22,-0.22
AAPL,2013-10-29,down,-2.491,-2.53,0.67,0.18,earnings,False,0,[],earnings report,earnings calendar,0.517,"[-1.542, 0.173, 1.335]",0,0,-2.37,0.857,1,Hold,False,,1.591,0.648,-0.232,0.232
AAPL,2013-12-23,up,3.838,3.23,0.89,1.91,idiosyncratic,False,0,[],,,0.483,"[-1.798, -0.143, 1.625]",0,0,2.98,0.714,1,Hold,False,0.0,-0.425,-1.754,-5.106,-5.106
AAPL,2014-01-28,down,-7.993,-6.08,0.83,-0.07,earnings,False,0,[],earnings report,earnings calendar,0.467,"[-1.626, -0.175, 1.997]",1,0,-5.53,0.0,1,Hold,False,,-1.135,-1.165,1.792,-1.792
AAPL,2014-04-24,up,8.198,9.47,0.24,0.74,earnings,False,0,[],earnings report,earnings calendar,0.45,"[-1.321, -0.039, 1.159]",0,0,8.51,0.0,1,Hold,False,5.0,0.734,4.326,5.846,5.846
AAPL,2014-07-07,up,2.063,2.54,-0.96,-0.77,idiosyncratic,False,0,[],,,0.533,"[-1.152, 0.087, 1.2]",1,0,2.15,0.857,1,Hold,False,,-0.646,-0.969,-1.24,-1.24
AAPL,2014-07-23,up,2.608,2.79,0.44,0.94,earnings,False,0,[],earnings report,earnings calendar,0.5,"[-1.2, -0.012, 1.313]",1,0,2.67,0.429,1,Hold,False,7.0,-0.165,1.883,-1.091,-1.091
AAPL,2014-09-03,down,-4.221,-7.01,-0.12,-1.44,idiosyncratic,False,0,[],,,0.5,"[-0.858, -0.005, 0.817]",0,0,-6.45,0.0,1,Hold,False,,-0.829,-0.586,2.749,-2.749
AAPL,2014-09-10,up,3.072,2.59,1.06,1.97,idiosyncratic,False,0,[],,,0.55,"[-1.441, 0.197, 1.68]",1,0,2.36,0.714,1,Buy,True,,0.426,0.624,-0.04,-0.04
AAPL,2014-09-25,down,-3.813,-2.82,-3.75,-3.59,market-wide,False,0,[],market-wide move,SPY/QQQ same-day z,0.533,"[-2.06, 0.129, 1.582]",0,0,-2.77,0.857,1,Hold,False,,2.943,2.943,1.788,-1.788
AAPL,2014-11-24,up,1.855,2.52,0.69,1.57,idiosyncratic,False,0,[],,,0.6,"[-0.909, 0.21, 1.158]",1,0,2.04,0.714,1,Hold,False,10.0,-0.868,0.253,-2.647,-2.647
AAPL,2014-12-01,down,-3.246,-4.0,-2.07,-2.75,market-wide,False,0,[],market-wide move,SPY/QQQ same-day z,0.617,"[-0.954, 0.343, 1.286]",0,0,-4.11,0.0,1,Hold,False,,-0.382,0.365,-2.711,2.711
AAPL,2015-01-28,up,5.653,2.99,-1.33,-0.45,earnings,False,0,[],earnings report,earnings calendar,0.45,"[-3.502, -0.088, 1.981]",0,0,2.68,0.0,1,Hold,False,1.0,3.113,2.879,3.546,3.546
AAPL,2015-04-30,down,-2.713,-2.54,-2.09,-2.25,market-wide,False,0,[],market-wide move,SPY/QQQ same-day z,0.533,"[-1.962, 0.132, 1.262]",0,0,-2.26,0.857,1,Hold,False,,3.036,0.519,1.356,-1.356
AAPL,2015-06-29,down,-1.751,-2.89,-3.81,-3.55,market-wide,False,0,[],market-wide move,SPY/QQQ same-day z,0.533,"[-0.687, 0.077, 0.821]",0,0,-3.11,0.571,1,Buy,False,,0.723,1.534,-3.581,3.581
AAPL,2015-07-08,down,-2.482,-3.36,-2.33,-2.13,market-wide,False,0,[],market-wide move,SPY/QQQ same-day z,0.533,"[-0.911, 0.074, 0.989]",0,0,-3.45,0.571,1,Hold,False,,-2.04,2.521,5.752,-5.752
AAPL,2015-07-10,up,2.673,2.85,1.66,1.82,idiosyncratic,False,0,[],,,0.55,"[-1.408, 0.139, 1.534]",1,0,2.21,0.0,1,Hold,False,5.0,1.931,2.871,6.059,6.059
AAPL,2015-07-22,down,-4.229,-3.2,-0.22,-1.13,earnings,False,0,[],earnings report,earnings calendar,0.583,"[-1.611, 0.144, 1.669]",0,0,-3.42,0.0,1,Hold,False,10.0,-0.048,-1.957,-3.131,3.131
AAPL,2015-08-11,down,-5.204,-3.05,-1.49,-1.57,idiosyncratic,False,0,[],,,0.467,"[-2.001, -0.301, 1.96]",1,0,-3.17,0.714,0,Hold,False,1.0,1.542,2.176,-0.74,0.74
AAPL,2015-08-21,down,-6.116,-3.37,-3.9,-4.71,market-wide,False,0,[],market-wide move,SPY/QQQ same-day z,0.467,"[-2.742, -0.396, 1.606]",1,0,-3.37,0.571,0,Hold,False,4.0,-2.496,3.716,1.853,-1.853
AAPL,2015-08-26,up,5.735,2.58,3.05,3.46,market-wide,False,0,[],market-wide move,SPY/QQQ same-day z,0.5,"[-3.166, -0.09, 2.559]",1,0,2.61,0.286,1,Hold,False,,2.945,2.799,-0.383,-0.383
AAPL,2015-10-28,up,4.12,2.92,1.37,0.84,earnings,False,0,[],earnings report,earnings calendar,0.467,"[-1.676, -0.178, 1.565]",0,0,3.4,0.0,0,Hold,False,6.0,1.056,1.601,1.935,1.935
AAPL,2016-01-07,down,-4.22,-3.04,-2.27,-2.65,market-wide,False,0,[],market-wide move,SPY/QQQ same-day z,0.55,"[-2.229, 0.091, 2.529]",0,0,-2.32,0.857,1,Buy,False,,0.529,3.639,0.218,-0.218
AAPL,2016-01-22,up,5.317,3.15,1.71,1.93,idiosyncratic,False,0,[],,,0.517,"[-2.672, 0.198, 2.684]",1,0,2.45,0.857,1,Hold,False,4.0,-1.952,-7.888,-6.843,-6.843
AAPL,2016-01-27,down,-6.571,-3.09,-0.82,-1.49,earnings,False,0,[],earnings report,earnings calendar,0.55,"[-2.029, 0.422, 2.815]",0,0,-3.7,0.714,1,Hold,False,10.0,0.717,3.222,1.188,-1.188
AAPL,2016-03-01,up,3.971,2.76,2.03,2.23,market-wide,False,0,[],market-wide move,SPY/QQQ same-day z,0.433,"[-1.754, -0.182, 1.716]",0,0,3.07,0.0,0,Sell,False,,0.219,2.467,0.637,0.637
AAPL,2016-04-27,down,-6.258,-5.39,0.34,-1.0,earnings,False,0,[],earnings report,earnings calendar,0.483,"[-1.479, -0.106, 1.725]",1,0,-4.92,0.0,1,Sell,True,,-3.057,-4.273,-4.637,4.637
AAPL,2016-06-17,down,-2.276,-2.57,-0.74,-1.76,idiosyncratic,False,0,[],,,0.483,"[-1.052, -0.015, 1.334]",1,0,-2.43,0.714,0,Hold,False,0.0,-0.241,0.231,-1.825,1.825
AAPL,2016-06-24,down,-2.81,-3.39,-7.35,-6.95,market-wide,False,0,[],market-wide move,SPY/QQQ same-day z,0.433,"[-1.124, -0.147, 1.022]",1,0,-3.18,0.571,0,Sell,True,,-1.456,1.071,2.28,-2.28
AAPL,2016-07-27,up,6.496,7.54,-0.16,0.96,earnings,False,0,[],earnings report,earnings calendar,0.5,"[-1.17, 0.015, 0.794]",1,0,8.46,0.0,0,Hold,False,5.0,1.35,3.011,4.966,4.966
AAPL,2016-09-08,down,-2.621,-4.72,-0.78,-1.88,idiosyncratic,False,0,[],,,0.467,"[-0.677, -0.017, 0.787]",1,0,-4.56,0.143,1,Hold,False,11.0,-2.265,2.303,7.638,-7.638
AAPL,2016-09-09,down,-2.265,-2.9,-8.18,-7.52,market-wide,False,0,[],market-wide move,SPY/QQQ same-day z,0.517,"[-1.446, 0.091, 1.108]",0,0,-2.36,0.143,1,Hold,False,10.0,2.24,8.378,10.123,-10.123
AAPL,2016-09-14,up,3.539,3.06,-0.05,0.62,idiosyncratic,False,0,[],,,0.45,"[-0.896, -0.036, 1.762]",0,0,3.45,0.286,1,Hold,False,,3.4,1.619,0.841,0.841
AAPL,2016-10-26,down,-2.249,-3.32,-0.4,-1.2,earnings,False,0,[],earnings report,earnings calendar,0.517,"[-1.052, 0.034, 0.932]",0,0,-2.95,0.0,1,Hold,False,,-0.96,-1.774,-5.356,5.356
AAPL,2016-11-10,down,-2.787,-3.26,0.38,-2.05,market-wide,False,0,[],market-wide move,SPY/QQQ same-day z,0.533,"[-1.052, 0.204, 1.21]",0,0,-3.39,0.429,1,Hold,False,,0.594,-0.631,3.655,-3.655
AAPL,2017-01-25,up,1.592,3.39,2.18,2.1,market-wide,False,0,[],market-wide move,SPY/QQQ same-day z,0.467,"[-0.525, -0.016, 0.66]",0,0,3.48,0.143,1,Hold,False,,0.049,-0.205,5.907,5.907
AAPL,2017-02-01,up,6.098,11.93,0.1,1.62,earnings,False,0,[],earnings report,earnings calendar,0.483,"[-0.547, -0.013, 0.704]",0,0,12.53,0.0,1,Hold,False,14.0,-0.171,1.196,3.062,3.062
AAPL,2017-03-28,up,2.073,2.91,1.4,1.2,idiosyncratic,False,0,[],,,0.45,"[-0.735, -0.041, 1.203]",0,0,2.79,0.714,1,Hold,False,,0.223,-0.097,-0.097,-0.097
AAPL,2017-05-01,up,2.04,3.63,0.55,1.94,idiosyncratic,False,0,[],,,0.433,"[-0.551, -0.071, 0.953]",0,0,3.6,0.0,1,Hold,False,7.0,0.634,-0.034,4.557,4.557
AAPL,2017-05-08,up,2.719,3.47,-0.04,0.46,idiosyncratic,False,0,[],,,0.533,"[-0.73, 0.034, 0.999]",1,0,3.98,0.0,1,Hold,False,2.0,0.641,1.03,-1.398,-1.398
AAPL,2017-05-17,down,-3.358,-3.69,-4.8,-6.84,market-wide,False,0,[],market-wide move,SPY/QQQ same-day z,0.65,"[-0.911, 0.228, 1.344]",0,0,-4.07,0.857,1,Buy,False,0.0,1.524,2.489,2.236,-2.236
AAPL,2017-06-09,down,-3.878,-3.78,-0.29,-3.45,market-wide,False,0,[],market-wide move,SPY/QQQ same-day z,0.467,"[-1.098, -0.073, 1.24]",1,0,-4.17,0.0,1,Hold,False,,-2.39,-2.564,-2.665,2.665
AAPL,2017-07-27,down,-1.89,-2.63,-0.21,-0.82,idiosyncratic,False,0,[],,,0.517,"[-1.324, 0.009, 0.68]",0,0,-2.43,0.571,1,Hold,False,,-0.704,-0.339,5.48,-5.48
AAPL,2017-08-02,up,4.725,6.08,0.14,0.5,earnings,False,0,[],earnings report,earnings calendar,0.4,"[-0.596, -0.127, 1.076]",0,0,7.44,0.0,1,Hold,False,1.0,-0.999,1.063,0.61,0.61
AAPL,2017-08-10,down,-3.185,-2.5,-7.21,-5.62,market-wide,False,0,[],market-wide move,SPY/QQQ same-day z,0.6,"[-0.838, 0.192, 1.347]",0,0,-3.96,0.857,1,Buy,False,,1.391,4.043,1.217,-1.217
AAPL,2017-10-19,down,-2.366,-2.71,0.13,-0.82,idiosyncratic,False,0,[],,,0.483,"[-0.756, -0.041, 1.311]",1,0,-2.88,0.571,1,Hold,False,4.0,0.173,0.718,6.885,-6.885
AAPL,2017-10-27,up,3.583,4.4,3.07,7.85,market-wide,False,0,[],market-wide move,SPY/QQQ same-day z,0.4,"[-0.728, -0.133, 1.346]",0,0,4.59,0.0,1,Hold,False,2.0,2.251,2.355,7.212,7.212
AAPL,2017-12-26,down,-2.537,-2.81,-0.29,-0.81,idiosyncratic,False,0,[],,,0.45,"[-0.736, -0.041, 1.408]",1,0,-2.98,0.429,1,Hold,False,,0.018,-0.786,2.597,-2.597
AAPL,2018-02-02,down,-4.339,-4.69,-4.08,-3.0,earnings,False,0,[],earnings report,earnings calendar,0.433,"[-1.064, -0.19, 1.21]",1,0,-4.68,0.143,1,Hold,False,,-2.498,-0.598,2.81,-2.81
AAPL,2018-02-06,up,4.179,3.16,1.68,2.23,market-wide,False,0,[],market-wide move,SPY/QQQ same-day z,0.583,"[-2.404, 0.19, 2.129]",1,0,2.26,0.429,1,Hold,False,,-2.141,-3.669,6.542,6.542
AAPL,2018-03-26,up,4.747,3.98,2.57,2.97,market-wide,False,0,[],market-wide move,SPY/QQQ same-day z,0.55,"[-2.308, 0.157, 2.254]",1,0,2.58,0.857,1,Hold,False,3.0,-2.564,-2.888,0.017,0.017
AAPL,2018-05-02,up,4.417,2.64,-0.73,-0.44,earnings,False,0,[],earnings report,earnings calendar,0.55,"[-1.162, 0.212, 2.489]",1,0,2.95,0.0,1,Hold,False,11.0,0.181,4.865,7.219,7.219
AAPL,2018-08-01,up,5.891,6.27,-0.31,0.39,earnings,False,0,[],earnings report,earnings calendar,0.467,"[-1.469, -0.141, 1.415]",0,0,5.36,0.0,1,Hold,False,2.0,2.923,3.757,3.354,3.354
AAPL,2018-09-11,up,2.528,2.66,0.78,1.18,idiosyncratic,False,0,[],,,0.533,"[-1.364, 0.032, 1.312]",1,0,2.39,0.857,1,Hold,False,6.0,-1.242,-0.004,-1.707,-1.707
AAPL,2018-10-10,down,-4.633,-3.49,-8.23,-5.67,market-wide,False,0,[],market-wide move,SPY/QQQ same-day z,0.5,"[-1.102, 0.006, 1.612]",0,0,-4.38,0.429,1,Buy,False,,-0.883,0.462,1.363,-1.363
AAPL,2018-11-02,down,-6.633,-3.13,-0.4,-0.7,earnings,False,0,[],earnings report,earnings calendar,0.65,"[-2.602, 0.717, 2.307]",0,0,-3.84,0.0,1,Buy,False,,-2.839,1.19,-7.027,7.027
AAPL,2018-12-26,up,7.042,3.09,3.41,3.16,market-wide,False,0,[],market-wide move,SPY/QQQ same-day z,0.5,"[-3.687, 0.004, 2.946]",1,0,2.72,0.286,1,Hold,False,,-0.649,0.363,-5.879,-5.879
AAPL,2019-01-03,down,-9.961,-3.73,-1.33,-1.44,idiosyncratic,False,0,[],,,0.6,"[-3.602, 0.603, 3.01]",0,0,-4.09,0.571,1,Hold,False,,4.269,6.02,5.493,-5.493
AAPL,2019-03-11,up,3.464,5.45,2.85,3.95,market-wide,False,0,[],market-wide move,SPY/QQQ same-day z,0.467,"[-0.96, -0.039, 1.259]",0,0,4.04,0.0,1,Hold,False,5.0,1.124,2.7,5.176,5.176
AAPL,2019-03-21,up,3.683,3.6,2.21,2.38,market-wide,False,0,[],market-wide move,SPY/QQQ same-day z,0.617,"[-0.935, 0.261, 1.188]",1,0,4.13,0.857,1,Buy,True,,-2.071,-4.254,-1.973,-1.973
AAPL,2019-04-30,down,-1.926,-2.54,0.13,-1.83,idiosyncratic,False,0,[],,,0.5,"[-0.656, -0.01, 1.29]",0,0,-2.52,0.571,1,Hold,False,,4.909,5.522,0.025,-0.025
AAPL,2019-05-01,up,4.909,5.42,-2.38,-0.77,earnings,False,0,[],earnings report,earnings calendar,0.533,"[-1.127, 0.03, 1.133]",1,0,5.53,0.571,1,Hold,False,0.0,-0.651,-0.969,-5.976,-5.976
AAPL,2019-05-13,down,-5.812,-3.69,-4.38,-4.81,market-wide,False,0,[],market-wide move,SPY/QQQ same-day z,0.567,"[-2.548, 0.304, 2.981]",0,0,-2.83,0.571,1,Hold,False,,1.583,2.348,-1.583,1.583
AAPL,2019-08-05,down,-5.235,-4.11,-5.63,-4.72,market-wide,False,0,[],market-wide move,SPY/QQQ same-day z,0.567,"[-1.587, 0.107, 2.411]",0,0,-3.42,0.714,1,Hold,False,,1.893,5.219,5.265,-5.265
AAPL,2020-01-27,down,-2.941,-2.76,-3.19,-3.09,market-wide,False,0,[],market-wide move,SPY/QQQ same-day z,0.55,"[-1.223, 0.129, 1.467]",0,0,-2.92,0.571,1,Buy,False,,2.829,4.829,4.046,-4.046
AAPL,2020-01-31,down,-4.434,-3.12,-2.82,-1.86,market-wide,False,0,[],market-wide move,SPY/QQQ same-day z,0.65,"[-1.633, 0.238, 1.571]",0,0,-3.74,0.714,1,Buy,False,,-0.275,3.858,3.508,-3.508
AAPL,2020-02-27,down,-6.537,-3.06,-3.68,-3.48,market-wide,False,0,[],market-wide move,SPY/QQQ same-day z,0.55,"[-2.418, 0.447, 3.067]",0,0,-3.26,0.714,1,Hold,False,,-0.059,5.777,-2.687,2.687
AAPL,2020-03-02,up,9.31,3.81,2.85,2.89,market-wide,False,0,[],market-wide move,SPY/QQQ same-day z,0.5,"[-3.737, -0.007, 3.642]",1,0,3.24,0.429,1,Hold,False,3.0,-3.176,-1.971,-7.824,-7.824
AAPL,2020-03-13,up,11.981,2.63,2.37,2.32,market-wide,False,0,[],market-wide move,SPY/QQQ same-day z,0.483,"[-6.198, -0.147, 6.622]",0,0,2.42,0.857,1,Hold,False,,-12.865,-11.26,-11.185,-11.185
AAPL,2020-06-05,up,2.848,2.6,2.13,1.89,market-wide,False,0,[],market-wide move,SPY/QQQ same-day z,0.45,"[-2.144, -0.093, 1.699]",0,0,1.96,0.143,1,Hold,False,3.0,0.591,6.437,6.208,6.208
AAPL,2020-06-09,up,3.158,2.78,-0.59,0.68,idiosyncratic,False,0,[],,,0.533,"[-1.278, 0.122, 1.317]",1,0,3.0,0.429,1,Hold,False,1.0,2.573,-1.509,2.25,2.25
AAPL,2020-06-11,down,-4.801,-3.72,-4.86,-5.38,market-wide,False,0,[],market-wide move,SPY/QQQ same-day z,0.6,"[-1.05, 0.316, 2.106]",0,0,-4.16,0.571,1,Buy,False,,0.863,4.817,6.838,-6.838
AAPL,2020-07-23,down,-4.552,-3.11,-1.03,-1.86,idiosyncratic,False,0,[],,,0.65,"[-0.98, 0.375, 2.061]",0,0,-4.15,0.286,1,Buy,False,,-0.248,0.439,17.333,-17.333
AAPL,2020-07-31,up,10.469,6.21,0.96,1.3,earnings,False,0,[],earnings report,earnings calendar,0.633,"[-1.767, 0.359, 1.793]",1,0,7.28,0.0,1,Hold,False,2.0,2.52,3.578,3.117,3.117
AAPL,2020-09-03,down,-8.006,-3.68,-5.95,-4.78,market-wide,False,0,[],market-wide move,SPY/QQQ same-day z,0.567,"[-1.475, 0.145, 2.507]",0,0,-5.25,0.0,1,Buy,False,,0.066,-2.945,-4.418,4.418
AAPL,2020-10-12,up,6.352,2.63,1.35,1.83,idiosyncratic,False,0,[],,,0.55,"[-2.502, 0.15, 2.427]",1,0,3.23,0.857,1,Hold,False,1.0,-2.653,-2.966,-6.053,-6.053
AAPL,2020-12-15,up,5.009,3.66,1.9,1.34,idiosyncratic,False,0,[],,,0.633,"[-2.21, 0.367, 2.451]",1,0,2.55,0.143,1,Hold,False,1.0,-0.055,-0.954,3.198,3.198
AAPL,2021-03-01,up,5.385,3.56,2.48,2.23,market-wide,False,0,[],market-wide move,SPY/QQQ same-day z,0.55,"[-2.975, 0.287, 2.167]",1,0,2.54,0.714,1,Hold,False,1.0,-2.089,-5.994,-6.112,-6.112
AAPL,2021-05-04,down,-3.539,-2.77,-1.09,-2.21,market-wide,False,0,[],market-wide move,SPY/QQQ same-day z,0.583,"[-1.945, 0.192, 2.48]",0,0,-2.16,0.429,1,Buy,False,,0.196,2.019,-2.087,2.087
AAPL,2021-07-14,up,2.41,2.65,0.24,0.3,idiosyncratic,False,0,[],,,0.583,"[-0.768, 0.309, 1.685]",1,0,2.2,0.714,1,Buy,True,,-0.449,-4.492,-0.396,-0.396
AAPL,2021-07-19,down,-2.691,-2.52,-2.3,-1.4,market-wide,False,0,[],market-wide move,SPY/QQQ same-day z,0.6,"[-1.175, 0.334, 1.506]",0,0,-2.89,0.857,1,Buy,False,,2.597,3.054,1.776,-1.776
AAPL,2021-08-18,down,-2.55,-2.96,-2.43,-1.73,market-wide,False,0,[],market-wide move,SPY/QQQ same-day z,0.55,"[-1.255, 0.151, 1.167]",0,0,-2.86,0.714,1,Buy,False,,0.232,2.289,1.53,-1.53
AAPL,2021-08-30,up,3.042,3.15,0.83,1.8,idiosyncratic,False,0,[],,,0.567,"[-1.32, 0.126, 1.805]",1,0,2.39,0.286,1,Buy,True,,-0.842,0.346,0.62,0.62
AAPL,2021-09-10,down,-3.31,-2.71,-1.57,-1.2,idiosyncratic,False,0,[],,,0.567,"[-1.125, 0.206, 1.724]",0,0,-3.16,0.0,1,Buy,False,,0.389,0.04,-3.719,3.719
AAPL,2021-11-18,up,2.854,2.79,0.82,1.51,idiosyncratic,False,0,[],,,0.583,"[-0.885, 0.227, 1.408]",1,0,2.94,0.286,1,Buy,True,,1.698,2.242,4.706,4.706
AAPL,2021-11-26,down,-3.168,-2.66,-5.6,-2.59,market-wide,False,0,[],market-wide move,SPY/QQQ same-day z,0.583,"[-1.088, 0.18, 2.006]",0,0,-2.77,0.857,1,Buy,False,,2.187,5.076,9.164,-9.164
AAPL,2022-01-28,up,6.978,5.65,3.04,2.43,earnings,False,0,[],earnings report,earnings calendar,0.5,"[-2.041, -0.024, 1.597]",1,0,4.93,0.0,1,Hold,False,11.0,2.613,3.235,2.773,2.773
AAPL,2022-04-28,up,4.516,2.77,2.11,2.12,market-wide,False,0,[],market-wide move,SPY/QQQ same-day z,0.533,"[-3.01, 0.166, 2.347]",1,0,2.08,0.857,1,Hold,False,12.0,-3.66,-2.542,-6.94,-6.94
AAPL,2022-05-05,down,-5.572,-2.5,-2.1,-2.26,market-wide,False,0,[],market-wide move,SPY/QQQ same-day z,0.533,"[-2.128, 0.023, 2.995]",0,0,-2.8,0.0,1,Hold,False,,0.473,-1.297,-7.027,7.027
AAPL,2022-09-12,up,3.851,2.68,0.84,0.76,idiosyncratic,False,0,[],,,0.417,"[-2.615, -0.158, 2.044]",0,0,2.21,0.857,1,Hold,False,0.0,-5.868,-6.767,-5.941,-5.941
AAPL,2022-09-13,down,-5.868,-3.63,-3.51,-3.59,market-wide,False,0,[],market-wide move,SPY/QQQ same-day z,0.6,"[-1.644, 0.385, 3.23]",0,0,-3.29,0.143,1,Buy,False,,0.956,-2.041,-0.715,0.715
AAPL,2022-10-28,up,7.555,3.42,1.37,1.51,earnings,False,0,[],earnings report,earnings calendar,0.567,"[-2.839, 0.431, 2.191]",1,0,3.63,0.714,0,Buy,True,,-1.541,-6.877,-10.279,-10.279
AAPL,2022-11-10,up,8.897,3.11,3.4,3.63,market-wide,False,0,[],market-wide move,SPY/QQQ same-day z,0.55,"[-3.751, 0.478, 3.215]",1,0,3.1,0.0,0,Hold,False,7.0,1.927,2.158,0.776,0.776
AAPL,2022-12-15,down,-4.685,-2.62,-2.17,-2.3,market-wide,False,0,[],market-wide move,SPY/QQQ same-day z,0.383,"[-2.79, -0.502, 2.426]",1,0,-2.06,0.286,1,Hold,False,,-1.458,-3.077,-4.74,4.74
AAPL,2023-02-02,up,3.706,2.98,1.43,2.62,market-wide,False,0,[],market-wide move,SPY/QQQ same-day z,0.6,"[-1.133, 0.448, 1.976]",1,0,2.69,0.429,1,Hold,False,11.0,2.44,2.539,2.165,2.165
AAPL,2023-04-13,up,3.41,3.17,1.52,1.86,idiosyncratic,False,0,[],,,0.567,"[-1.594, 0.117, 1.538]",1,0,2.7,0.714,1,Buy,True,,-0.211,0.55,-0.139,-0.139
AAPL,2023-05-05,up,4.693,3.9,2.37,2.16,earnings,False,0,[],earnings report,earnings calendar,0.5,"[-1.766, 0.003, 2.022]",1,0,3.17,0.571,1,Buy,True,,-0.04,-0.006,-0.727,-0.727
AAPL,2023-06-30,up,2.31,2.69,1.87,1.53,idiosyncratic,False,0,[],,,0.55,"[-0.83, 0.189, 1.193]",1,0,2.69,0.857,1,Hold,False,2.0,-0.778,-1.114,-2.165,-2.165
AAPL,2023-08-04,down,-4.802,-5.83,-0.79,-0.46,earnings,False,0,[],earnings report,earnings calendar,0.6,"[-0.747, 0.247, 1.625]",0,0,-5.46,0.0,1,Buy,False,6.0,-1.725,-2.088,-2.363,2.363
AAPL,2023-09-06,down,-3.579,-3.01,-0.93,-0.82,idiosyncratic,False,0,[],,,0.55,"[-1.124, 0.194, 1.527]",0,0,-3.65,0.0,1,Hold,False,,-2.925,-1.941,-4.319,4.319
AAPL,2023-10-26,down,-2.461,-2.91,-1.47,-1.7,idiosyncratic,False,0,[],,,0.55,"[-1.343, 0.111, 1.585]",0,0,-2.25,0.857,1,Hold,False,,0.797,2.325,7.394,-7.394
AAPL,2024-01-02,down,-3.579,-4.04,-0.96,-2.39,market-wide,False,0,[],market-wide move,SPY/QQQ same-day z,0.55,"[-0.852, 0.102, 1.747]",0,0,-3.63,0.143,1,Buy,False,,-0.749,-2.403,-0.027,0.027
AAPL,2024-01-18,up,3.257,3.02,1.43,1.68,idiosyncratic,False,0,[],,,0.567,"[-1.836, 0.161, 1.564]",1,0,2.33,0.0,1,Buy,True,,1.553,3.472,1.643,1.643
AAPL,2024-03-04,down,-2.538,-3.66,-0.15,-0.35,idiosyncratic,True,5,"['4f94e0ed11246c19c782d63e35ce4ecadbc58da7bf45467390f5ec8730470d92', '6fa1dfa1382e2994be250ca642d3737abefcc4fd27a72780ea9c4fd69158f752', '33dd1c04a2bccff64f190649080e45e42d83fbacf693d5b18a1ce770fd8dca5c', '71702136513aedaf987eb542c3e31fc0121ddccec65113975a11bf0beac8e473', '65c86be584daa0e23376fe2b0c1cc3ceae8d4d14a73ca826cc8bf1c2e0796ed0']",ticker-tagged archive match; causal attribution unverified,licensed archive metadata (text not redistributed),0.45,"[-1.1, -0.075, 1.002]",1,0,-3.0,0.286,1,Hold,False,,-2.844,-3.484,-2.267,2.267
AAPL,2024-03-05,down,-2.844,-3.3,-1.42,-1.84,idiosyncratic,True,2,"['c6cac19a12c296f72b28026c56b781038ab30b3c6b64bfc6cbd751bbcfae6644', 'edb66070b9afc07fd4d080e50a62b97ef8013c77955adb4d6bcd8c0e2fd3a66a']",ticker-tagged archive match; causal attribution unverified,licensed archive metadata (text not redistributed),0.467,"[-1.152, -0.185, 1.217]",1,0,-2.88,0.286,1,Hold,False,,-0.588,0.359,1.693,-1.693
AAPL,2024-03-21,down,-4.086,-3.41,0.47,0.42,idiosyncratic,True,5,"['44a753e1b06067b201ec21a008034c5ff62775efc30f1194f01ee710d98876f2', '3ef440145a44937d0d0e41f35831fe6230c0c9a6da2a4b1ed35bc0055161529a', 'd8002a02bb9cfd07a32ac2fb9ba5bef3b6d3ca4e8f31ae3e0d7f7f7d859204f3', '4afe80949f76485a5ad8327479173f5a832e4b3993836bc87d519c3cf094f6a8', 'fb308f31688106ae1d42c4e3c18b451711a402f8b10cd891bb61c93055c60a40']",ticker-tagged archive match; causal attribution unverified,licensed archive metadata (text not redistributed),0.583,"[-0.915, 0.181, 1.583]",0,0,-4.38,0.143,1,Hold,False,,0.531,-0.969,-1.476,1.476
AAPL,2024-04-11,up,4.327,3.3,1.27,2.21,market-wide,True,2,"['edb175270755e3a2dcc7d5572cca3018e3934ac8ffb02d94f1c8bddc0cb2db2e', '3992c35733549c0782ba5253eb576d8504b5654d7f7ed31a25f032c23667f02d']",market-wide move,licensed archive metadata (text not redistributed),0.433,"[-2.05, -0.198, 1.857]",0,0,2.97,0.714,1,Hold,False,9.0,0.863,-3.234,-5.256,-5.256
AAPL,2024-05-03,up,5.982,3.79,1.47,1.7,earnings,True,3,"['23ede59104f9734174194c4ef488babef8328a48d219b797ed47bbd74424ebe5', '3d61ead4afd17717d012454845d7c40c2f064e5bf20c20dcc26ecf02dd6263a1', '126bf0a1f59ca3c3c290e7a48de77bf1cc5b7f4b62ee561ed4d02c8b2d4026f2']",earnings-window archive match,earnings calendar; licensed archive metadata (text not redistributed),0.617,"[-1.517, 0.331, 2.005]",1,0,4.11,0.0,0,Hold,False,,-0.911,-0.349,2.347,2.347
AAPL,2024-06-11,up,7.265,7.29,0.45,0.99,idiosyncratic,True,4,"['5f46ed165a8fc0773cedb1e799ee20e46f4483a27b1557b09b78c6fc17ffa976', '5a08381775994ad7e4fe2879e0924195f846c8723141d4095e320eb58ed762ba', '4d6eb2670dac60c942c6c4bea246ee421014cd854802e8d72c310f5589fd8ad6', '816e4904c173725b8c5834f4f01533652f49ae59938e074aef5817f550b88206']",ticker-tagged archive match; causal attribution unverified,licensed archive metadata (text not redistributed),0.517,"[-0.922, 0.034, 1.744]",1,0,6.95,0.0,1,Hold,False,,2.858,2.578,0.164,0.164
AAPL,2024-08-05,down,-4.817,-3.46,-2.85,-1.87,earnings+1,True,6,"['a1d437ecbaa478d716e6d50c7559051fc776f6ce249e2b05a6bb52531b039e29', '9eed5a8c203f0d5c01b1ba4ab1e7632426df8f1208d032ba926d851b6d1fa8d0', '992fec9178f009f768b4d101b9dfe8ed22c82066ce87585c0a2a23d91034eee1', 'e9c3921ec9930416c6868cfe74d0f1d3f6d79d4b17e41e70edcfb4d60e6fc928', '9b94d3d318079695adba230ab2d4e7eb48f96057d4280a9bcf3de1bb1d0ceee4', 'd692f969f948d7e3176bda22325dc84f0dad009ac882c5f73943ce700bb97b26']",earnings-window archive match,earnings calendar; licensed archive metadata (text not redistributed),0.45,"[-1.638, -0.275, 2.017]",1,0,-3.18,0.571,1,Hold,False,,-0.975,1.931,6.072,-6.072
AAPL,2024-09-16,down,-2.778,-3.14,0.17,-0.34,idiosyncratic,True,4,"['73b2f5782bc598b6cf0bce899dee170ce8bd86e00b0653cdb9073a8203b469d2', '586abf6e8b94494f0fe5c7bb96ab6bf3c25a4f59fbf938d4590b228bbd83ae84', '5eed731741d0075d4d5176a03dddd7f3ca038d14d7c746081cd863310871e30d', 'ec1aa95117442869ae3ac876c1aa175558eaac47dd66461bb383ca5171464812']",ticker-tagged archive match; causal attribution unverified,licensed archive metadata (text not redistributed),0.417,"[-1.113, -0.296, 1.276]",1,0,-2.66,0.714,1,Sell,True,,0.217,5.802,4.646,-4.646
AAPL,2024-09-19,up,3.707,3.26,2.04,1.98,market-wide,True,1,['88891743c30862935072664b0ea14b8ac565aad2b94a58b99abcf2dfebb87ffa'],market-wide move,licensed archive metadata (text not redistributed),0.567,"[-1.358, 0.116, 1.563]",1,0,3.15,0.714,1,Hold,False,,-0.293,-0.655,1.805,1.805
AAPL,2024-12-18,down,-2.142,-3.69,-7.6,-4.91,market-wide,True,0,[],market-wide move,SPY/QQQ same-day z,0.533,"[-0.601, 0.042, 0.869]",0,0,-3.81,0.714,1,Hold,False,,0.701,2.911,1.673,-1.673
AAPL,2025-01-02,down,-2.624,-2.59,-0.27,-0.16,idiosyncratic,True,1,['c1b0a8519b61f8306592960a273a2e3bd57fa74d443c787259d350338e534e44'],ticker-tagged archive match; causal attribution unverified,licensed archive metadata (text not redistributed),0.467,"[-1.207, -0.036, 1.941]",1,0,-2.11,0.714,1,Hold,False,,-0.201,-0.673,-4.335,4.335
AAPL,2025-01-16,down,-4.04,-3.04,-0.18,-0.51,idiosyncratic,True,2,"['d0ccabb8f11a4a9f82c7853c213e0a4de86786a2a7f3c5546bb76a0015ce3e71', '468fff52090ed82c4ae84b4ac5ac2ad0d12775ab06e6eaa5099e5fb5f3551102']",ticker-tagged archive match; causal attribution unverified,licensed archive metadata (text not redistributed),0.483,"[-1.759, -0.111, 2.212]",1,0,-2.54,0.143,1,Hold,False,,0.754,-1.941,4.381,-4.381
AAPL,2025-03-10,down,-4.848,-3.52,-2.73,-2.92,market-wide,True,1,['f9b2e505c2fe2581713e72c9cd6839eafc1f4873af36cbfafd4ac512d1bb3125'],market-wide move,licensed archive metadata (text not redistributed),0.55,"[-1.802, 0.095, 1.647]",0,0,-3.67,0.0,1,Hold,False,,-2.919,-7.825,-5.381,5.381
AAPL,2025-04-03,down,-9.246,-4.82,-4.03,-3.24,market-wide,True,3,"['7b6289414b9865f19ea83dd2a25f9585f884243367af39c293c4e78cd26ad665', '6860e588abd926c0873302e46bc47b257acc43f19499351628b0bd3de19ff749', 'ecbab349f4e9ffb4b8d358d94d5fd445f5f7d12687703b5e3c2d067e879af68e']",market-wide move,licensed archive metadata (text not redistributed),0.583,"[-2.208, 0.43, 2.345]",0,0,-5.45,0.0,0,Buy,False,,-7.289,-15.143,-0.33,0.33
AAPL,2025-04-04,down,-7.289,-2.66,-3.71,-3.23,market-wide,True,6,"['be9cf9ecc289e82e0f7d63541f96c10da843fd51901eb35fe39164e4634abd17', '44ed4ca5288b14d3e129cec4d6e1f32d0d80b46698ad99c96d6ea40d87da811a', '2b0677594286a0990c2b220150951978ec1a03aea31962462389a309f95f231a', '90e6bac898b800fb35c94af25db2406826a606d5ab7cbe3d013120b95c351c58', '56dd99d257d2d91dfc45ab51ae7a54c1c3c6a307224ca855fcd282a49292657a', '4921ca14ccc08e72646643f510627f6a3c8fc0d9879557105c833ab933514a0b']",market-wide move,licensed archive metadata (text not redistributed),0.55,"[-3.696, 0.207, 3.235]",0,0,-2.77,0.429,0,Hold,False,,-3.673,5.558,7.304,-7.304
AAPL,2025-04-09,up,15.329,4.99,5.44,5.47,market-wide,True,6,"['cfa600a2f5a85832a905026f0c19b02e2fb694949f2253ac2a40baa54178ef0b', '0ec3377fa57d660205b787b14cba29088e1b520fb4fd254ff3d82212f893a360', '836d9b365834636201c023d1ea4273c11aa23f08cd2e774802cfef78225b56d7', 'e77ee6b971ee6ecb323538c7544ac01cb9bf948dd04d7ffc7572653ae9b67d71', '7fd7f2b3aac695e3eb86db33774cbb256da7cef013e1f9d9ecb83d95cb951720', 'd6cf8f544251815d1c2861fec071ec1f3690474054f9fbbc06f9ffe317662888']",market-wide move,licensed archive metadata (text not redistributed),0.517,"[-4.558, 0.142, 4.019]",1,0,4.54,0.0,0,Hold,False,,-4.239,1.846,-2.861,-2.861
AAPL,2025-05-12,up,6.315,2.99,2.66,2.78,market-wide,True,1,['e59d4c076d62d47a7391aa4da33f59dfb581c327d02ec7130f2ec2a008283774'],market-wide move,licensed archive metadata (text not redistributed),0.55,"[-3.025, 0.308, 2.78]",1,0,2.65,0.286,0,Hold,False,2.0,1.015,0.313,-4.127,-4.127
AAPL,2025-08-01,down,-2.5,-3.46,-3.95,-4.48,earnings,True,2,"['2303f93acf6f799e44dbb4f0f189fa01235011dad1c6068074fd1b5f19955cec', '5742e4ebd233051eceab016ca885c70847fbe8f36f4f14bedf16a0c2361e03b3']",earnings-window archive match,earnings calendar; licensed archive metadata (text not redistributed),0.45,"[-1.232, -0.094, 0.997]",1,0,-2.77,0.286,0,Sell,True,,0.479,5.371,13.603,-13.603
AAPL,2025-08-06,up,5.091,6.18,1.24,1.75,idiosyncratic,True,2,"['fde85a908d13a237d445087b1b85b7a912101d5e69aec060e8d51ada4e481312', 'adf0ecbac3e459a175b7cf6b561c8a3ee5a2fcd5fd6fbfe5fbe1d87c3e998601']",ticker-tagged archive match; causal attribution unverified,licensed archive metadata (text not redistributed),0.533,"[-1.402, 0.072, 1.42]",1,0,4.56,0.0,1,Hold,False,5.0,3.179,6.653,8.723,8.723
AAPL,2025-08-08,up,4.236,2.71,1.25,1.24,idiosyncratic,True,4,"['b4d2f07f56b5295516d5a705455d244dfbe3c74284de658582aa6b1e32fcaac3', 'bb6d47b03f8570d0343a3e799e3aff3b5d070828719d47fae295c772afd43a13', 'b6896cfb6c812225d6dbb634eff7a676838d38d2915f9b60f686c9b80a486801', 'e52455f15ec3cc5fb61d37975314d5698202b0ca06cc88c76572ae8ff9e963bd']",ticker-tagged archive match; causal attribution unverified,licensed archive metadata (text not redistributed),0.567,"[-1.335, 0.172, 1.791]",1,0,3.33,0.143,1,Hold,False,3.0,-0.834,1.851,0.642,0.642
AAPL,2025-09-10,down,-3.226,-2.63,0.5,0.04,idiosyncratic,True,0,[],,,0.55,"[-1.446, 0.138, 1.423]",0,0,-3.01,0.857,1,Hold,False,,1.429,4.37,8.25,-8.25
AAPL,2025-09-22,up,4.31,2.84,0.9,0.97,idiosyncratic,True,5,"['1a9adf3cafa5f93c61760ff56996005fb8a20dd7ce4f4b42f44d57b9edbe0f70', 'aea1c4a8d5ab03833a0c599bb0c7eb86e35e3930c0e0f466f2719a43baa6802f', 'e986bcb5fee22dd4d92631f6409e7fd7e49935b82b6c91b71f733b1f77d9acfe', 'c3f3deec6d171896fe722261ace335742388cdca70841de06d50a8bf7282385d', 'b2994ac92d2aacb8307de33fd459df32be78aacc7bcd3a375dbedafacdf0fce2']",ticker-tagged archive match; causal attribution unverified,licensed archive metadata (text not redistributed),0.533,"[-1.012, 0.064, 1.179]",1,0,4.97,0.429,1,Hold,False,5.0,-0.644,0.308,-0.246,-0.246
AAPL,2025-10-10,down,-3.452,-2.53,-7.32,-6.63,market-wide,True,1,['8f01ff27e14439d1c47bfd76671a42e0e28696ead064e4cebb724df447c47726'],market-wide move,licensed archive metadata (text not redistributed),0.583,"[-1.617, 0.185, 2.012]",0,0,-2.57,0.571,1,Buy,False,,0.974,1.659,7.135,-7.135
AAPL,2025-10-20,up,3.944,2.65,1.3,1.19,idiosyncratic,True,3,"['7d518c00f3659ce580c53f225c30e2cb3f0f2df65aced5f558559b3f4e884ff6', '94831b02e3ab336d76dad1edf71dbc0a442ca875949cea9674561920bd3b4c60', '63924c940a7b7cd1b277a7b272db883280ed4b9800f67778581e8f3059ccc6fd']",ticker-tagged archive match; causal attribution unverified,licensed archive metadata (text not redistributed),0.517,"[-1.755, 0.07, 1.766]",1,0,2.82,0.429,1,Hold,False,,0.202,-1.014,2.845,2.845
AAPL,2026-01-06,down,-1.833,-3.03,1.06,1.06,idiosyncratic,True,1,['beef32748104eee7282650bfc6135a9be42b62c8e54247ae570b93bd153dd8d6'],ticker-tagged archive match; causal attribution unverified,licensed archive metadata (text not redistributed),0.467,"[-1.772, -0.108, 1.069]",1,0,-1.56,0.429,1,Hold,False,,-0.774,-1.14,-1.582,1.582
AAPL,2026-01-20,down,-3.456,-5.33,-4.54,-3.22,market-wide,True,2,"['a41854523fa730905ff8e715e592c855e86223546b7f7b54c2cdbf364cdbfe45', 'aee8342d597b323053896aa44d554f05025d3e31a7e313057d34aa5b2e53bc92']",market-wide move,licensed archive metadata (text not redistributed),0.467,"[-1.558, -0.21, 1.039]",1,0,-3.2,0.571,1,Hold,False,,0.385,0.543,4.694,-4.694
AAPL,2026-01-26,up,2.971,3.26,0.79,0.57,idiosyncratic,True,6,"['14580a9ea8d1fc33994b3e0487f16b17c44510ef9e822aeb6a48a4e0601d6ce8', '8fb5b0d2b495a584ace5808a8870d5013a6b32f489d49d0a714a8c2a13bff18f', 'ea2ae0739813eab57ca8ae12e0763dca5d305c3b64c035c6ef92ad3763b5a08e', 'cf04c4ff789519eaf02aef0e10fb63693f3d904a4472cce547f7733515e6a1d5', 'a4580308694cee9f1cfbe25c826eb3f07eb572e9caf6b1c14fbedd6a185de762', 'ee9dd54c513a9a7dcc7a7be5daaa19a7a499d5d11bf31fd05d4dcd2ec74cb9f7']",ticker-tagged archive match; causal attribution unverified,licensed archive metadata (text not redistributed),0.517,"[-1.086, 0.058, 1.518]",1,0,2.87,0.143,1,Hold,False,0.0,1.12,1.124,8.253,8.253
AAPL,2026-02-02,up,4.058,3.28,0.79,0.82,earnings+1,True,3,"['b42ef5cb655d5a08f20ac28f85f273517665aa4e62e212fe82622e62e4580900', '078efc0a2cf85c13664c2e8c58edaf1edce051a8f85883fe71bcfae671ca55d6', '69efff4ef3f1b2432d31289eaeb4b8c1070d0c6835c7c00daed965f352fd775b']",earnings-window archive match,earnings calendar; licensed archive metadata (text not redistributed),0.55,"[-1.266, 0.203, 1.571]",1,0,3.48,0.0,1,Hold,False,0.0,-0.196,2.185,2.129,2.129
AAPL,2026-02-12,down,-4.998,-3.18,-1.89,-1.85,idiosyncratic,True,3,"['3364d3aee83ff03ab3681baddf33d856964fcbb9eeb3bb99ab9ac13a24fe3d3e', '3ff622083c4eedf0004ffe1eef48a7d71433ff0f48c48f01c287766cffd4ca7a', '8bc2098a784ed55a3d37648ea09145415d86e705283f44dd08786112d38a9be9']",ticker-tagged archive match; causal attribution unverified,licensed archive metadata (text not redistributed),0.533,"[-1.485, 0.054, 1.253]",0,0,-4.73,0.143,1,Hold,False,,-2.273,1.001,3.977,-3.977
AAPL,2026-03-31,up,2.903,2.93,3.2,2.93,market-wide,True,2,"['25321037eb968462d383e5a793012706da97fb83dbd86bdbafab2564fa643a69', 'cd66d3ee96e680e5a76bf687b5ba23e8e2fa1199834ce234544376340d0965dc']",market-wide move,licensed archive metadata (text not redistributed),0.517,"[-1.641, 0.086, 1.489]",1,0,2.31,0.143,1,Hold,False,0.0,0.725,1.998,2.636,2.636
AAPL,2026-06-02,up,2.902,2.8,0.23,0.47,idiosyncratic,True,2,"['927cfa67a96b4c74c43f2113f690555f155d3115c32ef0d0ee82aa701c92d8c0', 'ddaa014bb81546e8a253aa12637017858615312aa33861b9430872ea1066a2da']",ticker-tagged archive match; causal attribution unverified,licensed archive metadata (text not redistributed),0.517,"[-1.288, 0.047, 1.802]",1,0,2.37,0.571,1,Buy,True,,-1.567,-2.494,-6.209,-6.209
AAPL,2026-06-09,down,-3.645,-3.11,-0.37,-0.83,idiosyncratic,True,0,[],,,0.467,"[-1.853, -0.069, 1.411]",1,0,-2.81,0.714,1,Hold,False,,0.355,0.2,2.568,-2.568
AAPL,2026-06-25,down,-6.118,-4.13,0.14,0.42,idiosyncratic,True,2,"['6972e2335518d9ab87704e18b329aa3bb713118a3cf4b9517a0d004a9f3dd3d9', '32371e0c2022e5182d6d5abe4e75d81d23e42fba1763eac4a2fd6118eec3a813']",ticker-tagged archive match; causal attribution unverified,licensed archive metadata (text not redistributed),0.567,"[-1.22, 0.388, 2.467]",0,0,-4.52,0.571,1,Hold,False,,3.136,5.164,12.906,-12.906
AAPL,2026-07-31,down,-7.354,-4.14,0.94,0.44,earnings,True,4,"['9c04db2337320e7d0a8f0d8784ad1a747bdfcdac402828a6ec9dc47ae9ced1f4', '3155499e5c70855ca282bfd0ec75df2e1a9f6ab4bc6eb03f83d598bb6720068c', '4a9dcb0f30069050dfbbf5b8e6435c8e0a7df0be224772918de14a648c6ee09b', '09e12c1b03a09acdbaf0be906bc7e90fe64e158380bf6ffcf91620a72631f3b5']",earnings-window archive match,earnings calendar; licensed archive metadata (text not redistributed),0.533,"[-2.529, 0.122, 2.58]",0,0,-3.75,0.0,1,Hold,False,,-1.777,0.677,-1.21,1.21
MSFT,2010-05-20,down,-4.001,-2.91,-2.22,-1.89,market-wide,False,0,[],market-wide move,SPY/QQQ same-day z,0.513,"[-2.723, 0.033, 2.097]",0,0,-2.15,0.0,0,Hold,False,,-0.996,-3.836,-4.5,4.5
MSFT,2010-05-26,down,-4.066,-2.6,-0.33,-0.54,idiosyncratic,False,0,[],,,0.465,"[-3.173, -0.165, 2.271]",1,0,-1.84,0.857,-1,Hold,False,,3.958,3.519,1.119,-1.119
MSFT,2010-09-13,up,5.283,5.59,0.98,1.17,idiosyncratic,False,0,[],Reports (WSJ) that Microsoft planned a debt sale to fund dividends and buybacks; $4.75bn notes priced 22 Sep,Taipei Times 2010-09-15 (wire report); Bloomberg 2010-09-22 (pricing). Reaction date not independently confirmed — verify,0.517,"[-1.5, 0.081, 1.333]",1,0,4.71,0.0,-1,Hold,False,,-0.319,0.876,-1.991,-1.991
MSFT,2010-10-19,down,-2.789,-2.52,-1.74,-0.99,idiosyncratic,False,0,[],,,0.567,"[-1.635, 0.176, 1.555]",0,0,-2.38,0.857,1,Hold,False,,0.837,1.116,4.701,-4.701
MSFT,2010-10-26,up,2.819,2.51,0.03,0.31,idiosyncratic,False,0,[],,,0.5,"[-1.665, 0.015, 1.586]",1,0,2.21,0.0,0,Hold,False,,0.579,2.973,4.788,4.788
MSFT,2010-12-01,up,3.088,3.28,2.26,2.05,market-wide,False,0,[],market-wide move,SPY/QQQ same-day z,0.533,"[-1.175, 0.076, 1.172]",1,0,3.29,0.0,1,Hold,False,0.0,3.264,3.072,4.992,4.992
MSFT,2010-12-02,up,3.264,2.9,1.24,0.92,idiosyncratic,False,0,[],,,0.517,"[-1.729, 0.09, 1.307]",1,0,2.68,0.714,1,Buy,True,,0.483,-0.074,1.339,1.339
MSFT,2011-01-06,up,2.929,4.71,-0.59,0.66,idiosyncratic,False,0,[],"CES keynote (evening 5 Jan): next Windows to run on ARM system-on-chips from Nvidia, Qualcomm, TI",The Register 2011-01-06; Engadget 2011-01-05. Event confirmed; attribution of the move inferred — verify,0.5,"[-1.046, 0.034, 0.873]",1,0,3.87,0.714,1,Hold,False,6.0,-0.763,-2.464,-0.555,-0.555
MSFT,2011-01-28,down,-3.879,-3.7,-3.89,-3.82,earnings,False,0,[],earnings report,earnings calendar,0.583,"[-1.474, 0.227, 1.472]",0,0,-3.57,0.143,1,Hold,False,,-0.072,0.685,1.91,-1.91
MSFT,2011-03-16,down,-2.363,-2.81,-1.89,-2.17,market-wide,False,0,[],market-wide move,SPY/QQQ same-day z,0.433,"[-1.202, -0.173, 1.076]",1,0,-2.46,0.571,1,Hold,False,0.0,-0.04,2.178,3.348,-3.348
MSFT,2011-04-20,up,2.425,3.19,2.78,3.69,market-wide,False,0,[],market-wide move,SPY/QQQ same-day z,0.55,"[-1.469, 0.109, 1.082]",1,0,2.33,0.429,1,Hold,False,,-0.932,1.669,-0.388,-0.388
MSFT,2011-04-26,up,2.265,2.54,1.6,0.81,idiosyncratic,False,0,[],,,0.55,"[-1.201, 0.215, 1.25]",1,0,2.14,0.571,1,Hold,False,,0.725,-1.031,-1.527,-1.527
MSFT,2011-04-29,down,-2.958,-2.87,0.43,-0.13,earnings,False,0,[],earnings report,earnings calendar,0.533,"[-1.379, 0.207, 1.297]",0,0,-3.03,0.429,1,Hold,False,,-1.003,0.54,-0.965,0.965
MSFT,2011-06-27,up,3.704,3.43,0.91,1.37,idiosyncratic,False,0,[],,,0.483,"[-1.141, -0.021, 1.366]",0,0,3.81,0.0,1,Hold,False,,2.381,3.175,6.23,6.23
MSFT,2011-07-19,up,3.573,2.92,1.79,2.01,market-wide,False,0,[],market-wide move,SPY/QQQ same-day z,0.433,"[-1.554, -0.164, 1.297]",0,0,3.36,0.286,1,Sell,False,,-1.743,-0.036,0.654,0.654
MSFT,2011-08-04,down,-3.64,-2.54,-4.5,-3.77,market-wide,False,0,[],market-wide move,SPY/QQQ same-day z,0.417,"[-1.787, -0.186, 1.261]",1,0,-2.9,0.0,1,Hold,False,1.0,-1.002,-1.388,-1.658,1.658
MSFT,2011-08-08,down,-4.673,-2.91,-4.74,-3.94,market-wide,False,0,[],market-wide move,SPY/QQQ same-day z,0.4,"[-2.395, -0.266, 1.516]",1,0,-2.89,0.714,1,Sell,True,,4.493,2.9,3.796,-3.796
MSFT,2011-08-10,down,-5.395,-2.51,-1.99,-1.8,idiosyncratic,False,0,[],,,0.483,"[-1.914, -0.189, 2.444]",1,0,-3.06,0.857,1,Hold,False,6.0,4.091,5.413,0.007,-0.007
MSFT,2011-11-09,down,-3.535,-2.76,-2.24,-2.33,market-wide,False,0,[],market-wide move,SPY/QQQ same-day z,0.567,"[-1.169, 0.231, 1.611]",0,0,-3.47,0.571,1,Hold,False,11.0,0.305,2.137,-2.708,2.708
MSFT,2012-01-03,up,3.12,3.07,1.34,1.64,idiosyncratic,False,0,[],,,0.517,"[-1.289, 0.148, 1.453]",1,0,2.78,0.0,1,Hold,False,,2.353,5.006,4.595,4.595
MSFT,2012-01-20,up,5.654,5.06,0.43,-0.16,earnings,False,0,[],earnings report,earnings calendar,0.483,"[-1.192, -0.065, 1.212]",0,0,6.1,0.0,1,Hold,False,,0.067,-0.505,-0.606,-0.606
MSFT,2012-02-16,up,4.126,2.92,2.13,2.46,market-wide,False,0,[],market-wide move,SPY/QQQ same-day z,0.5,"[-1.766, 0.002, 1.553]",1,0,3.19,0.429,1,Hold,False,,-0.128,-0.064,1.854,1.854
MSFT,2012-04-04,down,-2.286,-2.78,-1.57,-2.15,market-wide,False,0,[],market-wide move,SPY/QQQ same-day z,0.6,"[-1.094, 0.204, 1.728]",0,0,-2.26,0.0,1,Hold,False,10.0,0.993,-2.371,-0.416,0.416
MSFT,2012-04-20,up,4.547,4.02,0.19,-0.27,earnings,False,0,[],earnings report,earnings calendar,0.567,"[-1.363, 0.277, 1.824]",1,0,3.43,0.714,1,Sell,False,,-0.925,-0.679,-1.265,-1.265
MSFT,2012-06-06,up,2.946,2.61,2.42,2.05,market-wide,False,0,[],market-wide move,SPY/QQQ same-day z,0.5,"[-2.144, 0.019, 1.834]",1,0,1.89,0.571,1,Sell,False,,-0.409,-1.533,2.283,2.283
MSFT,2012-09-06,up,3.159,3.89,5.71,4.67,market-wide,False,0,[],market-wide move,SPY/QQQ same-day z,0.567,"[-1.168, 0.116, 1.674]",1,0,2.74,0.857,1,Hold,False,,-1.276,-1.786,-0.447,-0.447
MSFT,2012-10-19,down,-2.915,-3.67,-2.83,-2.94,earnings,False,0,[],earnings report,earnings calendar,0.5,"[-1.192, -0.013, 1.368]",0,0,-2.91,0.0,1,Hold,False,0.0,-2.235,-2.584,3.073,-3.073
MSFT,2012-11-01,up,3.434,3.16,1.56,1.65,idiosyncratic,False,0,[],,,0.45,"[-1.505, -0.093, 1.468]",0,0,3.04,0.429,1,Hold,False,,-0.068,1.152,-4.404,-4.404
MSFT,2013-01-02,up,3.407,3.21,3.6,3.44,market-wide,False,0,[],market-wide move,SPY/QQQ same-day z,0.483,"[-1.469, -0.04, 1.74]",0,0,2.75,0.857,1,Hold,False,12.0,-1.34,-3.367,-2.86,-2.86
MSFT,2013-04-09,up,3.568,7.34,0.64,1.17,idiosyncratic,False,0,[],"No single catalyst: minor items (XP anniversary, Lumia usage, earnings-date notice) in a multi-day rally",TechCrunch 2013-11-14 'Parsing Microsoft's 42% gain in 2013',0.533,"[-0.655, 0.048, 0.823]",1,0,6.11,0.429,1,Hold,False,,2.263,-2.769,-2.769,-2.769
MSFT,2013-04-10,up,2.263,2.56,2.27,3.3,market-wide,False,0,[],market-wide move,SPY/QQQ same-day z,0.417,"[-1.227, -0.268, 0.829]",0,0,3.15,0.286,1,Hold,False,,-4.425,-5.251,-1.684,-1.684
MSFT,2013-04-11,down,-4.425,-4.52,0.55,-0.06,idiosyncratic,False,0,[],,,0.55,"[-1.154, 0.145, 1.165]",0,0,-5.05,0.143,1,Hold,False,3.0,-0.518,0.104,6.531,-6.531
MSFT,2013-06-20,down,-3.18,-2.66,-2.78,-2.87,market-wide,False,0,[],market-wide move,SPY/QQQ same-day z,0.4,"[-1.4, -0.102, 1.811]",1,0,-2.46,0.714,1,Hold,False,2.0,-0.657,0.537,2.598,-2.598
MSFT,2013-07-19,down,-11.4,-8.85,0.21,-1.24,earnings,False,0,[],earnings report,earnings calendar,0.433,"[-1.603, -0.105, 1.962]",1,0,-8.12,0.0,1,Hold,False,2.0,1.943,1.783,1.433,-1.433
MSFT,2013-08-23,up,7.286,6.56,0.6,1.11,idiosyncratic,False,0,[],Steve Ballmer announced he would retire as CEO within twelve months; shares closed +7.3%,GeekWire 2013-08-23; CNN Money 2013-08-23; CNBC 2013-08-23,0.417,"[-1.636, -0.248, 1.233]",0,0,6.73,0.286,1,Hold,False,,-1.727,-4.978,-10.216,-10.216
MSFT,2013-10-23,down,-2.371,-2.72,-0.59,-0.65,idiosyncratic,False,0,[],,,0.417,"[-1.204, -0.19, 1.526]",1,0,-2.05,0.286,1,Hold,False,7.0,-0.118,5.361,5.243,-5.243
MSFT,2013-10-25,up,5.961,5.71,0.56,0.77,earnings,False,0,[],earnings report,earnings calendar,0.533,"[-1.313, 0.097, 1.828]",1,0,4.79,0.0,1,Hold,False,14.0,-0.448,-0.532,2.547,2.547
MSFT,2013-11-06,up,4.203,2.66,0.79,-0.04,idiosyncratic,False,0,[],,,0.467,"[-1.236, -0.13, 1.42]",0,0,4.18,0.714,1,Hold,False,6.0,-1.781,-1.545,-0.891,-0.891
MSFT,2014-01-13,down,-2.941,-2.85,-2.54,-2.57,market-wide,False,0,[],market-wide move,SPY/QQQ same-day z,0.533,"[-1.238, 0.05, 1.648]",0,0,-2.66,0.857,1,Sell,True,,2.287,5.46,3.087,-3.087
MSFT,2014-03-18,up,3.942,4.97,1.27,1.94,idiosyncratic,False,0,[],Microsoft announced a 27 March press event widely expected to unveil Office for iPad (Nadella's first); 14-year high,"CNN Money 2014-03-18 'Microsoft stock up 4%, hits 14-year high'; Neowin 2014-03-18",0.533,"[-1.076, 0.052, 1.125]",1,0,4.53,0.0,1,Hold,False,,-0.708,1.542,-0.48,-0.48
MSFT,2014-07-16,up,3.84,6.22,0.96,0.79,idiosyncratic,False,0,[],"Reports (confirmed 17 Jul) of the largest layoffs in company history, 18,000 jobs, after the Nokia acquisition",NPR 2014-07-18; Motley Fool 2014-07-15/17,0.483,"[-0.836, -0.024, 0.87]",0,0,5.81,0.0,1,Hold,False,,1.021,1.724,0.953,0.953
MSFT,2014-09-19,up,1.8,2.6,-0.26,-0.13,idiosyncratic,False,0,[],,,0.583,"[-0.616, 0.058, 1.527]",1,0,2.08,0.714,1,Buy,True,,-0.968,-0.926,-2.441,-2.441
MSFT,2014-09-25,down,-2.209,-2.53,-3.75,-3.59,market-wide,False,0,[],market-wide move,SPY/QQQ same-day z,0.45,"[-1.186, -0.117, 1.58]",1,0,-1.94,0.571,1,Hold,False,,0.804,0.695,0.109,-0.109
MSFT,2014-10-08,up,2.745,2.89,2.32,2.16,market-wide,False,0,[],market-wide move,SPY/QQQ same-day z,0.517,"[-1.224, 0.147, 1.396]",1,0,2.54,0.143,1,Hold,False,,-1.988,-6.691,-6.734,-6.734
MSFT,2014-10-10,down,-3.969,-3.27,-1.2,-2.39,market-wide,False,0,[],market-wide move,SPY/QQQ same-day z,0.467,"[-1.426, -0.069, 1.683]",1,0,-3.22,0.143,1,Hold,False,,-0.863,-1.84,1.931,-1.931
MSFT,2014-12-16,down,-3.235,-3.53,-1.26,-2.36,market-wide,False,0,[],market-wide move,SPY/QQQ same-day z,0.483,"[-1.653, -0.029, 1.547]",1,0,-2.57,0.714,1,Hold,False,,1.284,5.536,6.023,-6.023
MSFT,2014-12-18,up,3.892,3.31,3.15,2.83,market-wide,False,0,[],market-wide move,SPY/QQQ same-day z,0.5,"[-1.828, 0.02, 1.769]",1,0,2.76,0.143,1,Hold,False,,0.295,1.957,-1.052,-1.052
MSFT,2015-01-27,down,-9.253,-7.29,-1.42,-2.55,earnings,False,0,[],earnings report,earnings calendar,0.433,"[-0.806, -0.138, 1.215]",1,0,-11.56,0.0,1,Hold,False,,-3.446,-5.298,-0.492,0.492
MSFT,2015-03-25,down,-3.357,-3.18,-1.87,-3.12,market-wide,False,0,[],market-wide move,SPY/QQQ same-day z,0.433,"[-0.993, -0.115, 1.448]",1,0,-3.4,0.0,1,Sell,True,,-0.603,-1.206,0.217,-0.217
MSFT,2015-04-20,up,3.099,2.55,1.38,1.82,idiosyncratic,False,0,[],,,0.417,"[-1.437, -0.192, 1.503]",0,0,2.87,0.0,1,Hold,False,12.0,-0.629,1.002,14.332,14.332
MSFT,2015-04-24,up,10.452,9.03,0.41,1.9,earnings,False,0,[],earnings report,earnings calendar,0.417,"[-1.601, -0.207, 0.938]",0,0,10.76,0.0,1,Hold,False,8.0,0.334,2.486,-0.564,-0.564
MSFT,2015-07-13,up,2.085,2.56,1.36,1.92,idiosyncratic,False,0,[],,,0.467,"[-1.082, -0.057, 1.3]",0,0,2.3,0.0,1,Hold,False,,0.176,2.459,0.0,0.0
MSFT,2015-07-22,down,-3.68,-4.15,-0.22,-1.13,earnings,False,0,[],earnings report,earnings calendar,0.517,"[-1.122, 0.032, 0.826]",0,0,-4.89,0.286,1,Hold,False,,1.252,-0.417,2.547,-2.547
MSFT,2015-08-21,down,-5.672,-4.82,-3.9,-4.71,market-wide,False,0,[],market-wide move,SPY/QQQ same-day z,0.467,"[-1.343, -0.028, 1.625]",1,0,-4.88,0.143,1,Hold,False,,-3.227,-0.836,-2.902,2.902
MSFT,2015-08-26,up,5.535,2.93,3.05,3.46,market-wide,False,0,[],market-wide move,SPY/QQQ same-day z,0.5,"[-2.075, 0.02, 2.195]",1,0,3.31,0.429,0,Hold,False,1.0,2.786,1.897,-0.234,-0.234
MSFT,2015-10-23,up,10.077,9.71,1.06,2.38,earnings,False,0,[],earnings report,earnings calendar,0.417,"[-1.516, -0.227, 1.104]",0,0,10.08,0.0,1,Hold,False,,2.61,2.099,2.421,2.421
MSFT,2015-12-04,up,3.155,3.14,2.4,2.57,market-wide,False,0,[],market-wide move,SPY/QQQ same-day z,0.483,"[-1.614, -0.123, 1.467]",0,0,2.73,0.571,1,Hold,False,13.0,-0.179,-1.663,-1.27,-1.27
MSFT,2016-01-07,down,-3.478,-2.66,-2.27,-2.65,market-wide,False,0,[],market-wide move,SPY/QQQ same-day z,0.533,"[-2.065, 0.178, 2.053]",0,0,-2.28,0.286,1,Hold,False,,0.307,1.169,-3.086,3.086
MSFT,2016-01-15,down,-3.992,-2.56,-1.7,-2.04,market-wide,False,0,[],market-wide move,SPY/QQQ same-day z,0.567,"[-1.142, 0.303, 2.746]",0,0,-2.83,0.429,1,Hold,False,,-0.843,-1.0,0.451,-0.451
MSFT,2016-01-29,up,5.82,3.17,1.87,1.21,earnings,False,0,[],earnings report,earnings calendar,0.517,"[-1.82, 0.063, 1.754]",1,0,4.13,0.714,1,Hold,False,4.0,-0.69,-5.319,-10.546,-10.546
MSFT,2016-04-22,down,-7.171,-7.47,0.0,-1.91,earnings,False,0,[],earnings report,earnings calendar,0.55,"[-1.301, 0.092, 1.627]",0,0,-6.36,0.0,1,Hold,False,,0.637,-1.622,-3.863,3.863
MSFT,2016-05-24,up,3.118,2.73,1.99,2.52,market-wide,False,0,[],market-wide move,SPY/QQQ same-day z,0.483,"[-1.805, -0.024, 1.973]",0,0,2.13,0.0,0,Sell,False,,1.027,1.415,0.388,0.388
MSFT,2016-06-24,down,-4.007,-3.66,-7.35,-6.95,market-wide,False,0,[],market-wide move,SPY/QQQ same-day z,0.483,"[-1.157, -0.01, 1.831]",1,0,-3.43,0.571,1,Hold,False,,-2.81,1.425,3.111,-3.111
MSFT,2016-07-20,up,5.312,3.37,0.34,0.86,earnings,False,0,[],earnings report,earnings calendar,0.533,"[-1.706, 0.295, 1.952]",1,0,3.51,0.143,1,Hold,False,,-0.197,1.467,1.377,1.377
MSFT,2016-09-09,down,-2.124,-6.17,-8.18,-7.52,market-wide,False,0,[],market-wide move,SPY/QQQ same-day z,0.65,"[-0.413, 0.102, 0.791]",0,0,-4.74,0.429,1,Buy,False,,1.494,0.089,1.067,-1.067
MSFT,2016-09-12,up,1.494,2.68,2.44,2.82,market-wide,False,0,[],market-wide move,SPY/QQQ same-day z,0.483,"[-1.138, -0.037, 0.97]",0,0,1.86,0.857,1,Hold,False,,-0.911,0.245,1.245,1.245
MSFT,2016-10-21,up,4.21,5.69,0.08,0.64,earnings,False,0,[],earnings report,earnings calendar,0.55,"[-0.787, 0.063, 1.269]",1,0,5.17,0.286,1,Hold,False,13.0,2.246,1.626,0.235,0.235
MSFT,2017-01-27,up,2.349,3.88,-0.36,0.38,earnings,False,0,[],earnings report,earnings calendar,0.45,"[-0.829, -0.068, 0.989]",0,0,3.41,0.857,1,Hold,False,,-0.988,-3.344,-3.572,-3.572
MSFT,2017-04-21,up,1.374,3.71,-0.81,-0.06,idiosyncratic,False,0,[],,,0.517,"[-0.407, 0.02, 0.447]",1,0,4.06,0.0,1,Hold,False,,1.702,2.154,4.367,4.367
MSFT,2017-04-24,up,1.702,3.66,2.74,3.29,market-wide,False,0,[],market-wide move,SPY/QQQ same-day z,0.5,"[-0.5, 0.023, 0.766]",1,0,3.4,0.0,1,Hold,False,,0.578,1.096,2.295,2.295
MSFT,2017-05-16,up,2.014,2.93,-0.24,1.09,idiosyncratic,False,0,[],,,0.567,"[-0.518, 0.052, 0.91]",1,0,3.52,0.857,1,Hold,False,,-2.781,-2.478,0.303,0.303
MSFT,2017-05-17,down,-2.781,-3.55,-4.8,-6.84,market-wide,False,0,[],market-wide move,SPY/QQQ same-day z,0.417,"[-1.156, -0.096, 1.333]",1,0,-2.76,0.429,1,Hold,False,7.0,0.341,1.437,3.675,-3.675
MSFT,2017-10-27,up,6.412,12.77,3.07,7.85,earnings,False,0,[],earnings report,earnings calendar,0.533,"[-0.643, 0.025, 0.398]",1,0,15.72,0.0,1,Hold,False,,0.095,-0.752,0.549,0.549
MSFT,2017-11-29,down,-1.814,-2.76,-0.16,-3.61,market-wide,False,0,[],market-wide move,SPY/QQQ same-day z,0.533,"[-0.821, 0.057, 1.323]",0,0,-2.24,0.286,1,Hold,False,9.0,0.996,-2.712,0.984,-0.984
MSFT,2017-12-04,down,-3.774,-5.03,-0.29,-1.74,idiosyncratic,False,0,[],,,0.583,"[-0.6, 0.159, 1.047]",0,0,-6.12,0.429,1,Hold,False,6.0,0.629,1.739,5.266,-5.266
MSFT,2018-01-31,up,2.448,2.62,0.09,0.59,idiosyncratic,False,0,[],,,0.433,"[-1.201, -0.145, 0.651]",0,0,3.59,0.429,1,Hold,False,9.0,-0.789,-7.378,-7.189,-7.189
MSFT,2018-02-05,down,-4.119,-3.27,-5.65,-4.78,market-wide,False,0,[],market-wide move,SPY/QQQ same-day z,0.617,"[-0.952, 0.266, 1.715]",0,0,-4.21,0.571,1,Hold,False,8.0,3.784,-3.398,3.678,-3.678
MSFT,2018-02-08,down,-5.133,-2.82,-2.97,-3.1,market-wide,False,0,[],market-wide move,SPY/QQQ same-day z,0.6,"[-1.509, 0.593, 3.305]",0,0,-3.05,0.857,1,Hold,False,5.0,3.729,5.67,9.582,-9.582
MSFT,2018-03-26,up,7.571,5.66,2.57,2.97,market-wide,False,0,[],market-wide move,SPY/QQQ same-day z,0.517,"[-2.548, 0.108, 2.692]",1,0,3.65,0.429,1,Hold,False,8.0,-4.596,-2.676,-1.493,-1.493
MSFT,2018-06-01,up,1.973,2.83,1.52,2.32,market-wide,False,0,[],market-wide move,SPY/QQQ same-day z,0.633,"[-0.679, 0.136, 1.194]",1,0,2.51,0.429,1,Hold,False,,0.873,1.687,0.516,0.516
MSFT,2018-07-25,up,2.944,2.93,1.73,1.78,idiosyncratic,False,0,[],,,0.417,"[-1.358, -0.14, 0.776]",0,0,3.71,0.714,1,Hold,False,,-1.092,-4.926,-2.517,-2.517
MSFT,2018-09-05,down,-2.882,-3.72,-0.61,-2.32,market-wide,False,0,[],market-wide move,SPY/QQQ same-day z,0.517,"[-0.74, 0.02, 1.302]",0,0,-3.64,0.429,1,Hold,False,6.0,0.23,0.82,4.498,-4.498
MSFT,2018-10-04,down,-2.066,-2.58,-2.36,-3.03,market-wide,False,0,[],market-wide move,SPY/QQQ same-day z,0.45,"[-1.092, -0.077, 1.157]",1,0,-2.27,0.0,1,Hold,False,,-0.585,-0.47,-4.601,4.601
MSFT,2018-10-10,down,-5.434,-5.75,-8.23,-5.67,market-wide,False,0,[],market-wide move,SPY/QQQ same-day z,0.483,"[-1.012, -0.016, 1.223]",1,0,-6.21,0.0,1,Buy,False,,-0.236,1.356,2.355,-2.355
MSFT,2018-10-24,down,-5.347,-2.87,-2.77,-2.92,market-wide,False,0,[],market-wide move,SPY/QQQ same-day z,0.683,"[-2.714, 0.955, 3.559]",0,0,-2.58,0.857,1,Buy,False,,5.844,1.495,3.753,-3.753
MSFT,2018-10-25,up,5.844,2.7,1.44,1.9,earnings,False,0,[],earnings report,earnings calendar,0.667,"[-1.599, 0.626, 4.015]",1,0,2.38,0.857,1,Hold,False,1.0,-1.237,-4.22,-0.729,-0.729
MSFT,2018-12-26,up,6.831,2.91,3.41,3.16,market-wide,False,0,[],market-wide move,SPY/QQQ same-day z,0.567,"[-3.705, 0.507, 4.361]",1,0,2.01,0.286,1,Hold,False,,0.617,1.004,1.492,1.492
MSFT,2019-03-11,up,2.099,2.66,2.85,3.95,market-wide,False,0,[],market-wide move,SPY/QQQ same-day z,0.467,"[-0.937, -0.011, 0.797]",0,0,3.12,0.0,1,Hold,False,,0.7,1.56,4.157,4.157
MSFT,2019-03-21,up,2.298,2.76,2.21,2.38,market-wide,False,0,[],market-wide move,SPY/QQQ same-day z,0.483,"[-1.124, -0.072, 1.202]",0,0,2.61,0.857,1,Hold,False,,-2.637,-1.921,-0.998,-0.998
MSFT,2019-03-22,down,-2.637,-3.1,-3.5,-3.13,market-wide,False,0,[],market-wide move,SPY/QQQ same-day z,0.467,"[-0.824, -0.05, 0.768]",1,0,-4.16,0.429,1,Hold,False,,0.521,-0.239,1.828,-1.828
MSFT,2019-04-25,up,3.312,5.45,-0.14,0.84,earnings,False,0,[],earnings report,earnings calendar,0.5,"[-0.564, 0.006, 1.348]",1,0,4.43,0.429,1,Hold,False,6.0,0.573,1.123,-0.774,-0.774
MSFT,2019-07-31,down,-2.907,-4.54,-2.46,-2.25,market-wide,False,0,[],market-wide move,SPY/QQQ same-day z,0.633,"[-0.594, 0.196, 0.797]",0,0,-5.72,0.143,1,Hold,False,,1.314,-2.979,1.057,-1.057
MSFT,2019-08-05,down,-3.426,-3.54,-5.63,-4.72,market-wide,False,0,[],market-wide move,SPY/QQQ same-day z,0.667,"[-0.759, 0.517, 1.92]",0,0,-3.77,0.571,1,Buy,False,,1.876,5.053,1.676,-1.676
MSFT,2019-12-02,down,-1.209,-2.52,-2.45,-2.3,market-wide,False,0,[],market-wide move,SPY/QQQ same-day z,0.567,"[-0.676, 0.034, 1.125]",0,0,-1.77,0.571,1,Hold,False,,-0.16,0.254,1.438,-1.438
MSFT,2020-01-02,up,1.852,3.29,2.25,3.37,market-wide,False,0,[],market-wide move,SPY/QQQ same-day z,0.567,"[-0.794, 0.057, 0.989]",1,0,2.58,0.857,1,Buy,True,,-1.245,-1.893,1.656,1.656
MSFT,2020-01-30,up,2.821,2.53,0.51,0.42,earnings,False,0,[],earnings report,earnings calendar,0.55,"[-1.264, 0.089, 1.259]",1,0,2.78,0.143,1,Buy,True,,-1.476,4.248,9.214,9.214
MSFT,2020-02-04,up,3.292,2.54,2.07,2.55,market-wide,False,0,[],market-wide move,SPY/QQQ same-day z,0.467,"[-1.408, -0.111, 0.888]",0,0,3.8,0.0,1,Hold,False,11.0,-0.122,2.093,1.993,1.993
MSFT,2020-02-27,down,-7.046,-3.47,-3.68,-3.48,market-wide,False,0,[],market-wide move,SPY/QQQ same-day z,0.6,"[-3.849, 0.815, 2.657]",0,0,-3.1,0.714,1,Buy,False,,2.421,4.002,-4.779,4.779
MSFT,2020-03-02,up,6.654,2.64,2.85,2.89,market-wide,False,0,[],market-wide move,SPY/QQQ same-day z,0.667,"[-3.215, 1.1, 4.33]",1,0,1.89,0.714,1,Buy,True,,-4.792,-3.773,-11.089,-11.089
MSFT,2020-03-12,down,-9.484,-2.5,-3.07,-2.87,market-wide,False,0,[],market-wide move,SPY/QQQ same-day z,0.667,"[-5.816, 1.786, 6.977]",0,0,-2.26,0.286,1,Buy,False,,14.217,5.401,-2.215,2.215
MSFT,2020-03-13,up,14.217,3.37,2.37,2.32,market-wide,False,0,[],market-wide move,SPY/QQQ same-day z,0.65,"[-6.622, 1.978, 7.426]",1,0,2.23,0.857,1,Buy,True,,-14.739,-11.604,-6.605,-6.605
MSFT,2020-03-16,down,-14.739,-2.72,-2.59,-2.84,market-wide,False,0,[],market-wide move,SPY/QQQ same-day z,0.533,"[-6.023, 0.318, 4.219]",0,0,-3.77,0.286,1,Hold,False,,8.234,5.383,8.492,-8.492
MSFT,2020-06-10,up,3.709,3.25,-0.43,1.12,idiosyncratic,False,0,[],,,0.517,"[-1.047, 0.051, 1.473]",1,0,3.72,0.714,1,Buy,True,,-5.37,-4.013,-0.859,-0.859
MSFT,2020-06-11,down,-5.37,-4.26,-4.86,-5.38,market-wide,False,0,[],market-wide move,SPY/QQQ same-day z,0.467,"[-1.252, -0.085, 0.886]",1,0,-6.34,0.571,1,Hold,False,,0.789,3.919,7.677,-7.677
MSFT,2020-07-20,up,4.298,2.67,0.7,2.23,market-wide,False,0,[],market-wide move,SPY/QQQ same-day z,0.583,"[-2.127, 0.243, 2.09]",1,0,2.46,0.857,1,Buy,True,,-1.347,-4.282,-3.563,-3.563
MSFT,2020-08-03,up,5.624,2.99,0.83,0.96,idiosyncratic,False,0,[],,,0.617,"[-1.893, 0.422, 2.679]",1,0,2.92,0.571,1,Buy,True,,-1.501,-0.088,-3.394,-3.394
MSFT,2020-09-03,down,-6.195,-4.06,-5.95,-4.78,market-wide,False,0,[],market-wide move,SPY/QQQ same-day z,0.483,"[-1.728, -0.153, 1.112]",1,0,-5.45,0.0,1,Hold,False,,-1.404,-2.766,-3.921,3.921
MSFT,2020-09-08,down,-5.41,-2.62,-2.65,-2.98,market-wide,False,0,[],market-wide move,SPY/QQQ same-day z,0.65,"[-4.472, 0.781, 2.763]",0,0,-2.19,0.286,1,Buy,False,,4.258,0.676,0.123,-0.123
MSFT,2020-10-28,down,-4.957,-2.98,-3.31,-2.74,earnings,False,0,[],earnings report,earnings calendar,0.567,"[-2.227, 0.404, 1.881]",0,0,-3.34,0.429,1,Buy,False,,1.007,-0.173,10.381,-10.381
MSFT,2020-11-04,up,4.825,2.66,1.75,2.83,market-wide,False,0,[],market-wide move,SPY/QQQ same-day z,0.583,"[-1.967, 0.662, 2.551]",1,0,2.36,0.571,1,Buy,True,,3.189,0.924,0.055,0.055
MSFT,2020-12-16,up,2.405,2.64,0.22,0.68,idiosyncratic,False,0,[],,,0.55,"[-1.345, 0.12, 1.328]",1,0,2.19,0.286,1,Buy,True,,0.064,1.509,2.59,2.59
MSFT,2021-01-20,up,3.65,2.7,2.15,2.37,market-wide,False,0,[],market-wide move,SPY/QQQ same-day z,0.567,"[-1.659, 0.237, 2.086]",1,0,2.34,0.0,1,Buy,True,,0.281,2.313,3.397,3.397
MSFT,2021-05-12,down,-2.936,-2.51,-3.11,-2.56,market-wide,False,0,[],market-wide move,SPY/QQQ same-day z,0.683,"[-1.891, 0.751, 2.025]",0,0,-2.41,0.429,1,Buy,False,,1.686,2.586,2.818,-2.818
MSFT,2021-07-02,up,2.228,2.77,1.39,1.77,idiosyncratic,False,0,[],,,0.517,"[-0.836, 0.027, 1.15]",1,0,2.84,0.429,1,Hold,False,1.0,0.004,-0.083,1.75,1.75
MSFT,2021-08-19,up,2.078,2.88,0.31,0.83,idiosyncratic,False,0,[],,,0.55,"[-0.942, 0.079, 1.037]",1,0,2.59,0.286,1,Buy,True,,2.558,1.971,2.298,2.298
MSFT,2021-08-20,up,2.558,3.34,1.6,1.81,idiosyncratic,False,0,[],,,0.617,"[-0.574, 0.201, 1.094]",1,0,3.62,0.714,1,Buy,True,,0.095,-0.772,-0.815,-0.815
MSFT,2021-09-28,down,-3.62,-3.77,-3.09,-3.84,market-wide,False,0,[],market-wide move,SPY/QQQ same-day z,0.583,"[-1.604, 0.109, 1.432]",0,0,-3.15,0.143,1,Buy,False,,0.169,1.968,3.996,-3.996
MSFT,2021-10-27,up,4.211,3.88,-0.61,0.26,earnings,False,0,[],earnings report,earnings calendar,0.5,"[-0.997, -0.012, 1.526]",1,0,4.29,0.0,1,Buy,True,,0.365,1.919,3.989,3.989
MSFT,2021-11-26,down,-2.436,-2.92,-5.6,-2.59,market-wide,False,0,[],market-wide move,SPY/QQQ same-day z,0.583,"[-1.002, 0.095, 1.528]",0,0,-2.56,0.143,1,Buy,False,,2.108,0.121,1.589,-1.589
MSFT,2022-01-13,down,-4.232,-2.71,-1.49,-1.79,idiosyncratic,False,0,[],,,0.583,"[-2.023, 0.508, 2.613]",0,0,-2.62,0.143,1,Hold,False,,1.772,-0.482,-5.351,5.351
MSFT,2022-02-24,up,5.109,2.55,1.08,1.63,idiosyncratic,False,0,[],,,0.617,"[-1.26, 0.662, 2.881]",1,0,2.75,0.714,1,Hold,False,7.0,0.923,0.122,-5.323,-5.323
MSFT,2022-07-27,up,6.685,4.02,2.27,2.67,earnings,False,0,[],earnings report,earnings calendar,0.467,"[-2.421, -0.242, 1.98]",0,0,4.03,0.0,0,Hold,False,8.0,2.854,3.449,5.273,5.273
MSFT,2022-08-26,down,-3.859,-2.88,-3.29,-2.88,market-wide,False,0,[],market-wide move,SPY/QQQ same-day z,0.467,"[-2.407, -0.121, 2.192]",1,0,-2.08,0.0,0,Hold,False,,-1.067,-2.469,-3.73,3.73
MSFT,2022-09-13,down,-5.498,-3.9,-3.51,-3.59,market-wide,False,0,[],market-wide move,SPY/QQQ same-day z,0.533,"[-1.974, 0.235, 1.899]",0,0,-3.79,0.0,1,Hold,False,,0.091,-2.877,-4.369,4.369
MSFT,2022-10-07,down,-5.085,-2.52,-1.61,-1.93,idiosyncratic,False,0,[],,,0.483,"[-2.167, -0.062, 2.228]",1,0,-2.93,0.143,0,Hold,False,,-2.13,-3.624,1.819,-1.819
MSFT,2022-10-26,down,-7.716,-3.23,-0.41,-1.07,earnings,False,0,[],earnings report,earnings calendar,0.55,"[-1.715, 0.452, 2.87]",0,0,-4.57,0.0,0,Hold,False,,-1.976,0.35,-4.293,4.293
MSFT,2022-11-10,up,8.227,2.76,3.4,3.63,market-wide,False,0,[],market-wide move,SPY/QQQ same-day z,0.483,"[-4.339, -0.256, 3.459]",0,0,2.79,0.286,0,Hold,False,,1.7,-0.416,-0.102,-0.102
MSFT,2023-01-04,down,-4.374,-2.68,0.68,0.34,idiosyncratic,False,0,[],,,0.483,"[-2.531, -0.1, 2.658]",1,0,-2.11,0.429,0,Hold,False,13.0,-2.964,-0.864,4.422,-4.422
MSFT,2023-03-16,up,4.054,2.6,1.73,2.07,market-wide,False,0,[],market-wide move,SPY/QQQ same-day z,0.583,"[-1.022, 0.264, 2.258]",1,0,2.96,0.571,1,Hold,False,,1.169,-0.876,0.065,0.065
MSFT,2023-04-26,up,7.244,5.38,-0.6,0.64,earnings,False,0,[],earnings report,earnings calendar,0.533,"[-2.064, 0.183, 2.167]",1,0,4.28,0.0,1,Hold,False,,3.203,3.45,5.173,5.173
MSFT,2023-05-25,up,3.846,3.47,0.99,2.38,market-wide,False,0,[],market-wide move,SPY/QQQ same-day z,0.483,"[-1.437, -0.012, 1.649]",0,0,3.2,0.0,1,Hold,False,13.0,2.139,0.758,2.381,2.381
MSFT,2023-07-18,up,3.98,3.15,1.29,0.87,idiosyncratic,False,0,[],,,0.45,"[-1.452, -0.186, 1.426]",0,0,3.71,0.714,1,Hold,False,11.0,-1.227,-4.373,-8.003,-8.003
MSFT,2023-07-26,down,-3.764,-2.63,0.03,-0.36,earnings,False,0,[],earnings report,earnings calendar,0.583,"[-1.356, 0.191, 1.687]",0,0,-3.33,0.429,1,Hold,False,,-2.087,-0.548,-2.958,2.958
MSFT,2023-10-25,up,3.068,2.61,-1.91,-2.5,earnings,False,0,[],earnings report,earnings calendar,0.55,"[-1.42, 0.098, 1.683]",1,0,2.45,0.857,1,Hold,False,10.0,-3.751,-0.986,3.561,3.561
MSFT,2023-10-26,down,-3.751,-2.84,-1.47,-1.7,earnings+1,False,0,[],earnings report,earnings calendar,0.517,"[-1.105, 0.013, 1.56]",0,0,-3.62,0.714,1,Hold,False,,0.586,3.117,8.735,-8.735
MSFT,2024-01-31,down,-2.695,-3.19,-2.79,-2.13,earnings,False,0,[],earnings report,earnings calendar,0.483,"[-0.929, -0.096, 1.268]",1,0,-3.03,0.857,1,Hold,False,,1.559,2.03,5.777,-5.777
MSFT,2024-03-05,down,-2.957,-2.63,-1.42,-1.84,idiosyncratic,True,2,"['c6cac19a12c296f72b28026c56b781038ab30b3c6b64bfc6cbd751bbcfae6644', 'edb66070b9afc07fd4d080e50a62b97ef8013c77955adb4d6bcd8c0e2fd3a66a']",ticker-tagged archive match; causal attribution unverified,licensed archive metadata (text not redistributed),0.517,"[-1.341, 0.024, 1.555]",0,0,-2.64,0.571,1,Hold,False,,-0.139,0.887,5.605,-5.605
MSFT,2024-04-30,down,-3.212,-2.64,-2.01,-1.68,market-wide,True,2,"['d7b8d01a81e0f0456b5da01ca6fccb76a20e916f00904dc71fca541a52e6c130', '03c6bc7f09ccede1c13ed5c50cc9badd1b725d157b4ca1da5a4a2180dd7090b8']",market-wide move,licensed archive metadata (text not redistributed),0.583,"[-2.304, 0.235, 1.948]",0,0,-2.08,0.714,1,Buy,False,,1.441,4.451,5.905,-5.905
MSFT,2024-05-30,down,-3.379,-3.96,-1.19,-1.51,idiosyncratic,True,2,"['99416e478de63f1a2d6d48779e014d3dd48ebcfc22a68cd011abe52c668e1dba', 'f1df023827ad3af055934517234ff7a39d27721c17ac0013e1a77f4f4dbd9d03']",ticker-tagged archive match; causal attribution unverified,licensed archive metadata (text not redistributed),0.517,"[-0.943, 0.03, 1.542]",0,0,-3.52,0.429,1,Hold,False,,0.111,0.338,3.183,-3.183
MSFT,2024-07-01,up,2.188,2.75,0.5,0.8,idiosyncratic,True,2,"['3689a95e64e3b254c1651598daf4cadd54ccb9982025f0339c1e5afd2a3d8488', '00e0e8a14b72a7498403d5aa3e0b379ced437a24e9252ace869bde9dc86ff451']",ticker-tagged archive match; causal attribution unverified,licensed archive metadata (text not redistributed),0.567,"[-0.88, 0.132, 1.291]",1,0,2.43,0.143,1,Hold,False,9.0,0.558,2.371,-0.444,-0.444
MSFT,2024-07-11,down,-2.477,-2.59,-2.31,-3.27,market-wide,True,2,"['bd0a10eb26de9171d0ca8cfc581815ee76a6c4f4b54b292d49660590068d92c8', '7c59f9ba883809afda33f2694c4d5727e133cdda7e397131db4f9a353aa9492d']",market-wide move,licensed archive metadata (text not redistributed),0.567,"[-1.013, 0.109, 1.511]",0,0,-2.63,0.0,1,Hold,False,,-0.253,-1.139,-2.586,2.586
MSFT,2024-07-24,down,-3.585,-3.15,-3.63,-3.33,market-wide,True,5,"['09500c7ca596294efe79c473914e17141798b6f058b041c73fd73ef6c2e284ef', 'a2ead0c80fdb44c1ffcb0ba4b55e00a54d00be1ed317754150438609e71bc38d', '9f67680dce64b586546c4acb728f06ea1e58917d10c114ccd0aa7c82d611f5e7', 'b0a8c699a3bb0a68fce85761937eebeeae9ead8065199db35ad20a013bcee5b0', '1b1948400156eb43067a0762700a1272c53a95e39d27e367a5aa383c395a02f5']",market-wide move,licensed archive metadata (text not redistributed),0.567,"[-1.785, 0.286, 2.061]",0,0,-2.58,0.0,1,Buy,False,,-2.448,-0.506,-4.759,4.759
MSFT,2024-10-22,up,2.085,2.57,-0.1,0.15,idiosyncratic,True,2,"['8ce6ec306efff05da648333152095e78ce68ea45904d653bc2dac8bc692a8267', '35f840fe554df9953f34286ca0024822307bd140de7b0bb09be08904002a2e81']",ticker-tagged archive match; causal attribution unverified,licensed archive metadata (text not redistributed),0.533,"[-1.627, 0.045, 1.487]",1,0,1.68,0.857,1,Buy,True,,-0.681,0.15,-4.95,-4.95
MSFT,2024-10-31,down,-6.053,-7.74,-3.58,-3.15,earnings,True,3,"['a72eeeecdf73b028037cfba51af22ebc57134c88291f9a509e0dd5c3620fb63b', 'bb5ae7b20ee32bf92e5758f1e3b9df953c0b45d4aed9811a380011c2c2e1b1cb', '3a0f45a0952adff4c03b273fa342e26aca1fbe30e9ab3461a0eacc293a20e07b']",earnings-window archive match,earnings calendar; licensed archive metadata (text not redistributed),0.567,"[-1.441, 0.144, 1.227]",0,0,-5.95,0.286,1,Hold,False,,0.989,1.258,2.869,-2.869
MSFT,2024-12-18,down,-3.756,-4.41,-7.6,-4.91,market-wide,True,0,[],market-wide move,SPY/QQQ same-day z,0.567,"[-1.458, 0.103, 1.205]",0,0,-3.71,0.0,1,Buy,False,,-0.082,-0.489,-2.872,2.872
MSFT,2025-01-22,up,4.131,4.04,0.63,1.11,idiosyncratic,True,1,['89e6f6162a1dde4ab6e52097af7fad9d541df0d1e36db065ac055973cea390ad'],ticker-tagged archive match; causal attribution unverified,licensed archive metadata (text not redistributed),0.583,"[-1.402, 0.113, 1.563]",1,0,3.47,0.286,1,Buy,True,,0.114,-2.609,-6.979,-6.979
MSFT,2025-01-30,down,-6.181,-3.98,0.6,0.33,earnings,True,2,"['a69b8e1156dedbf8f6092b881c7a2838d22c09ade0d9a9aab3cb223063c6cfe4', 'a3e23b923df36270ca74fbcbe6e4f92e71c6a9b88550cd7f68e08b043839dd08']",earnings-window archive match,earnings calendar; licensed archive metadata (text not redistributed),0.55,"[-1.719, 0.3, 1.805]",0,0,-4.71,0.0,1,Hold,False,,0.017,-0.631,-0.667,0.667
MSFT,2025-03-05,up,3.193,3.14,1.21,1.08,idiosyncratic,True,1,['97c329a5ba9bc69738b22aac019d485018882f6d05bf61df926288def4c46bfa'],ticker-tagged archive match; causal attribution unverified,licensed archive metadata (text not redistributed),0.567,"[-1.497, 0.151, 1.748]",1,0,2.4,0.857,1,Buy,True,,-1.03,-5.202,-3.107,-3.107
MSFT,2025-03-10,down,-3.343,-2.63,-2.73,-2.92,market-wide,True,1,['f9b2e505c2fe2581713e72c9cd6839eafc1f4873af36cbfafd4ac512d1bb3125'],market-wide move,licensed archive metadata (text not redistributed),0.533,"[-1.948, 0.152, 1.955]",0,0,-2.3,0.714,1,Buy,False,,0.076,-0.366,2.015,-2.015
MSFT,2025-04-09,up,10.134,6.72,5.44,5.47,market-wide,True,3,"['0ec3377fa57d660205b787b14cba29088e1b520fb4fd254ff3d82212f893a360', 'a2c326724f36a4630c0ae08dea84c742cdf8701a57bed57a7526991e8b3fb671', '836d9b365834636201c023d1ea4273c11aa23f08cd2e774802cfef78225b56d7']",market-wide move,licensed archive metadata (text not redistributed),0.567,"[-1.237, 0.229, 2.026]",1,0,7.78,0.286,1,Hold,False,,-2.341,-0.686,-8.033,-8.033
MSFT,2025-05-01,up,7.625,2.59,0.21,0.35,earnings,True,2,"['4641fe72d3be0867806c33b0b4e64d87440905521e9e132e87754725349130c2', 'a71032b76ee4726ef182c759eeaf83e49f58c196053b154efb1c7fb6f1690d0d']",earnings-window archive match,earnings calendar; licensed archive metadata (text not redistributed),0.45,"[-2.373, -0.119, 3.242]",0,0,3.53,0.0,1,Hold,False,,2.323,1.859,5.609,5.609
MSFT,2025-07-31,up,3.947,6.22,-0.92,-1.24,earnings,True,5,"['c11c42edd41c70a2dc5aa15e64b61a69163d2d460b40191fc5ecff4f5c133d07', '6266a240e09514c65f22990e49162ff619fb0bfc203c9dec1f3c968d71afa19f', 'ee7db26ceea724e557c12bcb25b6590c795425c4d6dccd457e692c29d94b1b96', '22003c42cd83a0ac5bce87021658974c9c4758419d0eba7fde633e06e68471a3', '05971a79ce62a69b338e891af1133369dbd6b908a9b8e3e9888255cf8d3126ca']",earnings-window archive match,earnings calendar; licensed archive metadata (text not redistributed),0.6,"[-0.807, 0.14, 1.035]",1,0,5.3,0.429,1,Buy,True,,-1.76,-1.078,-2.199,-2.199
MSFT,2025-09-05,down,-2.553,-3.43,-0.49,0.19,idiosyncratic,True,0,[],,,0.6,"[-1.283, 0.126, 1.138]",0,0,-2.84,0.571,1,Buy,False,,0.646,1.085,2.836,-2.836
MSFT,2025-10-06,up,2.169,2.67,1.01,1.7,idiosyncratic,True,3,"['e33ba03be08fe44a69708032a74480000b8daf77ea93974bf81cd2fc220fcab6', '174fbcbd3ed4c917df33ac2ecee9b9f4591bc56dc21a55095dd3c02a8f39e8d1', '420d8b832d95e874d1daa1a448acbf13556c003c9c027fa17bdc3955b367f771']",ticker-tagged archive match; causal attribution unverified,licensed archive metadata (text not redistributed),0.567,"[-1.034, 0.184, 1.7]",1,0,1.86,0.857,1,Buy,True,,-0.868,-1.167,-2.864,-2.864
MSFT,2025-10-30,down,-2.916,-3.05,-1.28,-1.3,earnings,True,3,"['cd82166bd35936753019cfb399990ea0abcadb99c17b6380c1aa23ee211404bb', '534e46aac2464110465b0bed5f684b7d1818b50d7dbbb1d13c1680fc915378d7', '97b796dea5f3bbdf79683ecb820b8a2be44ff27f9e30e98fad27ac611a8a879a']",earnings-window archive match,earnings calendar; licensed archive metadata (text not redistributed),0.583,"[-1.493, 0.21, 1.435]",0,0,-2.74,0.0,1,Hold,False,,-1.512,-2.174,-3.758,3.758
MSFT,2026-01-14,down,-2.399,-2.76,-0.95,-1.4,idiosyncratic,True,2,"['0cc4364d4feda2a50f2c2cf4360318019665044f491ac94409fca1682dbb57b0', 'b83852e199eb318d49abf1979d200818d5c97e9ffbaafa8842aea412cb0c69b3']",ticker-tagged archive match; causal attribution unverified,licensed archive metadata (text not redistributed),0.483,"[-1.537, -0.02, 0.965]",1,0,-2.44,0.143,1,Hold,False,,-0.592,-1.058,2.373,-2.373
MSFT,2026-01-23,up,3.283,2.95,0.06,0.4,idiosyncratic,True,1,['69585fc468eda0e8af70643d2ea113a78fd06e4effff270938d6eedf7b4b9c06'],ticker-tagged archive match; causal attribution unverified,licensed archive metadata (text not redistributed),0.65,"[-1.334, 0.393, 1.718]",1,0,2.43,0.0,1,Buy,True,,0.929,3.365,-11.748,-11.748
MSFT,2026-01-29,down,-9.993,-6.78,-0.31,-0.75,earnings,True,3,"['4f6cbb8aa50315b246d2336b9cb5a7fb542065d2ac5c127781be2334c1e471f9', '04f52da4024c729028034ba58b1a7b02660ca42ee070bc43565f7e30b0b22d87', 'eb8d66f43534583c235c70914b23dfc6bf0c792c4482fa2fd94b60b55cb21771']",earnings-window archive match,earnings calendar; licensed archive metadata (text not redistributed),0.667,"[-1.117, 0.463, 2.321]",0,0,-7.8,0.0,0,Buy,False,,-0.74,-5.142,-4.591,4.591
MSFT,2026-03-31,up,3.123,2.67,3.2,2.93,market-wide,True,3,"['25321037eb968462d383e5a793012706da97fb83dbd86bdbafab2564fa643a69', 'cd66d3ee96e680e5a76bf687b5ba23e8e2fa1199834ce234544376340d0965dc', '5fd3596b54644bd09d9e9e813fd067d06d284892aa4e9f6080b613996b1bf14d']",market-wide move,licensed archive metadata (text not redistributed),0.433,"[-1.608, -0.134, 1.071]",0,0,3.12,0.0,-1,Sell,False,13.0,-0.216,0.732,0.189,0.189
MSFT,2026-04-13,up,3.64,2.71,0.81,0.71,idiosyncratic,True,1,['6b0c8449a879c4f720055c14ec8787f3f829e4d8400d5ca6aad607c86360c333'],ticker-tagged archive match; causal attribution unverified,licensed archive metadata (text not redistributed),0.433,"[-1.74, -0.183, 1.1]",0,0,3.45,0.0,1,Sell,False,5.0,2.274,9.337,12.631,12.631
MSFT,2026-04-15,up,4.607,2.81,0.65,0.95,idiosyncratic,True,2,"['a31a98d34cdcb0f951ecf864f7ecd6a139008e223d395097f9e4f97e2380124d', 'b4676adfc5ce31dc94a579ea8e2c09f39fda95fab5606539672dd7e00d640353']",ticker-tagged archive match; causal attribution unverified,licensed archive metadata (text not redistributed),0.45,"[-1.227, -0.161, 1.217]",0,0,5.0,0.0,1,Hold,False,3.0,2.198,1.666,3.259,3.259
MSFT,2026-05-29,up,5.445,3.38,0.4,0.37,idiosyncratic,True,3,"['8790a8dbcfb3b9bd5492a07e197b7a610f54b664ea1a5226707f42e8f699c9d1', '1c2648d9bace45a7d64dda7b7a3686fa6af88af167f222bbe4829b57feee1957', '76ea65f068140606c46fd9858bd36b58b774fe5a72a7093863aef4562982d239']",ticker-tagged archive match; causal attribution unverified,licensed archive metadata (text not redistributed),0.533,"[-1.373, 0.14, 1.266]",1,0,5.15,0.571,1,Hold,False,1.0,2.283,-5.086,-10.401,-10.401
MSFT,2026-07-30,up,15.507,9.67,2.56,2.61,earnings,True,5,"['760603b5bea2163c164600ad328e9bf973b7384c9c729db264e5430990715bdd', '50bbea1fcbf24226380040f74bfbcf7e1a0298d6c5f9d041a3d1a5074a7bc31f', '30ac88ed3d999c3ef5cb9818531a8163510c80e4ae3a5c4c0b236018e775f767', 'e0e519b80d82baafb95ac85f132db9bde6bcd9f3febfd29849d4ac690c23ddff', '91119855987ff3e44faf4edb2b2418734809d252f5ecc605c7c5bd52c246b0ad']",earnings-window archive match,earnings calendar; licensed archive metadata (text not redistributed),0.467,"[-1.962, -0.065, 1.877]",0,0,10.4,0.0,0,Hold,False,0.0,3.019,9.246,12.184,12.184
NVDA,2010-07-29,down,-9.872,-3.47,-0.39,-0.57,idiosyncratic,False,0,[],,,0.483,"[-4.399, -0.062, 3.233]",1,0,-3.29,0.429,-1,Hold,False,1.0,0.657,-2.081,5.586,-5.586
NVDA,2010-10-22,up,6.402,2.98,0.24,0.7,idiosyncratic,False,0,[],,,0.533,"[-3.327, 0.25, 2.458]",1,0,2.73,0.0,1,Hold,False,6.0,0.932,2.034,4.153,4.153
NVDA,2010-11-12,up,5.155,3.19,-1.86,-2.4,earnings,False,0,[],earnings report,earnings calendar,0.583,"[-1.491, 0.18, 1.839]",1,0,3.83,0.286,1,Buy,True,,-1.207,-2.564,1.357,1.357
NVDA,2011-01-05,up,7.673,4.63,1.59,1.83,idiosyncratic,False,0,[],CES 2011: 'Project Denver' ARM-based CPU announced; Microsoft showed Windows on ARM/Nvidia silicon,Engadget 2011-01-05; NVIDIA newsroom 2011-01-05; Motley Fool 2011-01-10 (stock +29% on the week),0.6,"[-1.477, 0.311, 2.581]",1,0,4.65,0.0,1,Buy,True,,13.84,21.496,38.928,38.928
NVDA,2011-01-06,up,13.84,6.23,-0.59,0.66,idiosyncratic,False,0,[],CES 2011 follow-through: Project Denver and Tegra 2 design wins; Windows on ARM,Engadget 2011-01-05; Digitimes 2011-01-06; Motley Fool 2011-01-10,0.533,"[-1.759, 0.087, 3.021]",1,0,7.37,0.0,1,Buy,True,,2.794,5.07,19.193,19.193
NVDA,2011-01-12,up,14.968,4.21,2.63,1.53,market-wide,False,0,[],market-wide move,SPY/QQQ same-day z,0.55,"[-2.818, 0.199, 5.283]",1,0,4.67,0.429,1,Buy,True,,0.171,-1.328,5.91,5.91
NVDA,2011-02-17,up,9.837,2.77,0.49,-0.04,earnings,False,0,[],earnings report,earnings calendar,0.55,"[-3.728, 0.644, 4.35]",1,0,2.92,0.714,1,Buy,True,,-0.195,-13.902,-15.693,-15.693
NVDA,2011-03-24,up,7.973,3.24,0.9,1.52,idiosyncratic,False,0,[],,,0.6,"[-2.234, 0.551, 3.883]",1,0,3.11,0.714,1,Buy,True,,-3.12,-0.312,-8.736,-8.736
NVDA,2011-05-13,down,-10.927,-4.94,-1.17,-1.74,earnings,False,0,[],earnings report,earnings calendar,0.533,"[-1.992, 0.122, 3.288]",0,0,-5.36,0.0,1,Buy,False,,-3.067,-1.205,-0.657,0.657
NVDA,2011-08-04,down,-9.521,-3.68,-4.5,-3.77,market-wide,False,0,[],market-wide move,SPY/QQQ same-day z,0.533,"[-2.95, 0.19, 3.089]",0,0,-4.12,0.143,1,Hold,False,1.0,-3.358,-3.507,-0.224,0.224
NVDA,2011-10-04,up,9.229,2.66,1.19,1.25,idiosyncratic,False,0,[],,,0.45,"[-4.681, -0.347, 3.591]",0,0,2.97,0.0,1,Hold,False,,3.566,9.69,19.845,19.845
NVDA,2012-04-13,down,-3.542,-2.58,-1.54,-1.96,idiosyncratic,False,0,[],,,0.567,"[-1.616, 0.264, 2.07]",0,0,-2.65,0.0,1,Hold,False,,-1.201,-2.048,-9.463,9.463
NVDA,2012-05-11,up,6.361,4.01,-0.4,-0.01,earnings,False,0,[],earnings report,earnings calendar,0.5,"[-2.553, -0.0, 2.42]",1,0,3.28,0.571,-1,Hold,False,,-0.606,-3.558,-8.1,-8.1
NVDA,2012-06-19,up,6.774,2.96,0.88,0.83,idiosyncratic,False,0,[],,,0.567,"[-1.867, 0.512, 3.42]",1,0,3.04,0.714,0,Hold,False,11.0,1.586,-1.813,0.0,0.0
NVDA,2012-09-04,down,-5.346,-3.65,-0.25,-0.2,idiosyncratic,False,0,[],,,0.45,"[-2.068, -0.149, 1.321]",1,0,-3.93,0.714,1,Hold,False,,0.301,0.904,3.012,-3.012
NVDA,2012-10-04,up,4.448,3.09,1.03,0.4,idiosyncratic,False,0,[],,,0.467,"[-2.049, -0.139, 1.087]",0,0,3.75,0.714,1,Hold,False,,-2.35,-5.36,-6.094,-6.094
NVDA,2012-10-19,down,-5.832,-3.45,-2.83,-2.94,market-wide,False,0,[],market-wide move,SPY/QQQ same-day z,0.5,"[-1.871, 0.116, 1.69]",0,0,-4.28,0.714,0,Hold,False,,-1.156,0.495,3.633,-3.633
NVDA,2013-01-02,up,3.752,2.64,3.6,3.44,market-wide,False,0,[],market-wide move,SPY/QQQ same-day z,0.483,"[-1.868, -0.028, 2.341]",0,0,2.3,0.571,1,Hold,False,5.0,0.079,0.393,-4.009,-4.009
NVDA,2013-02-14,up,2.91,2.56,0.19,-0.04,earnings,False,0,[],earnings report,earnings calendar,0.4,"[-1.606, -0.123, 1.986]",0,0,2.16,0.857,0,Hold,False,,0.0,-2.749,-2.232,-2.232
NVDA,2013-04-01,down,-3.274,-4.08,-0.85,-1.25,idiosyncratic,False,0,[],,,0.583,"[-0.909, 0.209, 1.209]",0,0,-4.22,0.143,1,Hold,False,,-1.048,-1.289,3.384,-3.384
NVDA,2013-05-10,up,4.529,3.06,0.37,0.61,earnings,False,0,[],earnings report,earnings calendar,0.5,"[-1.948, 0.036, 1.996]",1,0,2.92,0.571,1,Hold,False,,-2.063,1.1,3.135,3.135
NVDA,2013-08-14,up,4.23,4.66,-1.36,-0.74,idiosyncratic,False,0,[],,,0.45,"[-1.232, -0.048, 0.996]",0,0,4.92,0.0,1,Hold,False,,0.665,-0.532,0.036,0.036
NVDA,2013-11-04,down,-2.883,-3.3,0.47,0.17,idiosyncratic,False,0,[],,,0.45,"[-1.114, -0.052, 1.333]",1,0,-2.97,0.429,1,Hold,False,,-0.135,-1.822,8.974,-8.974
NVDA,2013-11-08,up,6.942,6.34,2.27,1.94,earnings,False,0,[],earnings report,earnings calendar,0.467,"[-1.146, -0.08, 1.658]",0,0,6.42,0.0,1,Hold,False,,0.836,3.792,-0.234,-0.234
NVDA,2014-01-09,down,-3.729,-3.25,0.11,-0.51,idiosyncratic,False,0,[],,,0.467,"[-1.619, -0.06, 1.265]",1,0,-3.26,0.429,1,Hold,False,4.0,-0.127,0.571,1.905,-1.905
NVDA,2014-02-12,up,3.569,2.79,0.05,0.17,idiosyncratic,False,0,[],,,0.517,"[-1.524, 0.065, 1.447]",1,0,3.02,0.0,1,Sell,False,,3.149,6.358,12.359,12.359
NVDA,2014-04-01,up,4.132,3.2,1.08,2.27,market-wide,False,0,[],market-wide move,SPY/QQQ same-day z,0.517,"[-1.721, 0.064, 2.177]",1,0,2.67,0.571,1,Buy,True,,-0.643,-2.681,-1.448,-1.448
NVDA,2014-06-19,down,-2.297,-4.19,0.31,-0.13,idiosyncratic,False,0,[],,,0.433,"[-0.827, -0.043, 0.534]",1,0,-4.24,0.0,1,Sell,True,,-1.097,-3.762,-3.135,3.135
NVDA,2014-07-09,up,3.019,3.02,1.12,1.5,idiosyncratic,False,0,[],,,0.567,"[-1.323, 0.314, 2.073]",1,0,2.04,0.857,1,Buy,True,,-0.523,0.942,-3.506,-3.506
NVDA,2014-07-18,down,-4.456,-3.73,2.29,2.67,idiosyncratic,False,0,[],,,0.5,"[-2.038, 0.04, 1.642]",0,0,-3.13,0.0,1,Hold,False,,0.597,-1.952,-3.579,3.579
NVDA,2014-08-08,up,8.82,6.07,1.74,0.94,earnings,False,0,[],earnings report,earnings calendar,0.65,"[-1.487, 0.335, 1.761]",1,0,6.7,0.0,1,Buy,True,,-0.526,0.053,2.398,2.398
NVDA,2014-10-10,down,-5.919,-5.29,-1.2,-2.39,market-wide,False,0,[],market-wide move,SPY/QQQ same-day z,0.583,"[-1.078, 0.161, 2.328]",0,0,-4.57,0.286,1,Hold,False,,-0.356,3.502,8.724,-8.724
NVDA,2014-10-21,up,4.269,2.54,1.87,2.1,market-wide,False,0,[],market-wide move,SPY/QQQ same-day z,0.533,"[-2.538, 0.345, 2.751]",1,0,1.9,0.714,0,Hold,False,,-2.347,0.873,2.02,2.02
NVDA,2014-12-17,up,4.083,2.85,3.01,2.4,market-wide,False,0,[],market-wide move,SPY/QQQ same-day z,0.583,"[-1.765, 0.198, 2.117]",1,0,2.57,0.0,1,Hold,False,1.0,0.397,3.178,2.085,2.085
NVDA,2015-01-27,down,-4.801,-3.36,-1.42,-2.55,market-wide,False,0,[],market-wide move,SPY/QQQ same-day z,0.467,"[-2.191, -0.12, 1.723]",1,0,-3.07,0.571,1,Hold,False,,-1.63,-2.191,4.381,-4.381
NVDA,2015-02-12,up,7.16,3.83,1.03,1.13,earnings,False,0,[],earnings report,earnings calendar,0.617,"[-1.743, 0.209, 2.185]",1,0,4.54,0.0,1,Hold,False,,0.045,-0.807,0.43,0.43
NVDA,2015-03-23,down,-3.238,-2.61,-0.25,-0.27,idiosyncratic,False,0,[],,,0.533,"[-1.722, 0.082, 1.482]",0,0,-2.66,0.0,1,Hold,False,,-1.365,-7.662,-7.486,7.486
NVDA,2015-03-25,down,-6.071,-4.15,-1.87,-3.12,market-wide,False,0,[],market-wide move,SPY/QQQ same-day z,0.467,"[-1.978, -0.069, 2.47]",1,0,-3.46,0.0,1,Hold,False,,-0.333,2.044,2.994,-2.994
NVDA,2015-05-08,down,-7.381,-6.43,2.13,1.39,earnings,False,0,[],earnings report,earnings calendar,0.617,"[-1.621, 0.282, 1.471]",0,0,-6.35,0.0,1,Hold,False,,-0.96,0.576,1.476,-1.476
NVDA,2015-05-27,up,5.354,2.75,1.44,1.92,idiosyncratic,False,0,[],,,0.55,"[-1.997, 0.214, 2.671]",1,0,2.82,0.429,1,Hold,False,7.0,1.374,2.473,1.923,1.923
NVDA,2015-08-07,up,12.372,10.22,-0.3,-0.14,earnings,False,0,[],earnings report,earnings calendar,0.517,"[-1.237, 0.086, 1.302]",1,0,12.4,0.0,1,Hold,False,10.0,3.481,3.22,0.858,0.858
NVDA,2015-11-06,up,13.858,8.33,-0.07,0.08,earnings,False,0,[],earnings report,earnings calendar,0.483,"[-1.914, -0.034, 1.336]",0,0,10.96,0.0,1,Hold,False,5.0,-0.444,-3.296,-3.645,-3.645
NVDA,2016-01-06,down,-4.135,-3.0,-1.22,-0.82,idiosyncratic,False,0,[],,,0.517,"[-2.114, 0.055, 1.492]",0,0,-2.98,0.0,1,Hold,False,,-3.964,-5.867,-14.018,14.018
NVDA,2016-01-15,down,-5.441,-2.99,-1.7,-2.04,market-wide,False,0,[],market-wide move,SPY/QQQ same-day z,0.583,"[-2.332, 0.214, 3.025]",0,0,-2.71,0.571,1,Hold,False,,0.812,2.545,4.611,-4.611
NVDA,2016-02-05,down,-6.31,-2.69,-1.32,-1.92,idiosyncratic,False,0,[],,,0.5,"[-1.667, 0.017, 2.814]",0,0,-3.62,0.0,1,Buy,False,,-4.578,-3.784,4.654,-4.654
NVDA,2016-02-18,up,8.604,3.21,-0.3,-0.68,earnings,False,0,[],earnings report,earnings calendar,0.567,"[-1.891, 0.304, 2.574]",1,0,4.76,0.0,1,Hold,False,7.0,1.332,5.193,4.774,4.774
NVDA,2016-04-28,down,-2.975,-2.95,-1.52,-1.49,idiosyncratic,False,0,[],,,0.6,"[-1.529, 0.195, 1.211]",0,0,-2.97,0.143,1,Hold,False,,-1.851,-1.74,-2.541,2.541
NVDA,2016-05-13,up,15.209,11.2,-1.55,-0.52,earnings,False,0,[],earnings report,earnings calendar,0.533,"[-1.826, 0.258, 2.067]",1,0,9.84,0.0,1,Hold,False,,2.953,5.808,10.976,10.976
NVDA,2016-06-24,down,-5.692,-4.33,-7.35,-6.95,market-wide,False,0,[],market-wide move,SPY/QQQ same-day z,0.583,"[-1.859, 0.201, 1.497]",0,0,-4.5,0.571,1,Hold,False,,-1.071,2.012,4.199,-4.199
NVDA,2016-08-12,up,5.595,4.39,-0.27,0.15,earnings,False,0,[],earnings report,earnings calendar,0.467,"[-1.966, -0.095, 1.445]",0,0,4.28,0.571,1,Hold,False,3.0,-0.095,-2.998,-0.022,-0.022
NVDA,2016-09-09,down,-4.981,-2.9,-8.18,-7.52,market-wide,False,0,[],market-wide move,SPY/QQQ same-day z,0.517,"[-1.53, 0.078, 1.762]",0,0,-3.94,0.571,1,Hold,False,,2.067,1.478,5.998,-5.998
NVDA,2016-10-24,up,4.694,3.82,0.78,2.09,market-wide,False,0,[],market-wide move,SPY/QQQ same-day z,0.517,"[-2.143, 0.082, 1.92]",1,0,2.91,0.143,1,Hold,False,0.0,1.64,-0.042,-2.758,-2.758
NVDA,2016-11-07,up,5.476,3.37,5.09,3.84,market-wide,False,0,[],market-wide move,SPY/QQQ same-day z,0.567,"[-2.323, 0.281, 1.955]",1,0,3.11,0.286,1,Hold,False,0.0,-0.154,-4.911,28.567,28.567
NVDA,2016-11-11,up,29.807,14.08,-0.36,0.05,earnings,False,0,[],earnings report,earnings calendar,0.567,"[-2.017, 0.345, 2.131]",1,0,18.21,0.0,1,Hold,False,0.0,-4.922,4.161,6.457,6.457
NVDA,2016-12-27,up,6.868,2.87,0.53,0.73,idiosyncratic,False,0,[],,,0.583,"[-1.346, 0.338, 2.538]",1,0,4.31,0.286,1,Hold,False,0.0,-6.879,-9.018,-12.121,-12.121
NVDA,2016-12-28,down,-6.879,-2.53,-1.84,-1.1,idiosyncratic,False,0,[],,,0.65,"[-1.356, 0.425, 3.062]",0,0,-4.24,0.0,1,Buy,False,,1.995,-6.627,-1.803,1.803
NVDA,2017-02-13,down,-4.612,-2.56,1.42,1.52,earnings+1,False,0,[],earnings report,earnings calendar,0.683,"[-1.277, 0.621, 2.578]",0,0,-3.48,0.286,1,Hold,False,,0.369,-1.043,-7.163,7.163
NVDA,2017-02-23,down,-9.272,-4.47,0.19,-1.03,idiosyncratic,False,0,[],,,0.617,"[-1.869, 0.671, 3.414]",0,0,-4.82,0.0,1,Hold,False,,0.965,0.985,-2.806,2.806
NVDA,2017-04-04,down,-7.012,-4.89,0.15,0.35,idiosyncratic,False,0,[],,,0.517,"[-1.38, 0.13, 1.704]",0,0,-5.94,0.0,1,Hold,False,,-0.744,-0.447,-5.249,5.249
NVDA,2017-05-10,up,17.826,11.78,0.4,0.12,earnings,False,0,[],earnings report,earnings calendar,0.55,"[-1.769, 0.124, 2.827]",1,0,9.87,0.0,1,Hold,False,0.0,4.296,10.735,12.246,12.246
NVDA,2017-08-10,down,-4.282,-2.9,-7.21,-5.62,market-wide,False,0,[],market-wide move,SPY/QQQ same-day z,0.45,"[-1.957, -0.13, 1.689]",1,0,-2.92,0.714,1,Hold,False,,-5.33,1.36,-3.393,3.393
NVDA,2017-08-11,down,-5.33,-3.03,0.39,1.22,earnings,False,0,[],earnings report,earnings calendar,0.583,"[-2.676, 0.328, 2.311]",0,0,-2.91,0.857,1,Hold,False,,7.976,5.893,4.317,-4.317
NVDA,2017-08-14,up,7.976,3.93,2.75,2.07,earnings+1,False,0,[],earnings report,earnings calendar,0.517,"[-3.675, 0.267, 2.162]",1,0,3.39,0.571,1,Buy,True,,-0.843,-4.115,-1.457,-1.457
NVDA,2017-09-15,up,6.322,4.24,0.24,0.43,idiosyncratic,False,0,[],Evercore ISI (C.J. Muse) raised target to $250 from $180: 'Nvidia is creating THE AI computing industry standard',Fortune 2017-09-15,0.567,"[-1.749, 0.326, 3.288]",1,0,3.05,0.429,1,Hold,False,1.0,4.131,3.181,-4.525,-4.525
NVDA,2017-10-25,down,-2.527,-2.85,-2.11,-0.99,market-wide,False,0,[],market-wide move,SPY/QQQ same-day z,0.533,"[-0.855, 0.118, 1.051]",0,0,-3.56,0.429,1,Hold,False,,1.048,5.257,7.761,-7.761
NVDA,2017-10-27,up,3.153,2.93,3.07,7.85,market-wide,False,0,[],market-wide move,SPY/QQQ same-day z,0.5,"[-1.217, 0.025, 1.279]",1,0,3.21,0.0,1,Hold,False,10.0,0.981,2.645,5.038,5.038
NVDA,2017-11-10,up,5.27,4.02,-0.1,-0.01,earnings,False,0,[],earnings report,earnings calendar,0.633,"[-1.984, 0.373, 2.568]",1,0,2.76,0.857,1,Hold,False,0.0,-1.624,-2.85,-0.042,-0.042
NVDA,2017-11-29,down,-6.782,-4.14,-0.16,-3.61,market-wide,False,0,[],market-wide move,SPY/QQQ same-day z,0.6,"[-1.934, 0.411, 2.978]",0,0,-3.75,0.0,1,Hold,False,,2.184,-4.969,-2.51,2.51
NVDA,2018-01-03,up,6.581,3.28,1.75,1.51,idiosyncratic,False,0,[],,,0.533,"[-2.115, 0.149, 1.768]",1,0,4.25,0.0,1,Hold,False,3.0,0.527,4.485,4.947,4.947
NVDA,2018-02-05,down,-8.487,-5.04,-5.65,-4.78,market-wide,False,0,[],market-wide move,SPY/QQQ same-day z,0.633,"[-2.557, 0.435, 2.437]",0,0,-4.58,0.571,1,Hold,False,,5.559,1.788,12.971,-12.971
NVDA,2018-03-27,down,-7.755,-3.3,-1.4,-2.17,market-wide,False,0,[],market-wide move,SPY/QQQ same-day z,0.65,"[-1.241, 0.344, 2.802]",0,0,-5.14,0.0,1,Buy,False,,-1.849,-1.982,-4.997,4.997
NVDA,2018-06-25,down,-4.714,-3.56,-2.42,-3.72,market-wide,False,0,[],market-wide move,SPY/QQQ same-day z,0.667,"[-2.526, 0.624, 2.607]",0,0,-2.67,0.286,1,Buy,False,,1.2,0.728,1.51,-1.51
NVDA,2018-08-17,down,-4.902,-4.21,0.71,0.03,earnings,False,0,[],earnings report,earnings calendar,0.55,"[-1.784, 0.255, 2.6]",0,0,-3.02,0.714,1,Hold,False,,1.234,7.352,12.074,-12.074
NVDA,2018-09-28,up,5.093,4.28,0.03,-0.03,idiosyncratic,False,0,[],"Evercore ISI (C.J. Muse) raised target to $400 from $300, a Street high, citing AI platform leadership",CNBC 2018-09-28,0.583,"[-1.231, 0.484, 2.692]",1,0,3.01,0.714,1,Buy,True,,2.968,2.032,-5.509,-5.509
NVDA,2018-10-10,down,-7.475,-3.9,-8.23,-5.67,market-wide,False,0,[],market-wide move,SPY/QQQ same-day z,0.6,"[-2.956, 0.807, 2.623]",0,0,-3.81,0.0,1,Buy,False,,-4.298,-4.196,-6.724,6.724
NVDA,2018-10-24,down,-9.794,-2.95,-2.77,-2.92,market-wide,False,0,[],market-wide move,SPY/QQQ same-day z,0.65,"[-4.505, 1.078, 6.023]",0,0,-2.65,0.429,1,Hold,False,,4.227,-6.915,7.778,-7.778
NVDA,2018-11-16,down,-18.756,-4.03,0.2,-0.17,earnings,False,0,[],earnings report,earnings calendar,0.5,"[-3.313, 0.016, 4.714]",0,0,-5.99,0.0,1,Hold,False,,-11.999,-11.993,-2.652,2.652
NVDA,2019-01-28,down,-13.825,-4.42,-0.7,-0.85,idiosyncratic,False,0,[],,,0.45,"[-4.177, -0.329, 3.314]",1,0,-4.62,0.286,1,Hold,False,,-4.645,4.159,10.862,-10.862
NVDA,2019-03-11,up,6.97,4.69,2.85,3.95,market-wide,False,0,[],market-wide move,SPY/QQQ same-day z,0.583,"[-1.724, 0.25, 2.74]",1,0,3.86,0.571,1,Buy,True,,0.856,2.743,8.229,8.229
NVDA,2019-04-26,down,-4.719,-3.39,1.17,0.21,idiosyncratic,False,0,[],,,0.6,"[-2.655, 0.51, 2.599]",0,0,-2.55,0.571,0,Buy,False,,0.696,1.336,-2.796,2.796
NVDA,2019-05-13,down,-6.143,-3.51,-4.38,-4.81,market-wide,False,0,[],market-wide move,SPY/QQQ same-day z,0.583,"[-2.842, 0.473, 2.396]",0,0,-3.24,0.286,1,Hold,False,13.0,2.266,1.098,-3.944,3.944
NVDA,2019-06-04,up,6.892,3.66,2.43,2.29,market-wide,False,0,[],market-wide move,SPY/QQQ same-day z,0.483,"[-2.774, -0.217, 2.329]",0,0,3.57,0.0,-1,Hold,False,,-1.203,1.748,3.678,3.678
NVDA,2019-08-05,down,-6.452,-3.38,-5.63,-4.72,market-wide,False,0,[],market-wide move,SPY/QQQ same-day z,0.583,"[-3.647, 0.346, 2.906]",0,0,-2.66,0.714,1,Buy,False,,1.035,4.954,-0.477,0.477
NVDA,2019-08-16,up,7.253,2.89,1.18,1.1,earnings,False,0,[],earnings report,earnings calendar,0.55,"[-3.409, 0.285, 2.713]",1,0,2.92,0.0,-1,Hold,False,0.0,7.032,7.314,1.404,1.404
NVDA,2019-10-15,up,5.275,2.6,1.19,1.29,idiosyncratic,False,0,[],,,0.483,"[-2.401, -0.075, 2.033]",0,0,3.09,0.714,1,Hold,False,,-1.1,-2.994,0.25,0.25
NVDA,2019-11-25,up,4.894,3.01,2.41,2.67,market-wide,False,0,[],market-wide move,SPY/QQQ same-day z,0.433,"[-3.033, -0.256, 1.783]",0,0,2.74,0.857,1,Hold,False,5.0,-1.903,-1.948,-5.568,-5.568
NVDA,2020-01-13,up,3.135,2.54,1.55,1.98,idiosyncratic,False,0,[],,,0.467,"[-2.104, -0.102, 1.363]",0,0,2.39,0.857,1,Hold,False,9.0,-1.865,-1.21,0.349,0.349
NVDA,2020-01-27,down,-4.104,-3.17,-3.19,-3.09,market-wide,False,0,[],market-wide move,SPY/QQQ same-day z,0.483,"[-2.242, -0.069, 1.311]",1,0,-2.91,0.857,1,Hold,False,,3.235,2.336,4.396,-4.396
NVDA,2020-02-14,up,7.02,3.39,0.19,0.28,earnings,False,0,[],earnings report,earnings calendar,0.583,"[-1.823, 0.123, 1.986]",1,0,4.64,0.286,1,Hold,False,5.0,2.34,6.525,-7.64,-7.64
NVDA,2020-03-16,down,-18.452,-2.98,-2.59,-2.84,market-wide,False,0,[],market-wide move,SPY/QQQ same-day z,0.4,"[-9.058, -1.388, 4.566]",1,0,-3.21,0.714,1,Hold,False,5.0,10.626,8.437,25.061,-25.061
NVDA,2020-06-11,down,-6.091,-2.54,-4.86,-5.38,market-wide,False,0,[],market-wide move,SPY/QQQ same-day z,0.517,"[-2.128, 0.083, 3.436]",0,0,-2.84,0.571,1,Hold,False,,1.549,3.095,8.305,-8.305
NVDA,2020-08-12,up,5.44,2.92,2.15,1.88,market-wide,False,0,[],market-wide move,SPY/QQQ same-day z,0.6,"[-3.746, 0.474, 2.442]",1,0,2.06,0.0,1,Buy,True,,0.024,7.839,10.867,10.867
NVDA,2020-08-17,up,6.685,3.16,0.47,0.81,idiosyncratic,False,0,[],,,0.517,"[-2.293, 0.026, 3.243]",1,0,3.08,0.286,1,Hold,False,13.0,-0.618,-1.589,3.534,3.534
NVDA,2020-09-03,down,-9.278,-3.74,-5.95,-4.78,market-wide,False,0,[],market-wide move,SPY/QQQ same-day z,0.5,"[-2.693, 0.085, 3.044]",0,0,-4.18,0.0,1,Hold,False,,-3.019,-2.309,-0.188,0.188
NVDA,2020-10-28,down,-5.746,-2.76,-3.31,-2.74,market-wide,False,0,[],market-wide move,SPY/QQQ same-day z,0.483,"[-2.213, -0.019, 2.959]",1,0,-2.84,0.429,1,Buy,False,,3.144,-0.366,15.324,-15.324
NVDA,2020-11-04,up,5.951,2.5,1.75,2.83,market-wide,False,0,[],market-wide move,SPY/QQQ same-day z,0.483,"[-3.618, -0.022, 3.373]",0,0,2.19,0.571,1,Buy,True,,2.651,-1.185,-3.605,-3.605
NVDA,2021-01-06,down,-5.895,-4.53,1.0,-1.77,idiosyncratic,False,0,[],,,0.55,"[-0.845, 0.223, 2.009]",0,0,-5.5,0.857,1,Buy,False,,5.783,7.983,1.942,-1.942
NVDA,2021-01-07,up,5.783,3.19,2.45,2.87,market-wide,False,0,[],market-wide move,SPY/QQQ same-day z,0.633,"[-2.315, 0.436, 2.893]",1,0,2.63,0.571,1,Buy,True,,-0.504,1.055,-2.389,-2.389
NVDA,2021-02-08,up,6.238,3.24,0.7,0.5,idiosyncratic,False,0,[],,,0.567,"[-3.032, 0.276, 2.383]",1,0,2.82,0.143,1,Hold,False,0.0,-1.215,5.624,2.703,2.703
NVDA,2021-02-25,down,-8.218,-3.24,-2.44,-2.74,earnings,False,0,[],earnings report,earnings calendar,0.5,"[-1.931, 0.04, 3.491]",0,0,-3.9,0.143,1,Buy,False,,3.058,0.742,-12.882,12.882
NVDA,2021-04-12,up,5.618,2.71,0.05,-0.11,idiosyncratic,False,0,[],,,0.55,"[-1.779, 0.039, 3.632]",1,0,2.64,0.286,1,Hold,False,5.0,3.094,6.103,0.996,0.996
NVDA,2021-06-17,up,4.756,2.57,-0.08,1.61,idiosyncratic,False,0,[],,,0.517,"[-1.663, 0.012, 2.116]",1,0,3.22,0.429,1,Hold,False,12.0,-0.099,1.23,7.117,7.117
NVDA,2021-06-28,up,5.013,2.73,0.36,1.76,idiosyncratic,False,0,[],,,0.483,"[-1.297, -0.152, 2.101]",0,0,3.9,0.143,1,Hold,False,5.0,0.209,1.136,-0.412,-0.412
NVDA,2021-08-19,up,3.981,2.87,0.31,0.83,earnings,False,0,[],earnings report,earnings calendar,0.633,"[-1.877, 0.413, 2.355]",1,0,2.16,0.0,1,Buy,True,,5.142,10.077,14.597,14.597
NVDA,2021-08-20,up,5.142,3.15,1.6,1.81,earnings+1,False,0,[],earnings report,earnings calendar,0.5,"[-1.954, 0.103, 2.527]",1,0,2.88,0.0,1,Hold,False,0.0,5.486,6.711,7.556,7.556
NVDA,2021-08-23,up,5.486,2.78,1.84,2.68,market-wide,False,0,[],market-wide move,SPY/QQQ same-day z,0.55,"[-1.546, 0.111, 3.114]",1,0,2.96,0.286,1,Buy,True,,-0.751,0.501,2.218,2.218
NVDA,2021-09-28,down,-4.437,-2.75,-3.09,-3.84,market-wide,False,0,[],market-wide move,SPY/QQQ same-day z,0.55,"[-2.505, 0.264, 3.068]",0,0,-2.16,0.0,1,Buy,False,,-0.879,0.208,1.817,-1.817
NVDA,2021-10-04,down,-4.869,-2.61,-1.51,-2.29,market-wide,False,0,[],market-wide move,SPY/QQQ same-day z,0.633,"[-2.84, 0.592, 3.529]",0,0,-2.2,0.857,1,Buy,False,,3.644,6.806,6.117,-6.117
NVDA,2021-10-26,up,6.695,3.1,0.1,0.28,idiosyncratic,False,0,[],,,0.567,"[-1.309, 0.289, 3.324]",1,0,3.54,0.143,1,Hold,False,,-1.076,3.439,20.569,20.569
NVDA,2021-11-04,up,12.042,6.61,0.89,1.91,idiosyncratic,False,0,[],Wells Fargo (Aaron Rakers) raised target to $320 from $245 ahead of Omniverse Enterprise general availability at GTC,Investing.com 'Bull of the Day'; TheStreet 2021-11,0.6,"[-2.022, 0.195, 2.199]",1,0,7.19,0.0,1,Hold,False,,-0.164,2.872,0.752,0.752
NVDA,2022-01-31,up,7.207,2.51,1.72,2.07,market-wide,False,0,[],market-wide move,SPY/QQQ same-day z,0.533,"[-4.351, 0.359, 3.587]",1,0,2.21,0.571,1,Hold,False,1.0,0.621,-2.197,9.062,9.062
NVDA,2022-08-26,down,-9.228,-2.91,-3.29,-2.88,earnings+1,False,0,[],earnings report,earnings calendar,0.55,"[-3.48, 0.399, 4.284]",0,0,-3.18,0.0,1,Buy,False,,-2.823,-7.171,-15.633,15.633
NVDA,2022-09-13,down,-9.473,-2.76,-3.51,-3.59,market-wide,False,0,[],market-wide move,SPY/QQQ same-day z,0.567,"[-5.205, 0.731, 4.817]",0,0,-2.61,0.571,0,Hold,False,,-0.023,0.51,-4.341,4.341
NVDA,2022-10-07,down,-8.027,-2.51,-1.61,-1.93,idiosyncratic,False,0,[],,,0.567,"[-4.456, 0.475, 3.423]",0,0,-2.77,0.143,0,Hold,False,,-3.362,-4.77,-0.903,0.903
NVDA,2022-11-10,up,14.329,4.28,3.4,3.63,market-wide,False,0,[],market-wide move,SPY/QQQ same-day z,0.567,"[-4.312, 0.337, 5.85]",1,0,3.53,0.143,1,Buy,True,,3.663,5.816,-2.749,-2.749
NVDA,2023-02-23,up,14.021,4.05,0.52,0.53,earnings,False,0,[],earnings report,earnings calendar,0.55,"[-4.937, 0.358, 4.578]",1,0,3.68,0.0,1,Hold,False,5.0,-1.597,-1.893,-0.465,-0.465
NVDA,2023-05-25,up,24.37,11.23,0.99,2.38,earnings,False,0,[],earnings report,earnings calendar,0.55,"[-2.119, 0.304, 3.036]",1,0,11.96,0.0,1,Hold,False,,2.543,-0.384,1.775,1.775
NVDA,2023-08-02,down,-4.812,-2.52,-2.78,-2.47,market-wide,False,0,[],market-wide move,SPY/QQQ same-day z,0.483,"[-1.932, -0.175, 3.039]",1,0,-2.39,0.286,1,Hold,False,,0.556,2.593,-7.712,7.712
NVDA,2023-08-14,up,7.093,3.19,0.96,1.16,idiosyncratic,False,0,[],,,0.617,"[-3.747, 0.448, 4.015]",1,0,2.19,0.429,1,Hold,False,1.0,0.427,-0.935,7.686,7.686
NVDA,2023-08-21,up,8.471,3.36,1.06,1.81,idiosyncratic,False,0,[],,,0.433,"[-2.963, -0.216, 3.884]",0,0,3.25,0.429,1,Buy,True,,-2.766,0.417,4.891,4.891
NVDA,2024-01-08,up,6.428,3.97,2.32,2.48,market-wide,False,0,[],market-wide move,SPY/QQQ same-day z,0.567,"[-2.688, 0.295, 2.571]",1,0,2.99,0.0,1,Hold,False,2.0,1.698,4.916,9.289,9.289
NVDA,2024-02-02,up,4.971,2.68,1.5,1.82,idiosyncratic,True,4,"['25d40f1edb3d91988069efcc3cda941368dcd43b4769466d33268531821d9f21', '35014b38c2186431238bb964e987a48e6b47fb01c94fb1a598dd82211122ca13', 'ec8351ffedee4a403960d2b145df5e9d21ae2fadce75fb579a82db823e765c46', 'a9e55e0ffe7022353b4cb25425b32f25d7b605866ad83fcd8df646155bc4c381']",ticker-tagged archive match; causal attribution unverified,licensed archive metadata (text not redistributed),0.6,"[-1.309, 0.372, 2.348]",1,0,3.22,0.0,1,Buy,True,,4.794,5.954,9.021,9.021
NVDA,2024-02-22,up,16.401,6.64,2.78,3.11,earnings,True,6,"['b55b32c7ac5767969d981db9ef156af615c2d1cc28194ca4effaac6ef0f73b10', '14c2de1d79aa6b890fcc4eedae72e8740f44eb1b7af7293a2989ed10532b626c', '6ddc456962dd4c583ca14da34217960c8a305458b8a06daead80d89eca5528b8', '28d612b0ba34e3eb342a515e0f5db80dc9b58450e781623c2a86a5611c734aa9', 'd4019464067a652abb674db0126abeb8b787d73956d397ae3c629026805c7231', 'e5af47b895e28a2032920806a7b3f0ab7b73da2da7665e9e01024deb31d0836d']",earnings-window archive match,earnings calendar; licensed archive metadata (text not redistributed),0.567,"[-3.334, 0.426, 3.333]",1,0,6.14,0.0,1,Hold,False,,0.355,0.208,8.53,8.53
NVDA,2024-04-19,down,-10.005,-4.49,-1.33,-2.42,market-wide,True,3,"['2daaf5d958e26896fcfdbdbcca850acd13c1e4fad74ad1f797a83dad4ec33a3f', '6e3ebb90f34694d358d89f3c513b23928e09594ce07cb3b4ebd414bf1d5e77a7', 'd017cbcd8f9aec4ab1a5d352537c8aab370b844f7e6376ade5947606b7ab1afb']",market-wide move,licensed archive metadata (text not redistributed),0.567,"[-3.171, 0.378, 3.241]",0,0,-4.15,0.571,1,Buy,False,,4.354,4.563,13.388,-13.388
NVDA,2024-05-23,up,9.32,3.75,-1.12,-0.52,earnings,True,8,"['9fdfe60a53c5920f08677054d82a01c166d8dc5927952f862e6d458f2cecd0e6', '7b6e630d8ae85bfe4fe6d773bb03d17dc96f3665c06270317650cde5ddfc1b9a', 'd71ac8da6de29088567e5c4b09bd2896bc270dac959090fbf198f0b22e8b7c13', 'f6a0d80882ba972d156484e099917ff259bcc6fc0350a7d89aef4f754f38a435', '842f7edc62b9917ceca5b61755c0abb9761daa4ddc4c40f183f39e873418a286', 'b871292729bf535d947fbbd083ca1b276a605c7f798f6a023b321588ffc50ea3']",earnings-window archive match,earnings calendar; licensed archive metadata (text not redistributed),0.533,"[-2.534, 0.129, 3.116]",1,0,4.17,0.0,1,Hold,False,1.0,2.572,10.622,12.175,12.175
NVDA,2024-07-31,up,12.812,3.65,1.91,2.17,market-wide,True,5,"['95718ea044ce21d8e636a86daedaa00ce52194d4925012b7802487ceea50113c', 'c30618c1f2b174031d3a52f2cced5f13f1f90804f8756d5be2edbf9c02689c2d', '2dd9371640e2afa6ee4a2420ebd8f8a6afdd867e66e26af1fc2713909313aec8', '979f6b82f6c5dc8cebc9c39e091b3910ee968344d6311f95f0d4fb398c2b1189', '81723d4787f89d36ca8e3dddaf5f3eb36440a2ead9f26b04178b54d543eab8fb']",market-wide move,licensed archive metadata (text not redistributed),0.5,"[-4.23, 0.261, 5.08]",1,0,3.46,0.857,1,Hold,False,,-6.674,-14.16,-10.485,-10.485
NVDA,2025-01-07,down,-6.217,-2.6,-1.19,-1.39,idiosyncratic,True,4,"['1ee9f0777438cc0f25244174dec6ecde1d7e651f528ad150635fa61a997efa0f', '56dccc91dff2f3109e52261e9c047abb770e6096609a45ffe3240021b4e4723b', 'cc14d5383cb401dc4fc4b508c171add438989cdcecae9705f1964d8c7bef9f25', 'de0384abaabce74317327303792dc65d3f537b3a07474a4ffc0607f2bbbafc70']",ticker-tagged archive match; causal attribution unverified,licensed archive metadata (text not redistributed),0.55,"[-2.986, 0.337, 3.169]",0,0,-2.73,0.0,1,Buy,False,,-0.021,-4.931,-1.734,1.734
NVDA,2025-01-27,down,-16.968,-5.95,-1.63,-2.52,market-wide,True,3,"['0f85a6855d677b7c181eb42e2ae7c5ac49881d9a0a673fdcb56231a7d0427e31', 'b0824ac9bde38b66e6aa8ce9dce90cbdfae25dec611361bf7974eeed087c7af8', 'c679ba43053be03c3827686d6151e2f0a0c31b5bdc0605afc5ddb18502c699b7']",market-wide move,licensed archive metadata (text not redistributed),0.417,"[-3.412, -0.318, 2.732]",1,0,-6.95,0.0,1,Hold,False,,8.926,5.261,5.413,-5.413
NVDA,2025-02-27,down,-8.478,-3.06,-2.52,-3.13,earnings,True,5,"['c17ed296cea981215267bed89bda923fb974a641df8812fd745b5e02d3659901', '503d4d4a32301f5625c7849db0d5e44c46537090e2c9a93505e16a9f13bf371a', '0ba59073a575e742bf02bda8d878af1b7063d169cefc4deab319aaee4c12c104', '8fdcc161b8648ebba5637024d4e8aae5521db5d0b28a694039a8c34dc9dd3260', '3471c240cecf9fcd1ccde6ef8783b77f2533bd0877f1f77ede0ca0c59cba695e']",earnings-window archive match,earnings calendar; licensed archive metadata (text not redistributed),0.5,"[-3.901, -0.129, 4.716]",0,0,-2.48,0.143,1,Hold,False,,3.97,-3.462,-10.961,10.961
NVDA,2025-03-03,down,-8.694,-2.6,-2.21,-1.94,market-wide,True,3,"['61115857f9d899695ae1d261f67d49e068f5fec778c0d032e0452d91aedc259f', 'fa9df55123862e073094732e493d405ee2df60aabbd9cfd7cc86f530a65cf964', '7cc6f3d304c0925e141186caa67e1842c4bf0d669dfd99e521872ccee0e27e25']",market-wide move,licensed archive metadata (text not redistributed),0.483,"[-6.824, -0.741, 4.268]",1,0,-1.84,0.429,0,Hold,False,,1.692,-3.06,1.482,-1.482
NVDA,2025-04-09,up,18.723,5.13,5.44,5.47,market-wide,True,4,"['0ec3377fa57d660205b787b14cba29088e1b520fb4fd254ff3d82212f893a360', 'a2c326724f36a4630c0ae08dea84c742cdf8701a57bed57a7526991e8b3fb671', '836d9b365834636201c023d1ea4273c11aa23f08cd2e774802cfef78225b56d7', '7fd7f2b3aac695e3eb86db33774cbb256da7cef013e1f9d9ecb83d95cb951720']",market-wide move,licensed archive metadata (text not redistributed),0.6,"[-4.472, 0.803, 4.827]",1,0,4.94,0.286,1,Hold,False,,-5.913,-3.166,-15.237,-15.237
NVDA,2025-06-25,up,4.334,2.55,0.07,0.29,idiosyncratic,True,2,"['ddbfa5ab8ecc0ed31912ebd67c1ce1cb7b92491b7ed43044abcf765c269fa601', '42f55c3ada6866bd1e7965e44c14b6af22be91417ab7ffb8beb9b270cafa6757']",ticker-tagged archive match; causal attribution unverified,licensed archive metadata (text not redistributed),0.567,"[-2.114, 0.362, 3.141]",1,0,1.94,0.429,1,Hold,False,1.0,0.46,2.385,2.547,2.547
NVDA,2025-09-10,up,3.848,2.59,0.5,0.04,idiosyncratic,True,0,[],,,0.6,"[-2.562, 0.731, 2.697]",1,0,1.52,0.714,1,Hold,False,4.0,-0.085,0.242,-0.367,-0.367
NVDA,2025-10-10,down,-4.887,-2.73,-7.32,-6.63,market-wide,True,1,['8f01ff27e14439d1c47bfd76671a42e0e28696ead064e4cebb724df447c47726'],market-wide move,licensed archive metadata (text not redistributed),0.5,"[-2.572, 0.105, 2.776]",0,0,-2.39,0.429,1,Hold,False,,2.817,-1.818,-1.092,1.092
NVDA,2026-01-20,down,-4.382,-2.95,-4.54,-3.22,market-wide,True,2,"['85a0c36004d074a0e4f5e383b32974df381db92ba3d365f08ed81e19729ed224', 'aee8342d597b323053896aa44d554f05025d3e31a7e313057d34aa5b2e53bc92']",market-wide move,licensed archive metadata (text not redistributed),0.617,"[-2.345, 0.455, 2.073]",0,0,-2.81,0.857,1,Buy,False,,2.948,5.391,8.109,-8.109
NVDA,2026-02-06,up,7.872,4.12,2.75,2.14,market-wide,True,3,"['914727caa9fd8366238533e783b36f4e79e76d0bd83f6236d02bb79917a45d73', '1f91436425b2bd091ed0621254b9e388ec88dc481cc8bc4fd7c0f9376b772732', '2cc28041e10662d695b72aa3e2c44f223a42b315e2f92851838e85f198eb10a6']",market-wide move,licensed archive metadata (text not redistributed),0.633,"[-2.898, 0.986, 2.979]",1,0,3.0,0.286,1,Buy,True,,2.497,2.503,1.386,1.386
NVDA,2026-03-31,up,5.588,2.99,3.2,2.93,market-wide,True,3,"['25321037eb968462d383e5a793012706da97fb83dbd86bdbafab2564fa643a69', 'cd66d3ee96e680e5a76bf687b5ba23e8e2fa1199834ce234544376340d0965dc', '5fd3596b54644bd09d9e9e813fd067d06d284892aa4e9f6080b613996b1bf14d']",market-wide move,licensed archive metadata (text not redistributed),0.583,"[-2.887, 0.898, 2.911]",1,0,2.07,0.429,1,Buy,True,,0.774,1.858,8.159,8.159
NVDA,2026-04-30,down,-4.626,-2.64,1.37,0.97,idiosyncratic,True,3,"['dc77d6832fdcde5e130619490ceb4f1f3f441bbe6fada00edc318e26311d2dac', 'db78af664492bc46d11d44dfa7e64688e5f632b417325cf1589db1fc64af6d19', '8b12ebafd004c75f2480b35e8b524a3ec2eccf012956f9b5f03b4e1744d560d7']",ticker-tagged archive match; causal attribution unverified,licensed archive metadata (text not redistributed),0.583,"[-1.804, 0.606, 2.609]",0,0,-3.04,0.429,1,Buy,False,,-0.561,-1.538,9.956,-9.956
NVDA,2026-05-06,up,5.766,2.65,1.85,2.16,market-wide,True,2,"['34ff200597fb8246ea6526ab785df0c712621e18fe3d00809c65a909fbf3172f', '31cff8c5410f61a38559fde9c167cccce3ba6c3ddc94978c3e3ab1a01c4cbd82']",market-wide move,licensed archive metadata (text not redistributed),0.617,"[-2.266, 0.584, 3.035]",1,0,2.51,0.0,1,Hold,False,,1.766,5.586,8.416,8.416
NVDA,2026-06-01,up,6.261,2.78,0.45,0.61,idiosyncratic,True,5,"['baa33e5e812c050f322efc479fd578bf16c87b8fe2380488d3a4e4e72e3dd5a1', '746303a0c641628478df424e6ae127b47616405105afaf505f47b3a035588900', 'c2ba00720020eb6ae56bf8fd5a26ad1804caaf53c8b523ad6a958e1228eea1b0', '96fd180ce491db71d8d60d43116d6154f814bd75c251d09bf9f6651197ddc6eb', 'a709022d5bfddb15ee9f8c5e615264ec509d5e0cdc40ee808fd746a9b9fc4bdb']",ticker-tagged archive match; causal attribution unverified,licensed archive metadata (text not redistributed),0.55,"[-2.782, 0.334, 3.228]",1,0,2.53,0.714,1,Hold,False,6.0,-0.686,-2.427,-10.566,-10.566
NVDA,2026-08-27,up,8.738,4.28,0.91,1.07,earnings,True,6,"['2f7c533a96596996f18275f22b6746c69002c96a25d6c5a7f810b71cb1a0f096', 'eb8431b56946a345d84a30e0ed5bffb2bd93a7ecf7eac9ee36b99a91ec8f0656', '0a343b996651e21892b7f9dbec7d9177766fc11ce338e573351e5c14067eaed9', '14c62069c9c442b0af13be7500b81bf4f224e94e075edeeb54425d110d882eb4', '73beb345dd307874951d0678c10f89f5811bab6a7cb661de8075cb25b9afff98', 'e0e519b80d82baafb95ac85f132db9bde6bcd9f3febfd29849d4ac690c23ddff']",earnings-window archive match,earnings calendar; licensed archive metadata (text not redistributed),0.55,"[-2.535, 0.268, 3.214]",1,0,3.78,0.8,1,Buy,True,,-4.575,-4.623,,
TSLA,2010-12-27,down,-15.088,-4.28,0.06,0.08,idiosyncratic,False,0,[],,,0.55,"[-3.602, 0.894, 4.826]",0,0,-4.86,0.0,0,Hold,False,,3.366,3.718,5.01,-5.01
TSLA,2011-02-16,up,8.275,2.63,0.96,0.71,earnings,False,0,[],earnings report,earnings calendar,0.533,"[-3.719, 0.129, 4.296]",1,0,2.61,0.857,1,Hold,False,,-4.569,-11.565,-3.397,-3.397
TSLA,2011-03-31,up,17.039,10.19,-0.13,0.12,idiosyncratic,False,0,[],"Morgan Stanley (Adam Jonas) upgraded Tesla to Overweight with a $70 target, calling it 'America's fourth automaker'",Morgan Stanley note 31 Mar 2011; confirmed via contemporaneous coverage (web check 2026-09-04),0.5,"[-1.973, 0.024, 2.307]",1,0,10.19,0.143,0,Hold,False,,-3.928,-3.784,-8.937,-8.937
TSLA,2011-05-19,up,7.021,3.17,0.36,0.35,idiosyncratic,False,0,[],,,0.517,"[-2.45, 0.091, 3.471]",1,0,3.0,0.714,1,Hold,False,,-0.816,-5.248,6.879,6.879
TSLA,2011-05-25,up,8.458,3.19,0.53,0.54,idiosyncratic,False,0,[],,,0.467,"[-3.976, -0.467, 4.15]",0,0,2.82,0.571,1,Hold,False,,1.725,4.003,-0.966,-0.966
TSLA,2011-08-02,down,-4.97,-2.55,-2.87,-2.32,market-wide,False,0,[],market-wide move,SPY/QQQ same-day z,0.5,"[-2.736, 0.018, 3.057]",0,0,-2.21,0.0,1,Hold,False,,-0.512,-11.339,-7.462,7.462
TSLA,2011-08-04,down,-9.007,-4.05,-4.5,-3.77,earnings,False,0,[],earnings report,earnings calendar,0.5,"[-2.379, 0.021, 3.341]",0,0,-4.05,0.143,1,Hold,False,,-2.061,1.253,5.98,-5.98
TSLA,2011-10-05,up,7.227,2.65,0.97,1.5,idiosyncratic,False,0,[],,,0.45,"[-2.921, -0.085, 3.102]",0,0,3.11,0.0,1,Hold,False,,6.267,9.894,10.564,10.564
TSLA,2011-11-03,up,13.062,5.61,1.03,1.26,earnings,False,0,[],earnings report,earnings calendar,0.5,"[-3.417, 0.022, 3.224]",1,0,5.03,0.0,1,Sell,False,,-0.462,-1.91,2.341,2.341
TSLA,2011-12-08,down,-9.652,-3.43,-1.27,-0.94,idiosyncratic,False,0,[],,,0.483,"[-3.339, -0.375, 3.136]",1,0,-3.67,0.0,1,Hold,False,12.0,0.486,-4.662,-10.165,10.165
TSLA,2012-01-13,down,-19.327,-13.37,-0.54,-0.34,idiosyncratic,False,0,[],,,0.533,"[-2.233, 0.067, 2.762]",0,0,-9.95,0.143,1,Hold,False,,16.718,17.42,22.729,-22.729
TSLA,2012-01-17,up,16.718,3.81,0.42,0.93,idiosyncratic,False,0,[],Rebound after the 13 Jan record 19% plunge on two Model S engineering departures; Tesla held an analyst/media call with senior staff before the open,Bloomberg/Forbes 2012-01-13 (plunge); AOL DailyFinance 2012-01-17 'Tesla Motors' Big Crisis: Overblown?',0.417,"[-4.402, -0.231, 4.567]",0,0,4.84,0.0,-1,Buy,True,,0.789,0.0,8.797,8.797
TSLA,2012-03-26,up,9.742,5.27,2.12,2.61,market-wide,False,0,[],market-wide move,SPY/QQQ same-day z,0.517,"[-2.193, 0.03, 2.778]",1,0,5.01,0.286,1,Hold,False,,1.444,-0.187,-6.417,-6.417
TSLA,2012-04-04,down,-7.919,-2.81,-1.57,-2.15,market-wide,False,0,[],market-wide move,SPY/QQQ same-day z,0.45,"[-4.149, -0.489, 4.141]",1,0,-2.3,0.0,1,Sell,True,,-1.486,-7.257,-7.857,7.857
TSLA,2012-05-08,down,-7.022,-3.32,-0.44,-0.31,idiosyncratic,False,0,[],,,0.567,"[-2.645, 0.371, 3.244]",0,0,-3.22,0.286,1,Hold,False,6.0,-0.431,6.823,-5.366,5.366
TSLA,2012-05-10,up,9.647,3.83,0.25,-0.17,earnings,False,0,[],earnings report,earnings calendar,0.567,"[-2.523, 0.44, 5.397]",1,0,2.98,0.571,1,Hold,False,,-2.154,-10.71,-12.712,-12.712
TSLA,2012-09-10,down,-6.746,-2.63,-1.0,-1.93,idiosyncratic,False,0,[],,,0.483,"[-3.96, -0.076, 3.595]",1,0,-2.26,0.714,1,Sell,True,,1.571,7.709,13.445,-13.445
TSLA,2012-09-17,up,7.075,2.59,-0.52,0.06,idiosyncratic,False,0,[],,,0.5,"[-3.826, 0.009, 3.607]",1,0,2.44,0.857,0,Hold,False,4.0,-3.688,-5.04,-15.366,-15.366
TSLA,2012-09-25,down,-9.785,-3.19,-1.72,-1.9,idiosyncratic,False,0,[],,,0.483,"[-2.965, 0.0, 3.06]",1,0,-4.16,0.571,0,Hold,False,,-0.434,5.857,6.291,-6.291
TSLA,2012-11-05,up,8.921,4.34,0.28,0.72,earnings,False,0,[],earnings report,earnings calendar,0.383,"[-3.43, -0.585, 3.27]",0,0,3.64,0.857,0,Hold,False,,-1.111,-0.603,-0.381,-0.381
TSLA,2012-12-13,down,-4.68,-2.85,-0.9,-0.94,idiosyncratic,False,0,[],,,0.367,"[-2.436, -0.392, 1.842]",1,0,-2.57,0.714,1,Sell,True,,0.595,2.916,1.993,-1.993
TSLA,2013-01-02,up,4.399,2.66,3.6,3.44,market-wide,False,0,[],market-wide move,SPY/QQQ same-day z,0.583,"[-2.569, 0.383, 3.151]",1,0,1.8,0.857,1,Hold,False,,-1.669,-2.885,-6.929,-6.929
TSLA,2013-02-19,up,6.048,3.54,1.59,0.98,idiosyncratic,False,0,[],,,0.483,"[-1.607, -0.067, 2.153]",0,0,4.17,0.429,1,Hold,False,,-1.884,-8.07,-11.329,-11.329
TSLA,2013-02-21,down,-8.77,-4.07,-1.07,-1.29,earnings,False,0,[],earnings report,earnings calendar,0.433,"[-2.495, -0.179, 2.724]",1,0,-4.22,0.0,1,Hold,False,5.0,2.702,-2.076,1.195,-1.195
TSLA,2013-04-01,up,15.941,7.47,-0.85,-1.25,idiosyncratic,False,0,[],"Tesla announced it expected its first-ever quarterly profit for Q1 2013; Model S sales beat the 4,500 target",CNN Money 2013-04-01 'Tesla expects its first-ever profit',0.45,"[-3.16, -0.194, 2.829]",0,0,6.91,0.143,1,Hold,False,,0.933,-4.371,-4.712,-4.712
TSLA,2013-05-06,up,9.074,3.38,0.28,0.36,idiosyncratic,False,0,[],,,0.45,"[-2.789, -0.351, 3.148]",0,0,4.07,0.286,1,Hold,False,8.0,-6.706,16.639,42.588,42.588
TSLA,2013-05-09,up,24.395,6.98,-0.32,-0.14,earnings,False,0,[],earnings report,earnings calendar,0.517,"[-3.081, 0.37, 4.466]",1,0,8.16,0.0,1,Hold,False,5.0,10.605,19.942,29.597,29.597
TSLA,2013-07-01,up,9.147,3.23,0.55,0.63,idiosyncratic,False,0,[],,,0.433,"[-3.67, -0.375, 3.045]",0,0,3.63,0.143,1,Sell,False,13.0,0.546,2.483,7.194,7.194
TSLA,2013-07-16,down,-14.309,-5.13,-0.41,-0.15,idiosyncratic,False,0,[],,,0.483,"[-2.672, -0.14, 3.771]",1,0,-5.64,0.429,1,Hold,False,,10.271,9.748,13.773,-13.773
TSLA,2013-08-08,up,14.341,3.05,0.78,0.78,earnings,False,0,[],earnings report,earnings calendar,0.517,"[-5.562, 0.512, 3.647]",1,0,3.85,0.571,1,Hold,False,1.0,-0.313,-5.245,-5.59,-5.59
TSLA,2013-09-19,up,7.039,3.38,-0.27,0.33,idiosyncratic,False,0,[],,,0.517,"[-3.366, 0.05, 2.767]",1,0,2.92,0.0,1,Hold,False,,3.074,2.479,8.684,8.684
TSLA,2013-10-02,down,-6.244,-2.86,-0.18,-0.07,idiosyncratic,False,0,[],,,0.45,"[-3.072, -0.13, 3.189]",1,0,-2.5,0.0,1,Hold,False,,-4.222,1.172,-1.243,1.243
TSLA,2013-11-04,up,8.035,2.8,0.47,0.17,idiosyncratic,False,0,[],,,0.517,"[-3.172, 0.136, 3.158]",1,0,3.2,0.0,1,Hold,False,3.0,0.919,-20.223,-20.833,-20.833
TSLA,2013-11-06,down,-14.507,-4.44,0.79,-0.04,earnings,False,0,[],earnings report,earnings calendar,0.517,"[-5.323, 0.147, 3.648]",0,0,-4.19,0.0,1,Hold,False,,-7.535,-4.274,-10.393,10.393
TSLA,2013-12-03,up,16.534,3.22,-0.79,-0.11,idiosyncratic,False,0,[],,,0.417,"[-6.265, -0.373, 3.99]",0,0,4.23,0.0,1,Hold,False,5.0,-3.974,-5.073,1.914,1.914
TSLA,2014-01-14,up,15.738,6.27,1.78,2.84,market-wide,False,0,[],"Q4 2013 Model S deliveries of 6,900, ~20% above guidance",TechCrunch 2014-01-14; Bloomberg 2014-01-14,0.433,"[-2.845, -0.216, 2.823]",0,0,7.21,0.0,1,Hold,False,8.0,1.773,5.419,8.266,8.266
TSLA,2014-02-20,up,8.433,2.85,0.6,0.44,earnings,False,0,[],earnings report,earnings calendar,0.4,"[-4.722, -0.663, 3.331]",0,0,2.9,0.0,1,Hold,False,6.0,-0.176,18.112,19.331,19.331
TSLA,2014-02-25,up,13.944,4.19,-0.04,-0.11,idiosyncratic,False,0,[],Morgan Stanley more than doubled its target to $320 from $153 (Tesla may disrupt autos and utilities),Forbes 2014-02-25; Proactive Investors 2014-02-25,0.383,"[-3.165, -0.361, 3.905]",0,0,5.19,0.0,1,Hold,False,3.0,2.016,-1.286,1.992,1.992
TSLA,2014-04-02,up,6.139,2.68,0.61,0.31,idiosyncratic,False,0,[],,,0.517,"[-3.715, 0.083, 3.204]",1,0,2.24,0.857,1,Hold,False,,-2.123,-9.888,-11.512,-11.512
TSLA,2014-05-08,down,-11.304,-3.53,-0.14,-0.08,idiosyncratic,False,0,[],,,0.367,"[-3.913, -0.563, 3.227]",1,0,-3.86,0.571,1,Hold,False,6.0,2.055,6.479,9.799,-9.799
TSLA,2014-06-16,up,8.812,6.61,0.21,0.17,idiosyncratic,False,0,[],"Reports of BMW and Nissan joining talks on charging standards, four days after Tesla opened its patents",Green Car Reports 2014-06-16; Benzinga 'Why Tesla Is Up Over 8%'; Forbes 2014-06-16,0.533,"[-1.643, 0.136, 2.011]",1,0,6.09,0.0,1,Hold,False,,3.143,1.416,5.467,5.467
TSLA,2014-08-01,up,4.465,2.57,-0.47,-0.45,earnings,False,0,[],earnings report,earnings calendar,0.533,"[-1.796, 0.042, 2.128]",1,0,2.89,0.286,1,Hold,False,,2.251,6.713,11.442,11.442
TSLA,2014-09-02,up,5.347,3.3,-0.11,0.69,idiosyncratic,False,0,[],,,0.517,"[-1.674, 0.181, 2.408]",1,0,3.24,0.571,1,Hold,False,6.0,-1.031,-2.369,-1.341,-1.341
TSLA,2014-09-15,down,-9.076,-5.28,-0.21,-2.3,market-wide,False,0,[],market-wide move,SPY/QQQ same-day z,0.533,"[-1.828, 0.327, 2.592]",0,0,-5.45,0.0,1,Hold,False,,2.71,3.923,-0.678,0.678
TSLA,2014-10-10,down,-7.821,-2.96,-1.2,-2.39,market-wide,False,0,[],market-wide move,SPY/QQQ same-day z,0.45,"[-3.52, -0.139, 2.167]",1,0,-3.46,0.0,1,Hold,False,,-5.2,-3.043,-0.663,0.663
TSLA,2014-10-28,up,9.519,3.3,1.01,1.13,idiosyncratic,False,0,[],,,0.4,"[-3.376, -0.395, 3.002]",0,0,3.98,0.286,0,Hold,False,,-1.924,-0.441,-0.638,-0.638
TSLA,2014-12-18,up,6.044,2.8,3.15,2.83,market-wide,False,0,[],market-wide move,SPY/QQQ same-day z,0.533,"[-3.152, 0.269, 3.967]",1,0,2.08,0.0,1,Hold,False,,0.472,1.242,1.819,1.819
TSLA,2015-04-06,up,6.335,2.96,0.75,0.89,idiosyncratic,False,0,[],,,0.433,"[-3.013, -0.227, 2.595]",0,0,3.0,0.0,1,Hold,False,,0.074,3.442,2.329,2.329
TSLA,2015-04-27,up,6.007,2.87,-0.75,-0.34,idiosyncratic,False,0,[],,,0.467,"[-2.462, -0.188, 2.57]",0,0,3.16,0.571,0,Hold,False,,-0.462,-2.375,-0.484,-0.484
TSLA,2015-06-08,up,2.87,2.99,-1.06,-1.46,idiosyncratic,False,0,[],,,0.6,"[-1.022, 0.264, 1.374]",1,0,2.79,0.714,1,Hold,False,,-0.113,-1.904,1.608,1.608
TSLA,2015-06-17,up,2.88,2.69,0.29,0.4,idiosyncratic,False,0,[],,,0.533,"[-1.234, 0.06, 1.379]",1,0,2.77,0.571,1,Hold,False,,0.568,-0.238,2.565,2.565
TSLA,2015-06-23,up,3.033,2.52,0.11,0.1,idiosyncratic,False,0,[],,,0.533,"[-1.387, 0.293, 2.149]",1,0,1.99,0.857,1,Hold,False,14.0,-0.934,-0.217,4.614,4.614
TSLA,2015-07-02,up,4.039,2.68,-0.12,0.03,idiosyncratic,False,0,[],,,0.533,"[-1.736, 0.243, 1.939]",1,0,2.65,0.714,1,Hold,False,7.0,-0.107,-8.949,-5.132,-5.132
TSLA,2015-07-07,down,-4.233,-2.56,0.88,0.3,idiosyncratic,False,0,[],,,0.533,"[-2.517, 0.266, 3.192]",0,0,-2.02,0.143,1,Hold,False,,-4.823,-3.259,-0.448,0.448
TSLA,2015-07-08,down,-4.823,-2.57,-2.33,-2.13,market-wide,False,0,[],market-wide move,SPY/QQQ same-day z,0.583,"[-2.631, 0.456, 4.197]",0,0,-1.98,0.857,1,Hold,False,,1.161,2.824,7.727,-7.727
TSLA,2015-08-06,down,-8.885,-3.77,-1.34,-1.96,earnings,False,0,[],earnings report,earnings calendar,0.6,"[-2.619, 0.504, 3.425]",0,0,-3.98,0.0,1,Hold,False,,-1.471,-3.559,3.6,-3.6
TSLA,2015-08-27,up,8.072,2.53,1.58,1.33,idiosyncratic,False,0,[],,,0.417,"[-5.164, -0.541, 2.72]",0,0,2.8,0.429,0,Hold,False,,2.259,-1.794,2.132,2.132
TSLA,2015-10-20,down,-6.607,-3.23,-0.12,-0.45,idiosyncratic,False,0,[],,,0.55,"[-2.681, 0.102, 2.945]",0,0,-3.06,0.143,0,Hold,False,,-1.38,-1.85,-0.657,0.657
TSLA,2015-11-04,up,11.174,4.48,-0.43,0.01,earnings,False,0,[],earnings report,earnings calendar,0.467,"[-4.206, -0.249, 3.573]",0,0,3.76,0.571,1,Hold,False,,0.06,-2.72,-10.551,-10.551
TSLA,2015-12-16,up,6.07,2.98,1.58,1.39,idiosyncratic,False,0,[],,,0.483,"[-3.436, -0.189, 2.137]",0,0,2.88,0.714,1,Hold,False,7.0,-0.478,-0.832,-2.371,-2.371
TSLA,2016-01-04,down,-6.916,-3.4,-1.23,-1.66,idiosyncratic,False,0,[],,,0.6,"[-2.917, 0.514, 3.549]",0,0,-2.95,0.0,1,Hold,False,,0.009,-3.473,-10.34,10.34
TSLA,2016-02-02,down,-7.19,-3.01,-1.26,-1.2,idiosyncratic,False,0,[],,,0.433,"[-3.838, -0.236, 3.597]",1,0,-2.4,0.0,1,Hold,False,,-5.088,-11.041,-17.677,17.677
TSLA,2016-02-05,down,-7.261,-2.78,-1.32,-1.92,idiosyncratic,False,0,[],,,0.45,"[-3.633, -0.367, 3.466]",1,0,-2.49,0.0,-1,Hold,False,,-8.985,-11.642,3.739,-3.739
TSLA,2016-02-08,down,-8.985,-3.05,-0.95,-0.83,idiosyncratic,False,0,[],,,0.483,"[-3.826, -0.177, 3.335]",1,0,-3.15,0.571,-1,Hold,False,,0.176,1.676,12.69,-12.69
TSLA,2016-03-23,down,-4.978,-2.54,-0.89,-0.91,idiosyncratic,False,0,[],,,0.617,"[-1.672, 0.402, 2.631]",0,0,-3.2,0.714,1,Hold,False,,2.323,3.392,10.967,-10.967
TSLA,2016-05-05,down,-4.956,-2.63,-0.03,-0.04,earnings,False,0,[],earnings report,earnings calendar,0.483,"[-2.948, -0.082, 3.526]",1,0,-1.93,0.429,1,Hold,False,,1.607,-1.343,-1.532,1.532
TSLA,2016-06-07,up,5.284,3.49,0.25,-0.33,idiosyncratic,False,0,[],,,0.433,"[-2.694, -0.279, 2.156]",0,0,2.94,0.714,1,Hold,False,,1.369,-5.832,-6.202,-6.202
TSLA,2016-06-22,down,-10.45,-5.28,-0.32,-0.35,idiosyncratic,False,0,[],,,0.5,"[-2.593, -0.013, 3.163]",0,0,-4.65,0.286,0,Hold,False,,-0.132,0.961,10.088,-10.088
TSLA,2016-09-01,down,-5.302,-5.02,0.01,0.74,idiosyncratic,False,0,[],,,0.467,"[-1.706, -0.114, 1.392]",1,0,-4.29,0.0,1,Hold,False,,-1.489,0.468,-2.351,2.351
TSLA,2016-10-03,up,4.739,3.13,-0.27,-0.15,idiosyncratic,False,0,[],,,0.467,"[-2.102, -0.097, 2.275]",0,0,2.83,0.857,0,Hold,False,,-1.072,-5.943,-5.704,-5.704
TSLA,2017-01-04,up,4.609,2.79,1.16,0.89,idiosyncratic,False,0,[],,,0.433,"[-1.621, -0.1, 2.438]",0,0,2.97,0.286,1,Hold,False,,-0.106,1.89,4.74,4.74
TSLA,2017-02-13,up,4.223,3.14,1.42,1.52,idiosyncratic,False,0,[],,,0.6,"[-1.401, 0.251, 2.857]",1,0,2.39,0.714,1,Hold,False,,0.135,-4.152,-8.77,-8.77
TSLA,2017-02-16,down,-3.864,-2.76,-0.22,-0.08,idiosyncratic,False,0,[],,,0.6,"[-1.255, 0.261, 2.974]",0,0,-2.5,0.143,1,Hold,False,5.0,1.22,1.695,-7.05,7.05
TSLA,2017-02-23,down,-6.406,-3.76,0.19,-1.03,earnings,False,0,[],earnings report,earnings calendar,0.583,"[-1.648, 0.459, 2.827]",0,0,-3.93,0.143,1,Hold,False,1.0,0.395,-2.344,-1.867,1.867
TSLA,2017-04-03,up,7.266,3.76,-0.4,-0.13,idiosyncratic,False,0,[],,,0.567,"[-2.47, 0.285, 3.028]",1,0,3.25,0.0,1,Hold,False,,1.735,0.06,-0.563,-0.563
TSLA,2017-05-04,down,-5.003,-2.6,0.26,0.07,earnings,False,0,[],earnings report,earnings calendar,0.517,"[-3.399, 0.052, 1.997]",0,0,-2.4,0.857,1,Hold,False,2.0,4.363,8.732,6.911,-6.911
TSLA,2017-07-05,down,-7.24,-3.3,0.52,0.96,idiosyncratic,False,0,[],,,0.383,"[-4.098, -0.432, 2.342]",1,0,-2.71,0.429,1,Sell,True,,-5.583,-3.375,0.211,-0.211
TSLA,2017-08-03,up,6.505,2.72,-0.57,-0.75,earnings,False,0,[],earnings report,earnings calendar,0.383,"[-4.465, -0.314, 2.126]",0,0,2.65,0.143,1,Sell,False,,2.829,5.223,4.814,4.814
TSLA,2017-09-11,up,5.909,3.67,1.94,1.41,idiosyncratic,False,0,[],,,0.417,"[-3.506, -0.57, 2.075]",0,0,2.98,0.0,1,Sell,False,,-0.258,3.836,2.81,2.81
TSLA,2017-11-02,down,-6.796,-3.38,0.12,-0.27,earnings,False,0,[],earnings report,earnings calendar,0.583,"[-2.871, 0.682, 3.763]",0,0,-2.89,0.857,1,Hold,False,,2.282,2.269,5.393,-5.393
TSLA,2018-01-08,up,6.264,3.29,0.49,0.63,idiosyncratic,False,0,[],,,0.483,"[-2.466, -0.021, 2.693]",0,0,3.12,0.0,1,Hold,False,,-0.809,0.458,2.426,2.426
TSLA,2018-02-08,down,-8.629,-5.09,-2.97,-3.1,earnings,False,0,[],earnings report,earnings calendar,0.45,"[-2.019, -0.184, 4.267]",1,0,-3.44,0.429,1,Hold,False,,-1.526,2.674,6.199,-6.199
TSLA,2018-03-12,up,5.606,2.94,-0.13,0.49,idiosyncratic,False,0,[],,,0.5,"[-3.571, 0.002, 3.462]",1,0,2.04,0.857,1,Hold,False,11.0,-1.062,-5.762,-8.388,-8.388
TSLA,2018-03-27,down,-8.219,-3.82,-1.4,-2.17,market-wide,False,0,[],market-wide move,SPY/QQQ same-day z,0.483,"[-2.797, -0.018, 3.134]",1,0,-3.54,0.286,1,Hold,False,,-7.665,-9.564,7.207,-7.207
TSLA,2018-03-28,down,-7.665,-2.85,-0.24,-0.71,idiosyncratic,False,0,[],,,0.567,"[-4.334, 0.449, 3.384]",0,0,-2.69,0.714,1,Buy,False,,3.239,3.782,12.367,-12.367
TSLA,2018-06-06,up,9.745,4.89,1.35,0.91,idiosyncratic,False,0,[],"Annual meeting: Musk said 5,000 Model 3/week 'extremely likely' by end of June; shareholders backed Musk as chairman/CEO",CNBC 2018-06-06 (best day since Nov 2015),0.483,"[-2.619, -0.067, 2.398]",0,0,5.01,0.0,1,Hold,False,,-1.067,3.944,12.103,12.103
TSLA,2018-08-02,up,16.188,7.39,1.04,1.47,earnings,False,0,[],earnings report,earnings calendar,0.417,"[-3.546, -0.158, 3.885]",0,0,5.64,0.0,1,Hold,False,,-0.392,8.591,1.965,1.965
TSLA,2018-08-07,up,10.989,2.63,0.72,0.42,idiosyncratic,False,0,[],,,0.5,"[-3.815, 0.049, 4.443]",1,0,3.4,0.714,1,Hold,False,,-2.432,-6.344,-11.624,-11.624
TSLA,2018-09-10,up,8.456,3.06,0.38,0.5,idiosyncratic,False,0,[],,,0.55,"[-5.753, 0.197, 3.434]",1,0,2.3,0.143,1,Hold,False,,-2.123,1.387,4.736,4.736
TSLA,2018-09-28,down,-13.902,-4.33,0.03,-0.03,idiosyncratic,False,0,[],,,0.467,"[-3.479, -0.202, 2.865]",1,0,-5.54,0.429,1,Hold,False,4.0,17.347,11.342,-0.744,0.744
TSLA,2018-10-01,up,17.347,3.91,1.04,0.29,idiosyncratic,False,0,[],"SEC settlement over the 'funding secured' tweet (Sat 29 Sep): Musk stays CEO, steps down as chairman, $20M penalty",CNBC 2018-10-01; CNN Business 2018-10-01; Bloomberg 2018-10-01,0.533,"[-4.906, 0.079, 5.138]",1,0,4.41,0.571,0,Hold,False,,-3.116,-9.292,-17.322,-17.322
TSLA,2018-11-26,up,6.19,2.62,1.41,1.31,idiosyncratic,False,0,[],,,0.517,"[-3.029, 0.106, 2.315]",1,0,2.92,0.286,1,Hold,False,,-0.601,-1.396,4.931,4.931
TSLA,2018-12-24,down,-7.624,-2.73,-1.88,-1.29,idiosyncratic,False,0,[],,,0.45,"[-5.217, -0.372, 3.926]",1,0,-2.03,0.857,1,Hold,False,,10.393,13.027,7.549,-7.549
TSLA,2018-12-26,up,10.393,3.3,3.41,3.16,market-wide,False,0,[],market-wide move,SPY/QQQ same-day z,0.55,"[-6.391, 0.141, 3.723]",1,0,2.6,0.429,1,Hold,False,,-3.054,2.058,2.72,2.72
TSLA,2019-01-18,down,-12.971,-2.96,0.75,0.44,idiosyncratic,False,0,[],,,0.5,"[-5.209, 0.077, 2.434]",0,0,-4.38,0.0,1,Hold,False,,-1.105,-3.557,2.154,-2.154
TSLA,2019-02-27,up,5.667,3.12,-0.07,-0.07,idiosyncratic,False,0,[],,,0.45,"[-2.376, -0.112, 3.134]",0,0,2.69,0.571,1,Hold,False,,1.633,-9.335,-9.722,-9.722
TSLA,2019-03-01,down,-7.844,-3.79,1.23,1.03,idiosyncratic,False,0,[],,,0.617,"[-2.139, 0.274, 2.563]",0,0,-4.43,0.0,1,Hold,False,,-3.199,-6.293,-3.877,3.877
TSLA,2019-04-04,down,-8.235,-3.58,0.36,-0.04,idiosyncratic,False,0,[],,,0.533,"[-2.862, 0.134, 3.281]",0,0,-3.49,0.429,0,Hold,False,,2.681,1.692,-0.523,0.523
TSLA,2019-05-17,down,-7.577,-2.77,-0.76,-0.89,idiosyncratic,False,0,[],,,0.517,"[-3.969, 0.221, 3.92]",0,0,-2.53,0.0,-1,Hold,False,,-2.687,-8.672,-10.032,10.032
TSLA,2019-06-04,up,8.175,3.42,2.43,2.29,market-wide,False,0,[],market-wide move,SPY/QQQ same-day z,0.483,"[-3.601, -0.119, 3.429]",0,0,3.02,0.0,-1,Hold,False,,1.544,5.63,10.491,10.491
TSLA,2019-07-25,down,-13.614,-7.99,-1.08,-1.69,earnings,False,0,[],earnings report,earnings calendar,0.533,"[-1.552, 0.134, 3.009]",0,0,-7.73,0.0,1,Hold,False,,-0.341,5.874,-0.219,0.219
TSLA,2019-09-24,down,-7.47,-4.09,-1.37,-1.65,idiosyncratic,False,0,[],,,0.567,"[-2.439, 0.615, 2.796]",0,0,-3.96,0.714,0,Hold,False,9.0,2.46,8.476,4.399,-4.399
TSLA,2019-10-24,up,17.669,8.52,0.19,0.99,earnings,False,0,[],earnings report,earnings calendar,0.533,"[-2.896, 0.345, 2.702]",1,0,7.93,0.0,1,Hold,False,,9.493,5.519,5.936,5.936
TSLA,2019-12-16,up,6.448,3.27,1.41,1.7,idiosyncratic,False,0,[],,,0.533,"[-2.728, 0.169, 2.381]",1,0,3.15,0.0,1,Hold,False,14.0,-0.658,5.908,12.959,12.959
TSLA,2020-01-13,up,9.769,4.1,1.55,1.98,idiosyncratic,False,0,[],Oppenheimer raised target to $612 from $385 (Street high); shares crossed $500 for the first time,CNBC 2020-01-13; Bloomberg 2020-01-13; S&P Global MI 2020-01-13,0.55,"[-3.412, 0.562, 3.283]",1,0,3.52,0.286,1,Buy,True,,2.488,-2.166,9.02,9.02
TSLA,2020-01-30,up,10.296,3.25,0.51,0.42,earnings,False,0,[],earnings report,earnings calendar,0.533,"[-2.286, 0.364, 4.231]",1,0,3.91,0.0,1,Hold,False,0.0,1.523,38.428,20.36,20.36
TSLA,2020-02-03,up,19.895,5.43,1.01,1.73,idiosyncratic,False,0,[],Argus raised target to $808 from $556; Panasonic reported first quarterly profit at the Tesla battery JV,CNBC 2020-02-03; Forbes 2020-02-03,0.567,"[-3.786, 0.547, 4.892]",1,0,5.71,0.286,1,Buy,True,,13.726,-3.979,-1.629,-1.629
TSLA,2020-02-04,up,13.726,2.57,2.07,2.55,market-wide,False,0,[],market-wide move,SPY/QQQ same-day z,0.5,"[-4.185, 0.097, 6.47]",1,0,3.28,0.857,1,Hold,False,0.0,-17.176,-15.669,-9.364,-9.364
TSLA,2020-02-05,down,-17.176,-2.96,1.44,0.33,idiosyncratic,False,0,[],,,0.567,"[-4.404, 0.798, 7.74]",0,0,-3.79,0.0,1,Buy,False,,1.941,4.979,8.892,-8.892
TSLA,2020-03-09,down,-13.573,-2.63,-3.57,-2.86,market-wide,False,0,[],market-wide move,SPY/QQQ same-day z,0.5,"[-4.627, -0.216, 5.818]",0,0,-3.28,0.0,1,Hold,False,,6.14,-7.804,-40.589,40.589
TSLA,2020-03-16,down,-18.578,-2.93,-2.59,-2.84,market-wide,False,0,[],market-wide move,SPY/QQQ same-day z,0.583,"[-7.285, 0.51, 9.095]",0,0,-2.99,0.143,1,Hold,False,11.0,-3.341,-3.916,21.161,-21.161
TSLA,2020-03-19,up,18.388,2.59,0.04,0.11,idiosyncratic,False,0,[],,,0.5,"[-10.349, -0.034, 9.98]",1,0,2.32,0.0,1,Hold,False,,-0.026,18.09,17.419,17.419
TSLA,2020-06-08,up,7.256,2.95,0.94,0.71,idiosyncratic,False,0,[],,,0.45,"[-3.214, -0.331, 2.531]",0,0,3.38,0.143,1,Hold,False,2.0,-0.974,2.413,4.408,4.408
TSLA,2020-06-10,up,8.97,3.33,-0.43,1.12,idiosyncratic,False,0,[],,,0.45,"[-3.235, -0.443, 3.715]",0,0,3.47,0.857,1,Hold,False,0.0,-5.093,-3.332,-2.356,-2.356
TSLA,2020-07-06,up,13.479,3.27,0.84,1.51,idiosyncratic,False,0,[],,,0.483,"[-2.735, -0.046, 5.228]",0,0,4.35,0.0,1,Buy,True,,1.333,1.655,12.717,12.717
TSLA,2020-08-12,up,13.124,3.22,2.15,1.88,market-wide,False,0,[],market-wide move,SPY/QQQ same-day z,0.517,"[-3.82, 0.153, 4.761]",1,0,3.87,0.0,1,Hold,False,4.0,4.26,18.066,31.852,31.852
TSLA,2020-08-31,up,12.569,2.93,-0.74,0.77,idiosyncratic,False,0,[],,,0.567,"[-5.289, 0.516, 6.496]",1,0,2.62,0.429,1,Buy,True,,-4.67,-18.326,-25.482,-25.482
TSLA,2020-09-08,down,-21.063,-3.62,-2.65,-2.98,market-wide,False,0,[],market-wide move,SPY/QQQ same-day z,0.533,"[-3.78, 0.313, 3.849]",0,0,-7.18,0.429,1,Hold,False,,10.923,12.874,28.231,-28.231
TSLA,2020-11-17,up,8.214,3.12,-0.4,-0.17,idiosyncratic,False,0,[],,,0.5,"[-3.2, 0.165, 3.784]",1,0,2.95,0.0,1,Hold,False,2.0,10.197,10.869,32.642,32.642
TSLA,2020-11-18,up,10.197,3.21,-0.89,-0.39,idiosyncratic,False,0,[],,,0.417,"[-2.083, -0.287, 3.731]",0,0,4.62,0.0,1,Hold,False,1.0,2.595,7.235,16.637,16.637
TSLA,2021-02-22,down,-8.55,-3.12,-0.81,-2.29,market-wide,False,0,[],market-wide move,SPY/QQQ same-day z,0.433,"[-3.338, -0.236, 4.188]",1,0,-2.83,0.286,1,Hold,False,,-2.192,-4.518,-8.579,8.579
TSLA,2021-03-09,up,19.641,5.06,1.35,2.5,market-wide,False,0,[],Tech rebound day (Nasdaq +3.7% after entering correction) plus reports of improved China demand,CNN Business 2021-03-09,0.483,"[-6.415, -0.127, 5.986]",0,0,4.09,0.0,1,Hold,False,,-0.82,2.991,-3.032,-3.032
TSLA,2021-04-13,up,8.596,2.59,0.42,0.97,idiosyncratic,False,0,[],,,0.467,"[-3.203, -0.132, 2.949]",0,0,3.64,0.714,1,Hold,False,0.0,-3.947,-2.957,-5.592,-5.592
TSLA,2021-07-29,up,4.694,2.67,0.59,0.27,idiosyncratic,False,0,[],,,0.517,"[-1.891, 0.261, 2.839]",1,0,2.4,0.571,1,Hold,False,,1.454,4.782,5.375,5.375
TSLA,2021-08-16,down,-4.323,-2.51,0.38,0.07,idiosyncratic,False,0,[],,,0.533,"[-1.896, 0.132, 2.75]",0,0,-2.46,0.714,1,Hold,False,,-2.982,-1.851,3.648,-3.648
TSLA,2021-09-20,down,-3.86,-2.84,-3.07,-3.14,market-wide,False,0,[],market-wide move,SPY/QQQ same-day z,0.55,"[-1.585, 0.102, 2.149]",0,0,-2.72,0.857,1,Buy,False,,1.261,3.214,7.004,-7.004
TSLA,2021-10-25,up,12.662,9.24,0.61,0.92,idiosyncratic,False,0,[],"Hertz ordered 100,000 Teslas (~$4bn); market value passed $1 trillion",CNBC 2021-10-25; NPR 2021-10-25; Forbes 2021-10-25,0.583,"[-2.254, 0.105, 2.396]",1,0,6.92,0.0,1,Buy,True,,-0.627,5.091,18.442,18.442
TSLA,2021-11-01,up,8.491,2.98,0.26,0.39,idiosyncratic,False,0,[],,,0.6,"[-2.294, 0.506, 5.961]",1,0,2.48,0.714,1,Buy,True,,-3.027,1.764,-11.637,-11.637
TSLA,2021-11-09,down,-11.99,-3.28,-0.74,-1.13,idiosyncratic,False,0,[],,,0.667,"[-2.06, 1.1, 6.139]",0,0,-4.09,0.0,1,Buy,False,,4.343,0.969,7.121,-7.121
TSLA,2022-01-03,up,13.532,3.58,0.57,0.66,idiosyncratic,False,0,[],,,0.433,"[-4.125, -0.298, 3.92]",0,0,4.41,0.714,1,Hold,False,0.0,-4.183,-11.259,-7.798,-7.798
TSLA,2022-01-27,down,-11.554,-2.7,-0.6,-0.77,earnings,False,0,[],earnings report,earnings calendar,0.467,"[-7.03, -0.372, 4.605]",1,0,-2.46,0.857,1,Hold,False,,2.081,12.321,9.437,-9.437
TSLA,2022-04-26,down,-12.184,-3.48,-2.55,-2.26,market-wide,False,0,[],market-wide move,SPY/QQQ same-day z,0.367,"[-5.837, -1.441, 3.735]",1,0,-2.88,0.429,1,Hold,False,,0.581,-0.646,-0.358,0.358
TSLA,2022-07-21,up,9.78,3.59,0.8,0.89,earnings,False,0,[],earnings report,earnings calendar,0.533,"[-3.055, 0.147, 3.896]",1,0,3.55,0.714,1,Buy,True,,0.198,-4.728,9.411,9.411
TSLA,2022-09-29,down,-6.81,-2.71,-1.45,-1.7,idiosyncratic,False,0,[],,,0.6,"[-2.514, 0.443, 3.189]",0,0,-3.26,0.0,1,Buy,False,,-1.104,-6.998,-16.871,16.871
TSLA,2022-10-03,down,-8.615,-2.93,1.76,1.3,idiosyncratic,False,0,[],,,0.533,"[-2.946, 0.385, 2.994]",0,0,-3.88,0.0,1,Buy,False,,2.904,-1.762,-10.38,10.38
TSLA,2022-12-27,down,-11.409,-3.02,-0.3,-0.84,idiosyncratic,False,0,[],,,0.383,"[-7.317, -0.372, 3.209]",1,0,-2.69,0.857,-1,Sell,True,,3.309,12.906,3.63,-3.63
TSLA,2023-01-03,down,-12.242,-2.7,-0.37,-0.48,idiosyncratic,False,0,[],,,0.383,"[-8.831, -0.368, 4.197]",1,0,-2.34,0.857,-1,Sell,True,,5.125,4.588,14.302,-14.302
TSLA,2023-04-20,down,-9.746,-3.71,-0.77,-0.82,earnings,False,0,[],earnings report,earnings calendar,0.433,"[-3.505, -0.318, 2.027]",1,0,-4.37,0.286,0,Hold,False,0.0,1.282,-1.423,-0.712,0.712
TSLA,2023-06-20,up,5.339,2.74,-0.74,-0.13,idiosyncratic,False,0,[],,,0.667,"[-1.237, 0.552, 3.729]",1,0,2.47,0.714,1,Buy,True,,-5.462,-6.504,-6.176,-6.176
TSLA,2023-06-21,down,-5.462,-2.63,-0.72,-1.26,idiosyncratic,False,0,[],,,0.65,"[-2.829, 0.748, 3.883]",0,0,-2.37,0.0,1,Buy,False,,1.985,-7.096,0.89,-0.89
TSLA,2023-07-20,down,-9.737,-3.28,-1.19,-2.49,earnings,False,0,[],earnings report,earnings calendar,0.533,"[-3.179, 0.1, 3.959]",0,0,-3.53,0.143,1,Hold,False,7.0,-1.095,0.905,1.723,-1.723
TSLA,2023-08-21,up,7.327,3.43,1.06,1.81,idiosyncratic,False,0,[],,,0.483,"[-3.202, -0.289, 3.305]",0,0,3.0,0.429,1,Hold,False,,0.826,-0.536,11.077,11.077
TSLA,2023-08-29,up,7.688,2.92,1.99,2.05,market-wide,False,0,[],market-wide move,SPY/QQQ same-day z,0.433,"[-3.888, -0.287, 4.148]",0,0,2.54,0.714,1,Hold,False,10.0,-0.109,-4.732,-3.375,-3.375
TSLA,2023-09-11,up,10.093,3.03,0.91,1.11,idiosyncratic,False,0,[],,,0.367,"[-4.43, -0.4, 3.35]",0,0,3.46,0.286,1,Hold,False,2.0,-2.23,0.899,-4.017,-4.017
TSLA,2023-10-19,down,-9.3,-3.92,-1.07,-0.91,earnings,False,0,[],earnings report,earnings calendar,0.45,"[-3.533, -0.226, 2.322]",1,0,-3.97,0.0,1,Hold,False,11.0,-3.689,-1.631,-10.336,10.336
TSLA,2023-12-14,up,4.915,2.63,0.74,-0.14,idiosyncratic,False,0,[],,,0.617,"[-1.263, 0.297, 3.107]",1,0,2.71,0.714,1,Buy,True,,0.976,2.458,2.215,2.215
TSLA,2024-01-25,down,-12.125,-7.23,0.96,0.14,earnings,False,0,[],earnings report,earnings calendar,0.483,"[-2.559, -0.102, 2.403]",1,0,-6.21,0.143,-1,Hold,False,,0.339,4.906,-0.86,0.86
TSLA,2024-03-04,down,-7.156,-2.96,-0.15,-0.35,idiosyncratic,True,4,"['33dd1c04a2bccff64f190649080e45e42d83fbacf693d5b18a1ce770fd8dca5c', '4f94e0ed11246c19c782d63e35ce4ecadbc58da7bf45467390f5ec8730470d92', '2842fd88b6309521fca276c9a70ab394873866228845db425b0a13fc2623e0fc', '65c86be584daa0e23376fe2b0c1cc3ceae8d4d14a73ca826cc8bf1c2e0796ed0']",ticker-tagged archive match; causal attribution unverified,licensed archive metadata (text not redistributed),0.567,"[-1.803, 0.305, 3.23]",0,0,-3.8,0.0,1,Buy,False,,-3.933,-5.044,-9.918,9.918
TSLA,2024-04-24,up,12.061,4.3,-0.06,0.32,earnings,True,4,"['7b4ebf5ea5030226b6f83e56d34dc9dc4f0689810010332de536b44babf5988f', 'd2a752ea46bcc295305c35726969e889169c238b619641512c24447c0fe9ada9', '4cd8515117b54c93187fcdae4f987778892da2388f90affbdffa8855b9c7414b', 'f07a6b2473a309e6fa3530528c53ad8a1c95bd4dcbd48b07a40165b28a7f061a']",earnings-window archive match,earnings calendar; licensed archive metadata (text not redistributed),0.5,"[-3.85, 0.027, 2.978]",1,0,4.52,0.0,-1,Hold,False,3.0,4.965,19.688,11.756,11.756
TSLA,2024-04-29,up,15.307,3.78,0.45,0.36,idiosyncratic,True,6,"['7961616648d3b0afd88189cf6b37267229550f2d89429c4ee7c911231f6de351', '74e13165d6ca01e7105853ce01ffa82433c4ae77a8a13b8577cad13ff2a1195f', '11cd8b8c191ffeba3c3c4021ee381e246e9b88838553dd6e8eef667ac3839792', '54c9a2cb660a7174361b645a6c09689ec65d65a8bd86cc6f954f9c24c5fae1a7', 'aef52ae1fd526ca4e663c68f7d2690f497c9b167263322e433bf1c5fd05e72d4', 'e26c87becac95d652e51573d42679d8b3e10ff5d103f31b49fb6cbfa3abb77f2']",ticker-tagged archive match; causal attribution unverified,licensed archive metadata (text not redistributed),0.467,"[-4.041, -0.306, 3.559]",0,0,5.27,0.714,1,Hold,False,0.0,-5.55,-7.235,-9.961,-9.961
TSLA,2024-07-01,up,6.054,2.7,0.5,0.8,idiosyncratic,True,4,"['00f7ffebb090457ed39890f645f0b48de07fd3d6bca846f23c989eb28e9b154f', '3689a95e64e3b254c1651598daf4cadd54ccb9982025f0339c1e5afd2a3d8488', '00e0e8a14b72a7498403d5aa3e0b379ced437a24e9252ace869bde9dc86ff451', 'e9eb7726efb1635b7091599ef1ec77a73c30264a36dc0c8597f54ae2ccae466f']",ticker-tagged archive match; causal attribution unverified,licensed archive metadata (text not redistributed),0.6,"[-2.821, 0.225, 4.525]",1,0,2.03,0.0,1,Buy,True,,10.197,19.851,14.853,14.853
TSLA,2024-07-02,up,10.197,4.03,1.76,1.45,idiosyncratic,True,6,"['51087bb26ab1f9e502f16dc9a40dd8b1f66c64b7d7bd35f2b9922ab97a46bd9a', 'dd3de6e71517f19f2d5c8fecd40d76a34d594c4e2bd6a9f5de56d566752dabc2', '03f411f90aada06ad2b14a379f3d53e870ed627fd9755763f381c75faf2f5f2c', '3ec3486d6513a07562e0514cdd579762ea3a1b590db262c5abaaf164c1d1f6fd', '860f403915b1bb4bba4561d2033c11b9c64c43c7f8f86ae1790e9d9e2372a382', '13aa33c88e9b1d2da0d29fd863a3b689d501a56f7bf358084a2b08ee4352f775']",ticker-tagged archive match; causal attribution unverified,licensed archive metadata (text not redistributed),0.633,"[-2.805, 0.461, 4.829]",1,0,3.27,0.143,1,Buy,True,,6.542,9.375,7.338,7.338
TSLA,2024-07-11,down,-8.444,-2.63,-2.31,-3.27,market-wide,True,3,"['30841b539f0253d81a2aaa381354f60611bc4386ed55f812cfb2716fab1aa493', 'bd0a10eb26de9171d0ca8cfc581815ee76a6c4f4b54b292d49660590068d92c8', '7c59f9ba883809afda33f2694c4d5727e133cdda7e397131db4f9a353aa9492d']",market-wide move,licensed archive metadata (text not redistributed),0.633,"[-3.857, 1.141, 5.515]",0,0,-2.62,0.714,1,Buy,False,,2.987,6.443,4.348,-4.348
TSLA,2024-07-24,down,-12.335,-3.06,-3.63,-3.33,earnings,True,8,"['8d22439a424cbcff2ea77dced0310874d629be95909d12e2de3531d8c8ed3593', '22a72b86dfef8de79ef102c0a77b172c7a226780eae2de6da3d302076e0991ac', '014a3c9e5504415c20203608df3b2226c7fedd034d17a100af14e363fe496886', '09500c7ca596294efe79c473914e17141798b6f058b041c73fd73ef6c2e284ef', 'a2ead0c80fdb44c1ffcb0ba4b55e00a54d00be1ed317754150438609e71bc38d', '9f67680dce64b586546c4acb728f06ea1e58917d10c114ccd0aa7c82d611f5e7']",earnings-window archive match,earnings calendar; licensed archive metadata (text not redistributed),0.55,"[-4.329, 0.331, 4.971]",0,0,-3.49,0.286,1,Hold,False,,1.972,7.459,-3.852,3.852
TSLA,2024-09-06,down,-8.446,-2.58,-1.77,-1.92,idiosyncratic,True,1,['254d06e049a31df092a1a3bf5117688ba2737afaa91287152e2e2c19ffd98c1b'],ticker-tagged archive match; causal attribution unverified,licensed archive metadata (text not redistributed),0.55,"[-3.404, 0.481, 5.161]",0,0,-2.67,0.714,1,Buy,False,,2.629,8.257,8.134,-8.134
TSLA,2024-10-11,down,-8.783,-3.14,1.0,0.18,idiosyncratic,True,3,"['151586859e5ec1f6587070b19f7921c508a9677b0dccfe27675352c1c2861432', '32f993a30a7dfbcfd00ea2afaf60af6c4ed7d896505d4808aa8bb284693553cf', 'ab887246cc77e6e1ccf729fbf0b5231db7d13ecf580754c6bc99d6ec4d402582']",ticker-tagged archive match; causal attribution unverified,licensed archive metadata (text not redistributed),0.433,"[-3.996, -0.316, 3.76]",1,0,-2.8,0.714,1,Sell,True,,0.624,1.621,0.078,-0.078
TSLA,2024-10-24,up,21.919,8.46,0.37,0.98,earnings,True,5,"['9907f61b7ef37b199096075a1e76bc2b8f10005c0d0460bdf76d57f606554d79', '0a62daf1be65b32190d98b97ebb5afb2a02230cf16727d01a6c62ff0db62278f', 'e2adf4e7eddef93c145cd4b2c6cb3ae99a4c5bd3c31b0b99218365d154e4b6f2', '9527a54e79049c7e3eca154978fc8cdc9b88311004229746450a55f1c20cb997', '713ee3b59175df16d10f0694f8a164555210ac63fe46ec07cb4de89d5a9f6e2a']",earnings-window archive match,earnings calendar; licensed archive metadata (text not redistributed),0.417,"[-4.229, -0.445, 3.462]",0,0,7.45,0.0,1,Hold,False,11.0,3.344,-0.369,-6.772,-6.772
TSLA,2024-11-06,up,14.751,2.67,3.68,2.94,market-wide,True,4,"['63e74eb2a7a36178aa81245e2ce7f53e2deba12e01bcaec291dfd6841aed8898', '977a5a372bd060689319eaa85ea5002ac6f01283cd7cf6a38dafe008a340822e', 'a1a3317a3cada041689f4dedc1e0e563b80be0837c9b18d4fcbc8b68dc1b83c6', '8876daf302d966484e38f1ab129ca8f7c023b78522b44dad21bb9e460473db7b']",market-wide move,licensed archive metadata (text not redistributed),0.533,"[-4.61, 0.268, 5.267]",1,0,3.76,0.0,1,Hold,False,2.0,2.904,21.305,11.157,11.157
TSLA,2024-12-18,down,-8.279,-2.92,-7.6,-4.91,market-wide,True,0,[],market-wide move,SPY/QQQ same-day z,0.7,"[-3.4, 0.898, 5.418]",0,0,-2.67,0.286,1,Buy,False,,-0.9,-2.165,-5.162,5.162
TSLA,2025-02-25,down,-8.39,-2.8,-0.69,-1.13,idiosyncratic,True,1,['7264135de6a655a0ae12fad81509da59c8a34fcfaff086cf0ced2dfc41c9cb7b'],ticker-tagged archive match; causal attribution unverified,licensed archive metadata (text not redistributed),0.417,"[-4.272, -0.638, 2.298]",1,0,-3.02,0.0,1,Hold,False,,-3.963,-3.243,-12.995,12.995
TSLA,2025-03-10,down,-15.426,-4.34,-2.73,-2.92,market-wide,True,2,"['f9b2e505c2fe2581713e72c9cd6839eafc1f4873af36cbfafd4ac512d1bb3125', 'c98076370e52f775a2c877be572fc356ce72698953cf30c8463f8ff120deeef2']",market-wide move,licensed archive metadata (text not redistributed),0.433,"[-6.667, -0.553, 4.331]",1,0,-3.47,0.571,1,Hold,False,,3.795,8.341,6.172,-6.172
TSLA,2025-04-09,up,22.69,4.16,5.44,5.47,market-wide,True,6,"['bc6205e47f2ced38de0fef8285acc8241b14bdc983ad4c77c6bfb178bb13f97e', '0ec3377fa57d660205b787b14cba29088e1b520fb4fd254ff3d82212f893a360', '836d9b365834636201c023d1ea4273c11aa23f08cd2e774802cfef78225b56d7', 'e77ee6b971ee6ecb323538c7544ac01cb9bf948dd04d7ffc7572653ae9b67d71', '7fd7f2b3aac695e3eb86db33774cbb256da7cef013e1f9d9ecb83d95cb951720', 'd6cf8f544251815d1c2861fec071ec1f3690474054f9fbbc06f9ffe317662888']",market-wide move,licensed archive metadata (text not redistributed),0.55,"[-5.958, 0.91, 6.212]",1,0,4.59,0.286,1,Hold,False,,-7.274,-7.292,-16.422,-16.422
TSLA,2025-06-05,down,-14.26,-4.53,-0.49,-0.66,idiosyncratic,True,3,"['2392b4e93c540a1d79434bb091017db868d8e4d4503c49ac4f79e3f8b309b7dd', '8e128f6ab46c13b10d74863d43c503034518945b03e6b36441a686da91c23950', '475e1122623df76f81920d7cd562375e116d95373dfe11fc1d982132c607de50']",ticker-tagged archive match; causal attribution unverified,licensed archive metadata (text not redistributed),0.517,"[-3.675, 0.154, 3.96]",0,0,-4.84,0.714,1,Hold,False,,3.667,14.538,15.606,-15.606
TSLA,2025-07-24,down,-8.197,-2.79,0.08,0.41,earnings,True,1,['3aff00339e53facd2d39b23215032e3977e704bc242f84742343921f26a7ea84'],earnings-window archive match,earnings calendar; licensed archive metadata (text not redistributed),0.533,"[-3.196, 0.152, 3.854]",0,0,-3.04,0.714,1,Hold,False,1.0,3.524,5.208,1.297,-1.297
TSLA,2025-08-22,up,6.217,3.07,2.32,1.78,market-wide,True,0,[],market-wide move,SPY/QQQ same-day z,0.367,"[-3.287, -0.611, 1.836]",0,0,3.42,0.286,0,Sell,False,14.0,1.938,2.821,-1.741,-1.741
TSLA,2025-09-11,up,6.044,2.83,1.56,0.85,idiosyncratic,True,2,"['60399acc9253d3342fbea18ae158314d8e984bf5f1106122f1ccd0bb67008aeb', '00a9663c34971075fad8d10c60f3198c8ce8feece6ba926db004959f2299886a']",ticker-tagged archive match; causal attribution unverified,licensed archive metadata (text not redistributed),0.433,"[-4.198, -0.226, 2.427]",0,0,2.43,0.0,1,Hold,False,1.0,7.356,14.319,17.733,17.733
TSLA,2025-09-12,up,7.356,2.96,-0.06,0.63,idiosyncratic,True,1,['49ff8a46fd56d239e385324cd900cb0526f259f723d002d3ec8af8beac444d39'],ticker-tagged archive match; causal attribution unverified,licensed archive metadata (text not redistributed),0.6,"[-2.323, 0.431, 4.371]",1,0,2.65,0.143,1,Hold,False,0.0,3.561,7.557,7.554,7.554
TSLA,2026-04-15,up,7.619,2.9,0.65,0.95,idiosyncratic,True,2,"['a31a98d34cdcb0f951ecf864f7ecd6a139008e223d395097f9e4f97e2380124d', 'b4676adfc5ce31dc94a579ea8e2c09f39fda95fab5606539672dd7e00d640353']",ticker-tagged archive match; causal attribution unverified,licensed archive metadata (text not redistributed),0.533,"[-2.98, 0.108, 2.68]",1,0,3.4,0.286,0,Hold,False,1.0,-0.778,0.14,-3.993,-3.993
TSLA,2026-06-05,down,-6.56,-2.51,-4.73,-5.27,market-wide,True,2,"['081ab09c983ff38981c219ff9fd491c9f33760ab630237ba246653aab23e0e66', '8e258a842f7c21b7ddc3f05d8c9315b42f41dc2d6acf7035c92ea6446b61487f']",market-wide move,licensed archive metadata (text not redistributed),0.5,"[-3.861, 0.0, 3.094]",0,0,-2.42,0.714,1,Hold,False,,4.591,-2.407,3.494,-3.494
TSLA,2026-06-29,up,8.462,2.84,1.58,1.26,idiosyncratic,True,3,"['e13f125fea348b6c6bb03b57c7a1e5342d338e89093268a630c7c07ec037dca3', 'cd200c4354f9afffd127a21063f04f088a70594ead3aadf66eeb6b596e485565', 'fad5dd2263a57968482478368b44cd2e05b1ff5632db77bee3dabe1a41843a1e']",ticker-tagged archive match; causal attribution unverified,licensed archive metadata (text not redistributed),0.55,"[-3.542, 0.393, 3.665]",1,0,2.87,0.571,1,Hold,False,,2.127,-4.465,-1.284,-1.284
TSLA,2026-07-23,down,-14.524,-4.12,-1.89,-1.36,earnings,True,5,"['40fd19208f20c5025a9550c4e71cda82203f1301cfe3b199fbd7949d2276b89b', '9911b35912df0f034cbfd6f1553864f87b715f192b04b1ea80a4276c53ca072a', '16fdd1bff60bdc7effd1bcd58876e3a3d752cd32b980b99da7da3051bbc78cea', '94acf5bcb749d03dced039d0233e89cebb2d515bbe8d5cc39950880f28814d62', 'fe0ea85527b0329fdad983962c8366b9d0dac9db2449589d731cb0c97261f2c0']",earnings-window archive match,earnings calendar; licensed archive metadata (text not redistributed),0.4,"[-3.561, -0.75, 4.161]",1,0,-4.57,0.0,1,Hold,False,,-2.083,-3.832,0.748,-0.748
